age,comment,course,dam,date,distance,draw,field_size,form,going,horse_name,jockey,lbs,medical,off_time,owner,race_class,race_name,region,rpr,sex,sire,spotlight,stable_tour,stats,trainer,trainer_14_days,trainer_rtf,ts
2,Picked up well en route to being nicely on top at the finish in Windsor event; promising,Goodwood,Snowy Peak,2026-05-22,6f,3,3,1,Good To Soft,Love Is,Finley Marsh,130,[],13:57,Adrian Regan & Fiona Young,2,Soil Association 80th Anniversary Conditions Stakes (GBB Race),GB,93,filly,Sioux Nation,"90,000euros yearling; Sioux Nation half-sister to four winners; picked up well from the back and was nicely on top at the finish in Windsor event (6f, good to firm); promising filly.",[],,Richard Hughes,"{'runs': 26, 'wins': 5, 'percent': 19}",42,85
2,Got on top towards the finish in Ascot contest and looks a plausible Royal Ascot hope,Goodwood,Strait Power,2026-05-22,6f,2,3,1,Good To Soft,Night In Vegas,Charles Bishop,135,[],13:57,Kennet Valley Syndicates Vi,2,Soil Association 80th Anniversary Conditions Stakes (GBB Race),GB,91,colt,Lucky Vega,"60,000gns yearling; Lucky Vega half-brother to five winners; got on top towards the finish in Ascot contest (6f, good) and looks a plausible Royal Ascot hope; respected.",[],,Eve Johnson Houghton,"{'runs': 27, 'wins': 4, 'percent': 15}",48,63
2,AW winner who seems to face a stiffer task back on turf but may progress again,Goodwood,Lady Of Dubai,2026-05-22,6f,1,3,15,Good To Soft,Shadow King,Sean Levey,135,[],13:57,Exors Of The Late Sheikh Mohammed Obaid,2,Soil Association 80th Anniversary Conditions Stakes (GBB Race),GB,62,colt,Dark Angel,"Dark Angel colt; made all at Kempton (6f, AW) to step up on his Newmarket effort (5f); appears to face a stiffer task back on turf but may be capable of further progress.",[],,Richard Hannon,"{'runs': 53, 'wins': 8, 'percent': 15}",68,34
2,"Promising second, from the front, at Newmarket on 1,000 Guineas day; leading contender",Goodwood,Fig Roll,2026-05-22,5f,7,9,2,Good To Soft,Lazurite,Finley Marsh,128,[],14:32,Jastar Capital Limited,4,British Stallion Studs EBF Fillies' Novice Stakes (GBB/IRE Incentive Race),GB,105,filly,Blue Point,"Trainer rode this filly's dam to Listed 2yo success during his riding days; promising half-length second of eight, from the front, in Newmarket event (5f, good to firm) on 1,000 Guineas day; leading contender.",[],,Richard Hughes,"{'runs': 26, 'wins': 5, 'percent': 19}",42,105
2,"£105,000 (breeze-up) 2yo; by Persian Force and descends from a 6f 2yo Group 2 winner",Goodwood,Soul Of Calypso,2026-05-22,5f,9,9,,Good To Soft,Blushrose,Sam James,128,[],14:32,Sayed Hashish & Jamie Piggott,4,British Stallion Studs EBF Fillies' Novice Stakes (GBB/IRE Incentive Race),GB,,filly,Persian Force,"82,000euros yearling, £105,000 (breeze-up) 2yo; Persian Force half-sister to 6f AW winner Jorge Alvares (RPR 97); dam unraced, is granddaughter of 6f 2yo Group 2 scorer; major stable; good credentials.",[],,K R Burke,"{'runs': 42, 'wins': 6, 'percent': 14}",55,
2,Penalty for narrow win at Newmarket is partly offset by Mason Paetel's useful claim,Goodwood,Muhadathat,2026-05-22,5f,1,9,1,Good To Soft,Magic Effort,Mason Paetel,135,[],14:32,Abdulla Al Mansoori,4,British Stallion Studs EBF Fillies' Novice Stakes (GBB/IRE Incentive Race),GB,86,filly,Good Effort,"The offspring of two winners for her owner; prevailed only narrowly at the Newmarket Craven meeting (5f, good) but is open to progress and a penalty is partly offset by Mason Paetel's useful 5lb claim.",[],,Ismail Mohammed,"{'runs': 4, 'wins': 0, 'percent': 0}",50,84
2,"£105,000 (breeze-up) 2yo; by Blue Point out of 5f 2yo scorer; likely type",Goodwood,Magic Florence,2026-05-22,5f,4,9,,Good To Soft,Targa,Jamie Spencer,128,[],14:32,Mubarak Al-Nuaimi,4,British Stallion Studs EBF Fillies' Novice Stakes (GBB/IRE Incentive Race),GB,,filly,Blue Point,"£62,000 yearling, £105,000 (breeze-up) 2yo; Blue Point half-sister to three winners, notably Showtime Mahomes (5f-7f including 2yo/AW; RPR 85); dam 5f AW 2yo scorer (72); likely type.",[],,Archie Watson,"{'runs': 22, 'wins': 2, 'percent': 9}",32,
2,"Beaten favourite in two AW events, nevertheless showing ability; may still do better",Goodwood,Mild Illusion,2026-05-22,5f,2,9,23,Good To Soft,Pershaada,Sean Levey,128,[],14:32,Middleham Park Racing XXIX,4,British Stallion Studs EBF Fillies' Novice Stakes (GBB/IRE Incentive Race),GB,78,filly,Persian Force,"Beaten favourite in a couple of 5f AW contests, nevertheless showing ability, last time second behind the subsequent Marygate (Listed) winner; may still do better and it remains too early to write her off.",[],,Richard Hannon,"{'runs': 53, 'wins': 8, 'percent': 15}",68,
2,"Attractively bred, by Blue Point out of a 6f 2yo winner (on debut) for her owner",Goodwood,Hala Hala Hala,2026-05-22,5f,8,9,,Good To Soft,Fast Track,Rob Hornby,128,[],14:32,Sultan Ali,4,British Stallion Studs EBF Fillies' Novice Stakes (GBB/IRE Incentive Race),GB,,filly,Blue Point,"Attractively bred newcomer, by Blue Point out of a 6f 2yo winner (on debut; later Group placed; RPR 97) for her owner; interesting, especially if the market speaks positively.",[],,Andrew Balding,"{'runs': 70, 'wins': 12, 'percent': 17}",64,
2,"Showed some promise with third of six, best of the newcomers, in Salisbury conditions race",Goodwood,Narak,2026-05-22,5f,3,9,3,Good To Soft,Babzini,Charles Bishop,128,[],14:32,Elb Bloodstock Ltd,4,British Stallion Studs EBF Fillies' Novice Stakes (GBB/IRE Incentive Race),GB,78,filly,St Marks Basilica,"Showed some promise with third of six, best of the newcomers, in Salisbury conditions race (5f, good to firm) won by quite a useful sort (Listed placed since); not difficult to envisage her going well.",[],,Eve Johnson Houghton,"{'runs': 27, 'wins': 4, 'percent': 15}",48,67
2,"42,000euros yearling; Caturra half-sister to three winners; market informative",Goodwood,Rutherford,2026-05-22,5f,6,9,,Good To Soft,Lola,Daniel Muscutt,128,[],14:32,The Ackercolade Syndicate,4,British Stallion Studs EBF Fillies' Novice Stakes (GBB/IRE Incentive Race),GB,,filly,Caturra,"17,000gns foal, 42,000euros yearling; Caturra half-sister to three winners, notably King Cuan (Group-placed 6f/7f 2yo; RPR 112); dam 7f AW/7.5f turf scorer (85); market informative.",[],,Tom Ward,"{'runs': 8, 'wins': 0, 'percent': 0}",38,
2,"18,000euros yearling; Lucky Vega half-sister to two winners; check the betting",Goodwood,Equanimity,2026-05-22,5f,5,9,,Good To Soft,Kentucky Rain,Cieren Fallon,128,[],14:32,LDS Bloodstock Ltd,4,British Stallion Studs EBF Fillies' Novice Stakes (GBB/IRE Incentive Race),GB,,filly,Lucky Vega,"18,000euros yearling; Lucky Vega half-sister to two winners, notably Son Of Corballis (5f 2yo including Listed; RPR 93); dam related to two UAE Oaks winners; check the betting.",[],,Lemos De Souza,"{'runs': 8, 'wins': 2, 'percent': 25}",50,
5,Can set pace; unraced beyond 1m4f on Flat but can't be comfortably dismissed in this field,Goodwood,Matron Of Honour,2026-05-22,2m,4,5,-11/72,Good To Soft,Give It To Me Oj,Tom Queally,136,[],15:07,Omar Jackson,3,Track Radio Handicap (GBBPlus Race),GB,99,gelding,Time Test,"Acts on soft; can make the running; won six (four over hurdles, two on Flat) of seven starts in a golden spell last February-October; soundly beaten over hurdles on latest three outings (in tough races on last two) and unraced beyond 1m4f on Flat, but he can't be comfortably dismissed in this small field.","[{'horse': 'Give It To Me Oj', 'horse_id': 5900733, 'quote': ""He really got things together over hurdles last winter and finished the season well when winning under top weight at Sandown on finals day. As expected, he was well handicapped back on the Flat, winning twice at Epsom over the summer and he might yet go for the November Handicap. He's a big horse who was always going to do better with time, and his quality got him through when winning from the front at Cheltenham on Saturday. He'll be better than that over hurdles, and there's a Grade 3 for four-year-olds at Fairyhouse at the end of November to consider, although the Gerry Feilden at Newbury is more likely. Beyond that, what was the Betfair Hurdle in February is the sort of stiff test he wants and the County Hurdle might suit him at the end of the season. He's a proper horse to run over hurdles. 28-10-25""}]",,Gary & Josh Moore,"{'runs': 21, 'wins': 0, 'percent': 0}",29,81
4,"Raced freely but close, never-nearer 3rd over C&D (good) on return was more improved form",Goodwood,Fallen Lady,2026-05-22,2m,2,5,3-1150,Good To Soft,St Mawes,Sean Levey,124,[],15:07,Julian Reed,3,Track Radio Handicap (GBBPlus Race),GB,101,gelding,Wootton Bassett,"Usually held up; third in a 2yo maiden was his sole run on softer than good; can race freely but showed improved form when upped to 2m for wins at Kempton (AW) and Nottingham (good) in his final two runs last season, and he continued on his upward curve when a close, never-nearer third of seven over C&D (good) three weeks ago; retains potential.",[],,Emma Lavelle,"{'runs': 8, 'wins': 2, 'percent': 25}",50,85
4,Fifth of 12 at Newmarket (1m6f) last time was respectable but settling him was an issue,Goodwood,Ensaya,2026-05-22,2m,3,5,56-111,Good To Soft,Bahadur,Cieren Fallon,135,[],15:07,J William Rowley & S P C Woods,3,Track Radio Handicap (GBBPlus Race),GB,99,colt,Make Believe,"Unraced on softer than good when on turf; made immediate progress when switched to AW in the autumn, completing a hat-trick in a 1m4f novice and 1m4f/1m6f handicaps; perhaps in need of the race (albeit joint-favourite) on reappearance last month and fifth of 12 at Newmarket (1m6f) four weeks later was respectable, but settling him was an issue; suitability for a slog over 2m can therefore be questioned.",[],,S Woods,"{'runs': 7, 'wins': 1, 'percent': 14}",43,63
6,AW has dominated career; best turf ratings on last two outings but still needs better,Goodwood,Isobel Archer,2026-05-22,2m,1,5,638375,Good To Soft,Sax Appeal,Jack Callan,133,[],15:07,Kingsley Park 46 - Ready To Run,3,Track Radio Handicap (GBBPlus Race),GB,99,gelding,Saxon Warrior,"Very busy and he's had his share of wins, including four over 2m in 2025, but that's been mostly on AW which has dominated his career; best turf ratings were on last two outings but his turf form still needs improvement.",[],,Charlie Johnston,"{'runs': 41, 'wins': 6, 'percent': 15}",46,80
5,1st and 2nd in his last two Kempton AW starts; good chance if that form is transferred,Goodwood,Capriolla,2026-05-22,2m,5,5,-20136,Good To Soft,Caprelo,Rob Hornby,128,[],15:07,Collett Lund Morrison & Scott,3,Track Radio Handicap (GBBPlus Race),GB,101,gelding,Ulysses,"Close third on soft at Yarmouth (1m6f) last July was his best turf form; needs better given the improvement he's shown on Kempton AW (2m) in two of his three starts since, but he'd have a good chance if that form is transferred back to turf; won on 2024 reappearance; needs a close look.","[{'horse': 'Caprelo', 'horse_id': 5366273, 'quote': ""He's got the ability and last season he won first time out at Kempton and was second twice, but he's become disappointing. He was favourite last time at Kempton, where he finished fifth, and I'm afraid Ulysses's progeny can be a bit reluctant to put their best feet forward. He runs at Kempton again on Wednesday. 29-05-25""}]",,Hughie Morrison,"{'runs': 5, 'wins': 0, 'percent': 0}",,45
3,Made all at Ascot on handicap/seasonal debut and looks the type to progress further,Goodwood,Vivid Diamond,2026-05-22,1m3f218y,4,10,1-326,Good To Soft,Venetia,Edward Greatrex,116,[],15:42,Cayton Park Stud Limited,3,British Stallion Studs EBF Fillies' Handicap (GBBPlus Race),GB,97,filly,Lope De Vega,"Made all at Ascot (1m2f, good to firm) on handicap/seasonal debut, building on her 2yo efforts, and looks the type to progress further; bred to be suited by this longer distance; upped in class but receives plenty of weight all round; shortlisted.",[],,Ralph Beckett,"{'runs': 42, 'wins': 9, 'percent': 21}",64,67
4,Well treated under a penalty (future mark 1lb higher) and may improve further to boot,Goodwood,Aliyana,2026-05-22,1m3f218y,2,10,1-3161,Good To Soft,Sibling Rivelry,Marco Ghiani,123,[],15:42,The Future,3,British Stallion Studs EBF Fillies' Handicap (GBBPlus Race),GB,93,filly,Lightning Spear,"Unraced on soft/heavy; appeared to have something in hand at Windsor (11.5f) last week on seasonal debut, taking turf record to 2-3 and overall strike-rate to 4-7; back up two grades but looks well treated under a penalty (future mark 1lb higher) and won over C&D last August; may improve further to boot; respected.",[],,David Simcock,"{'runs': 11, 'wins': 1, 'percent': 9}",45,83
4,"Steadily progressive last term, building up a solid record that featured three wins",Goodwood,Troarn,2026-05-22,1m3f218y,7,10,-31241,Good To Soft,Orionis,Cieren Fallon,142,[],15:42,Cheveley Park Stud,3,British Stallion Studs EBF Fillies' Handicap (GBBPlus Race),GB,95,filly,Sea The Stars,"Yet to race on soft/heavy ground; steadily progressive last term, building up a solid record that featured three wins; good third at Newmarket final outing; cheekpieces worn the last twice are now removed; likely to go well.",[],,William Haggas,"{'runs': 50, 'wins': 11, 'percent': 22}",64,78
4,"Held her form well last year for Richard Hughes; sold for 70,000gns since last run",Goodwood,Quintada,2026-05-22,1m3f218y,5,10,-46352,Good To Soft,Quebella,Jamie Spencer,137,[],15:42,Mrs R G Hillen,3,British Stallion Studs EBF Fillies' Handicap (GBBPlus Race),GB,94,filly,Study Of Man,"Trained last year by Richard Hughes, winning on debut then holding her form well, including two creditable efforts at Goodwood; sold for 70,000gns since last run; the betting may help to ascertain expectations on stable/seasonal debut.",[],,Owen Burrows,"{'runs': 12, 'wins': 2, 'percent': 17}",58,86
3,Has form figures of 112 when racing below Listed/Group level,Goodwood,Amona,2026-05-22,1m3f218y,8,10,52-011,Good To Soft,Amora Queen,Jack Callan,127,[],15:42,Jaber Abdullah,3,British Stallion Studs EBF Fillies' Handicap (GBBPlus Race),GB,93,filly,Waldgeist,"Well beaten in the Lingfield Oaks Trial most recently but is somewhat interesting back down in grade, being a filly who has form figures of 112 when racing below Listed/Group level; ran well in Doncaster handicap (1m2f) the final time.","[{'horse': 'Amora Queen', 'horse_id': 7657435, 'quote': ""She's a huge, scopey filly and was probably achieving ahead of her time last year. We bit off more than we could chew in the Fillies' Mile and an Oaks entry is probably ambitious at this stage, but she should stay very well and it wouldn't be a huge surprise if she improved enough over middle distances to be up to having a shot at something like that. The tentative route would be to reappear in a fillies' handicap at Doncaster on Saturday, or the slightly more ambitious route would be the Cheshire Oaks. She showed a good level of ability at two and has always looked like she'll be much better at three, which is quite exciting. She's wintered very well and had a racecourse gallop at the Craven meeting. 21-04-26""}]",,Charlie Johnston,"{'runs': 41, 'wins': 6, 'percent': 15}",46,78
6,Absent since creditable second in last year's November Handicap on stable debut,Goodwood,Miss Minuty,2026-05-22,1m3f218y,3,10,-25149,Good To Soft,Miss Dolly Rocker,Rob Hornby,144,[],15:42,Miss Jennifer Dorey,3,British Stallion Studs EBF Fillies' Handicap (GBBPlus Race),GB,94,mare,Frontiersman,"Five-time winner, including over C&D; absent since creditable second in last year's November Handicap at Doncaster on debut for new yard; hit with another rise in the weights but drops back in class and may remain competitive.",[],,Faye Bramley,"{'runs': 9, 'wins': 0, 'percent': 0}",33,83
5,Three-time AW scorer; below par returned to turf last time; this is harder,Goodwood,Zest,2026-05-22,1m3f218y,1,10,42-623,Good To Soft,Charmaine,Daniel Muscutt,136,[],15:42,Elite Racing Club,3,British Stallion Studs EBF Fillies' Handicap (GBBPlus Race),GB,94,mare,Camelot,Three-time AW scorer; turf form features two good efforts but she's 0-4 in this sphere and was below par at Doncaster most recently; not the percentage call in this warmer contest.,[],,James Fanshawe,"{'runs': 23, 'wins': 3, 'percent': 13}",65,64
6,Consistent AW handicapper; faces difficult task off current mark back on turf,Goodwood,Loveisreckless,2026-05-22,1m3f218y,10,10,333314,Good To Soft,Caramay,Lewis Edmunds,127,[],15:42,John OMulloy,3,British Stallion Studs EBF Fillies' Handicap (GBBPlus Race),GB,91,mare,Lethal Force,"Consistent AW handicapper and a seven-time winner in that sphere; only 1-9 on turf and appears to have a difficult task off current mark, especially in this grade, returned to this sphere.",[],,William Muir & Chris Grassick,"{'runs': 10, 'wins': 1, 'percent': 10}",60,
7,Has a doubt over current form and is the oldest and most exposed contender,Goodwood,Just Like A Woman,2026-05-22,1m3f218y,9,10,68-164,Good To Soft,Typical Woman,Ryan Kavanagh,124,[],15:42,Mascalls Stud,3,British Stallion Studs EBF Fillies' Handicap (GBBPlus Race),GB,91,mare,Nathaniel,"Ended her 2025 campaign with an August win but hasn't been in anything like the same form since returning to action and is the most exposed, as well as the oldest, contender in this field.",[],,Ian Williams,"{'runs': 31, 'wins': 3, 'percent': 10}",35,57
5,"Lightly raced; may do better still; a possible danger, provided she stays new trip",Goodwood,Fine Time,2026-05-22,1m3f218y,6,10,4-21/2,Good To Soft,Time Loop,NON-RUNNER,138,[],15:42,Sheikh Juma Dalmook Al Maktoum,3,British Stallion Studs EBF Fillies' Handicap (GBBPlus Race),GB,91,mare,Lope De Vega,"Stablemate of Orionis; lightly raced 5yo who wasn't disgraced on handicap debut (1m2f; kept to AW) when last seen; showed promise on debut in sole turf attempt and may do better still; possible danger, provided she stays the new trip.",[],,William Haggas,"{'runs': 50, 'wins': 11, 'percent': 22}",64,
5,Creditable third in Chester Group 2 upped to 1m2f last time; unexposed at this trip,Goodwood,Cool Kitten,2026-05-22,1m1f197y,4,9,35-117,Good To Soft,Ice Max,Sam James,132,[],16:17,Exors Of The Late Sheikh Mohammed Obaid,1,Fitzdares Festival Stakes (Listed Race),GB,123,gelding,Dark Angel,"Won the Celebration Mile at Goodwood in 2024; creditable third, faring best of the runners who came off steady pace, in Group 2 at Chester (good) upped to 1m2f last time; unexposed at this distance and enters calculations despite carrying a 3lb penalty for Listed success (1m, soft) last autumn.","[{'horse': 'Ice Max', 'horse_id': 5021313, 'quote': ""A solid horse who finished off last season really well. A free-going type who doesn't always settle, he saw out his last two races well and will hopefully carry on in that vein. He wants soft ground and we'll probably start him off over a mile. 31-03-26""}]",,K R Burke,"{'runs': 42, 'wins': 6, 'percent': 14}",55,75
5,Smart performer whose strong CV features two Royal Ascot wins; major contender,Goodwood,Hard Walnut,2026-05-22,1m1f197y,3,9,-63145,Good To Soft,Haatem,Sean Levey,129,[],16:17,Wathnan Racing,1,Fitzdares Festival Stakes (Listed Race),GB,127,horse,Phoenix Of Spain,"Has form on all types of ground; smart performer whose strong CV includes wins in the Vintage Stakes at Goodwood as a 2yo and two Royal Ascot contests, more recently last year's Wolferton (1m2f Listed); best figures give him a major chance at the weights.","[{'horse': 'Haatem', 'horse_id': 5021365, 'quote': ""He's been a real star for us, winning at Royal Ascot for the last two seasons, so we'll try to get a race into him before heading there again, although I may just do it with a couple of racecourse gallops. The Wolferton will be his target again. He showed he got the trip when winning it last year, so we'll work back from that. He's sound, honest, versatile and very good. 21-04-26""}]",,Richard Hannon,"{'runs': 53, 'wins': 8, 'percent': 15}",68,115
5,Respected on ratings and is a similar type to last year's winner (for same connections),Goodwood,Lady Momoka,2026-05-22,1m1f197y,1,9,34-124,Good To Soft,Boiling Point,Shane Gray,129,[],16:17,Exors Of The Late Sheikh Mohammed Obaid,1,Fitzdares Festival Stakes (Listed Race),GB,130,horse,Too Darn Hot,"Defied top weight in the 2025 Cambridgeshire (1m1f, good to firm) and holds a leading chance provided that smart handicap form is reproduced; hasn't transferred it back to Group level this term but he's respected on ratings and is a similar type to last year's winner of this race (for same connections).","[{'horse': 'Boiling Point', 'horse_id': 5005614, 'quote': ""Won the Cambridgeshire last year with a really solid performance. We stepped him up in trip in the Winter Derby and while I think he gets a mile and a quarter, the track didn't suit. He could go for the Earl of Sefton at Newmarket next. 31-03-26""}, {'horse': 'Boiling Point', 'horse_id': 5005614, 'quote': ""He has always looked a nice colt and I expected him to go well on his debut, which he did when finishing second to Cogitate at Newbury over 7f. That did him a lot of good and we sent him back there over a mile on Friday, when he finished third. We'll have to sit down and see where he goes next. 25-08-23""}]",,K R Burke,"{'runs': 42, 'wins': 6, 'percent': 14}",55,116
6,Ties in with Haatem on 2025 Royal Ascot running; returns from ten-month layoff,Goodwood,Tesoro,2026-05-22,1m1f197y,7,9,-345/2,Good To Soft,Enfjaar,Ray Dawson,129,[],16:17,T & Mrs L Standish & Mrs A Spence,1,Fitzdares Festival Stakes (Listed Race),GB,125,gelding,Lope De Vega,"Unlucky second at Glorious Goodwood in 2024 when bidding for a notable 1m2f handicap double; best effort in a truncated 2025 campaign when fourth to Haatem in Listed grade at Royal Ascot; should be thereabouts, provided he's in top form after ten-month layoff.","[{'horse': 'Enfjaar', 'horse_id': 4607023, 'quote': ""We trained him for the Wolferton last season and he was unlucky not to win. He looks as good as ever and he's likely to start back in the Listed Festival Stakes at Goodwood in May. How he goes there will dictate his early-season programme. If he wasn't to win, he could go back to the Wolferton, but if he won at Goodwood we might be more ambitious. He hasn't been over-raced and is a lovely older horse to have around. 01-04-26""}]",,Roger Varian,"{'runs': 24, 'wins': 5, 'percent': 21}",58,108
4,His most promising runs are not forgotten and it's too soon to give up on him; new trip,Goodwood,Panmolle,2026-05-22,1m1f197y,9,9,704-24,Good To Soft,La Botte,Jamie Spencer,129,[],16:17,Halo Racing N Greenhalgh J Degenhardt,1,Fitzdares Festival Stakes (Listed Race),GB,122,colt,Too Darn Hot,Unlucky second in last year's Britannia at Royal Ascot then caught the eye on reappearance; hasn't exactly lived up to expectations in two starts since but remains of interest assuming this new scenario (steps up from 1m) prompts a positive effect; too soon to give up on him.,[],,Harry Eustace,"{'runs': 13, 'wins': 2, 'percent': 15}",38,95
6,Had the run of the race when 33-1 winner of similar event over C&D last September,Goodwood,Aghareed,2026-05-22,1m1f197y,2,9,5-1828,Good To Soft,Naqeeb,Ryan Sexton,132,[],16:17,N OKeeffe,1,Fitzdares Festival Stakes (Listed Race),GB,121,gelding,Nathaniel,"Performed well twice over C&D last term but had the run of the race when belying his 33-1 odds for neck success at Listed level in September (good to soft) and looks no certainty to defy a 3lb penalty back here, unless things again fall his way.","[{'horse': 'Naqeeb', 'horse_id': 4001911, 'quote': ""We really like him. He was third at Royal Ascot in the Duke of Edinburgh and we were thrilled with him as it showed he has a good race in him, but he just got too far back in the John Smith's Cup at York last time and you've got to put a line through that and move on from it. We'll try to see if we can get him to the 1m2f handicap at Goodwood next Tuesday. We're not discouraged from trying him again over that trip. He's more or less run every two or three weeks of late, so it just depends on what he's telling us. He's a nice horse to have. 23-07-25""}]",,Julie Camacho,"{'runs': 13, 'wins': 0, 'percent': 0}",15,105
5,Retains plenty of ability but has something to find back on home soil,Goodwood,Lady Of Dubai,2026-05-22,1m1f197y,6,9,310/53,Good To Soft,Involvement,David Egan,129,[],16:17,Sultan Ali,1,Fitzdares Festival Stakes (Listed Race),GB,119,gelding,Lope De Vega,"Missed 2025; last two performances, namely success at Meydan (handicap) and third at Longchamp (Listed), show that he retains plenty of ability; however, has something to find back on home soil.",[],,Simon & Ed Crisford,"{'runs': 18, 'wins': 0, 'percent': 0}",28,112
10,Age may be catching up with him; hasn't won a domestic race since 2023,Goodwood,Chelsey Jayne,2026-05-22,1m1f197y,8,9,-34763,Good To Soft,Certain Lad,George Bass,129,[],16:17,C R Hirst,1,Fitzdares Festival Stakes (Listed Race),GB,119,gelding,Clodovil,Multiple winner down the years but 2025 figures suggest age may be catching up with him to some degree; hasn't won a domestic race since 2023 and it's an even longer time since he made a successful seasonal debut.,"[{'horse': 'Certain Lad', 'horse_id': 1996397, 'quote': ""He had a great season last year, winning a Listed race and a Group 3 in France. He had a very small setback after his Group win, which prevented us from having a crack at some of the big ones, but he'll be campaigned at the top level. There's no point running him with penalties in Group 3s this year. We're going to take a punt to see if we can land a big one. He'll go for the Prix d'Harcourt at Longchamp on Sunday, all being well, with a view to then going for the Prix Ganay. He'll have entries in the Prince of Wales's and all those other races, and if one cuts up he's that high-level horse who could pick up the pieces. He seems to be training well and he's our flagbearer, and we hope he can win some more stakes races this year. 02-04-25""}]",,Jack Channon,"{'runs': 23, 'wins': 1, 'percent': 4}",57,110
4,Record of 0-5 since debut win but he's useful and ran creditably in sole C&D attempt,Goodwood,Proserpine,2026-05-22,1m1f197y,5,9,7-4402,Good To Soft,High Stock,Rob Hornby,129,[],16:17,Sheikh Hamed Dalmook Al Maktoum,1,Fitzdares Festival Stakes (Listed Race),GB,119,colt,Dubawi,"Record of 0-5 since debut win (Wood Ditton) but he's useful and ran creditably in sole C&D attempt, namely fourth to Naqeeb in Listed event; could go well with Chester (Group 2) reappearance under his belt.",[],,Andrew Balding,"{'runs': 70, 'wins': 12, 'percent': 17}",64,107
4,Took well to cheekpieces last time and may have more to offer in the retained headgear,Goodwood,Noble Cause,2026-05-22,7f,10,15,17-643,Good To Soft,Philanthropist,George Wood,130,[],16:52,Fred Archer Racing - Atholl Daisy,3,Edward Bulmer Natural Paint Handicap,GB,103,gelding,Sergei Prokofiev,"Took well to first-time cheekpieces at Yarmouth (7f, good to firm) returned to turf with AW reappearance under his belt, taking overall record to 3-13; upped in grade but may have more to offer in the retained headgear; shortlisted.",[],,James Fanshawe,"{'runs': 23, 'wins': 3, 'percent': 13}",65,70
4,May resume progress with AW reappearance under his belt; should take well to Goodwood,Goodwood,Summerseat Mist,2026-05-22,7f,1,15,3-5140,Good To Soft,Kisskodi,Cieren Fallon,126,[],16:52,Mid Atlantic Racing,3,Edward Bulmer Natural Paint Handicap,GB,103,gelding,Kodi Bear,"Unraced on soft/heavy; scored four times on turf last term and may resume his progress with creditable AW reappearance under his belt; combined record of 3-4 at Epsom and Brighton bodes well for this first visit to Goodwood, which is quite similar to those tracks; highly respected.",[],,Harry Eustace,"{'runs': 13, 'wins': 2, 'percent': 15}",38,95
6,Chance partly depends on how well he responds to removal of usual cheekpieces,Goodwood,Ashley Hall,2026-05-22,7f,7,15,00-597,Good To Soft,Oliver Show,Jack Callan,135,"[{'date': '2025-04-02', 'type': 'Wind Surgery'}, {'date': '2023-08-15', 'type': 'Wind Surgery'}]",16:52,Pompey Ventures 2,3,Edward Bulmer Natural Paint Handicap,GB,106,gelding,No Nay Never,Useful on his day but losing run is mounting up and two duck eggs this year leave a question mark over his current form; chance partly depends on how well he responds to the removal of usual cheekpieces.,"[{'horse': 'Oliver Show', 'horse_id': 4607031, 'quote': ""He was meant to come back for the Lincoln but got stuck in Bahrain, where he was completely outpaced over six furlongs in January. He could go to the Guineas meeting if he gets back in time, then maybe go for this month's Spring Cup at Newbury. 02-04-26""}]",,George Boughey,"{'runs': 23, 'wins': 2, 'percent': 9}",39,84
5,Low-mileage 5yo who looks interesting back up in trip; further progress is still possible,Goodwood,Blossom Mills,2026-05-22,7f,13,15,3-6151,Good To Soft,Walsons Law,Charles Bishop,130,[],16:52,Exors Of The Late Lady Cobham,3,Edward Bulmer Natural Paint Handicap,GB,101,gelding,Wootton Bassett,"Low-mileage 5yo who has gained both wins (7f/1m) on good to firm; grabbed third place on line over 6f for an encouraging reappearance effort and looks interesting back up in distance, with further improvement still a possibility.","[{'horse': 'Walsons Law', 'horse_id': 6088048, 'quote': ""He won at Windsor this month but I backed him up a bit quick - the handicapper notched him up 9lb, so I thought I had to run under a penalty. That last run was at Kempton but I don't think he's as good on the all-weather as he is on turf. So we'll give him a bit of time and then we'll find another race for him, maybe back at Windsor. 02-07-25""}]",,Eve Johnson Houghton,"{'runs': 27, 'wins': 4, 'percent': 15}",48,60
8,Latest effort shows he retains full ability aged eight; may remain competitive,Goodwood,Childesplay,2026-05-22,7f,2,15,20-832,Good To Soft,Mister Bluebird,Mason Paetel,130,[],16:52,Dawn Aldham And Wetumpka Racing,3,Edward Bulmer Natural Paint Handicap,GB,101,gelding,Outstrip,"Went close at Musselburgh (7f, good) last time, showing he retains full ability aged eight; dual winner at Goodwood and may remain competitive; gained last three wins on soft ground.",[],,Heather Main,"{'runs': 7, 'wins': 0, 'percent': 0}",57,85
5,Best form at 7f on good/firmer; chance may depend on the actions of the weather,Goodwood,Fanrouge,2026-05-22,7f,3,15,03-044,Good To Soft,Crimson Spirit,Ray Dawson,131,[],16:52,Innovate Racing I,3,Edward Bulmer Natural Paint Handicap,GB,105,gelding,Harry Angel,"Best form at 7f on good/firmer; completed a hat-trick last summer and ran creditably in big field at Newmarket in the first of his two starts this term; chance may depend on the actions of the weather, however.","[{'horse': 'Crimson Spirit', 'horse_id': 4924738, 'quote': ""He ran really well on his reappearance at York. He's a lovely, big, scopey gelding with lots to look forward to as the season progresses. He handles any track, he's versatile and he's a fun horse who should be winning more races. We're looking at Salisbury for him on Sunday. 11-06-25""}]",,Daniel & Claire Kubler,"{'runs': 7, 'wins': 0, 'percent': 0}",71,82
4,Unfavourable draw played a part in him failing to transfer AW form back to turf last time,Goodwood,Real Smart,2026-05-22,7f,8,15,01-163,Good To Soft,Shiplake,David Egan,137,[],16:52,Amo Racing Limited,3,Edward Bulmer Natural Paint Handicap,GB,101,gelding,Lope De Vega,Record of 3-5 on AW includes two stylish wins over 7f at Southwell for new yard; unfavourable draw played a part in him failing to transfer the form back to turf in the Victoria Cup when admittedly taking record in this sphere to 0-6.,[],,Kevin Philippart De Foy,"{'runs': 19, 'wins': 2, 'percent': 11}",58,84
5,Not beaten entirely by 7.5f trip on reappearance but is still seeking first win beyond 6f,Goodwood,Alliseeisnibras,2026-05-22,7f,12,15,0-0390,Good To Soft,Solar Aclaim,Ryan Sexton,134,"[{'date': '2026-03-10', 'type': 'Wind Surgery'}]",16:52,Nick Bradley Racing 26 & Julie Camacho,3,Edward Bulmer Natural Paint Handicap,GB,103,gelding,Aclaim,Didn't seem beaten entirely by the 7.5f trip at Chester on seasonal debut but is still seeking a first success beyond sprint distances; not exactly guaranteed to take advantage of being 1lb below last winning mark.,"[{'horse': 'Solar Aclaim', 'horse_id': 5279949, 'quote': ""He won well at Chester last time. He's useful on soft ground but is very ground dependent. He's in the Stewards' Cup but won't run unless the ground is right for him, so he's the opposite to Indian Run, who won't run if it's too soft. 23-07-25""}]",,Julie Camacho,"{'runs': 13, 'wins': 0, 'percent': 0}",15,88
4,Chance of doubling his tally largely depends on the effects of first-time headgear,Goodwood,Queens Pearl,2026-05-22,7f,11,15,056-74,Good To Soft,Al Arbeed,Sean Levey,135,[],16:52,Ziad A Galadari,3,Edward Bulmer Natural Paint Handicap,GB,100,colt,Night Of Thunder,Has been unable to sustain early progress and is 0-7 since debut success; ran respectably on penultimate start and is on a reduced mark but chance of doubling his tally largely depends on the effects of first-time headgear.,"[{'horse': 'Al Arbeed', 'horse_id': 5845546, 'quote': ""He'd have needed his first race of the season, but I was a bit disappointed with his next at Musselburgh. Perhaps the undulations didn't suit him, and he wasn't drawn all that well, so don't judge him on that because I think he'll make his mark in decent handicaps. I may put some headgear on him next time. 21-04-26""}]",,Richard Hannon,"{'runs': 53, 'wins': 8, 'percent': 15}",68,82
4,Form dipped returned to turf last time; hasn't scored in this sphere since his 2yo days,Goodwood,Dutch Monarch,2026-05-22,7f,6,15,5552-1,Good To Soft,The Dragon King,Rob Hornby,127,"[{'date': '2025-07-23', 'type': 'Wind Surgery'}]",16:52,Middleham Park Racing CXII,3,Edward Bulmer Natural Paint Handicap,GB,101,gelding,Invincible Army,Previously effective on turf but form dipped returned to this sphere last time and he still hasn't scored on grass since his 2yo days; admittedly on a workable mark provided he rebounds.,"[{'horse': 'The Dragon King', 'horse_id': 5764774, 'quote': ""He had a really successful two-year-old season last year, winning three times, including the big sales race at Newmarket on his final run. He grew a little bit over the winter and we're pleased with what we're seeing. 17-04-25""}]",,Clive Cox,"{'runs': 23, 'wins': 5, 'percent': 22}",52,81
4,Pair of duck eggs this term don't tell the whole story; record of 1211 over 7f previously,Goodwood,Cross My Heart,2026-05-22,7f,14,15,00-112,Good To Soft,Morte Point,Lewis Edmunds,135,[],16:52,Muir Racing Partnership - Windsor,3,Edward Bulmer Natural Paint Handicap,GB,102,gelding,Due Diligence,Produced form figures of 1211 once upped to 7f last term; has posted two duck eggs this season but raced further back than usual on reappearance and was unfavourably drawn in the Victoria Cup latest; may prove resurgent.,[],,William Muir & Chris Grassick,"{'runs': 10, 'wins': 1, 'percent': 10}",60,67
6,Returns to his ideal sphere but brings a question mark over current form,Goodwood,Levade,2026-05-22,7f,5,15,79-847,Good To Soft,Lunario,Laura Coughlan,120,[],16:52,Luke Dace,3,Edward Bulmer Natural Paint Handicap,GB,102,gelding,Gregorian,"Returns to his ideal sphere (turf) but brings a question mark over his current form, having trailed home last in both AW outings this year; possibly out of his depth to boot, having never won above Class 4.",[],,Luke Dace,"{'runs': 5, 'wins': 0, 'percent': 0}",20,
4,Still needs to prove her best AW form can be transferred back to turf,Goodwood,Spring Leaf,2026-05-22,7f,4,15,60-561,Good To Soft,Fouette,Daniel Muscutt,136,[],16:52,The Spring Leaf Partnership,3,Edward Bulmer Natural Paint Handicap,GB,96,filly,Acclamation,"Similar type to Shiplake, with still having to prove that best AW form can be transferred back to turf; not exactly solid on 2026 efforts anyway and doesn't look the percentage call in this competitive field.",[],,James Horton,"{'runs': 5, 'wins': 0, 'percent': 0}",,36
6,Three duck eggs since 2024; needs to prove he retains ability; second run for new yard,Goodwood,Whipped,2026-05-22,7f,9,15,0-00/9,Good To Soft,Metal Merchant,Harry Davies,135,[],16:52,Recycled Products Limited,3,Edward Bulmer Natural Paint Handicap,GB,103,gelding,Make Believe,"Showed notable handicap form in 2024 but has posted duck eggs in three runs since that campaign and needs to prove he retains ability; best watched on second run for new yard, unless the market suggests otherwise.","[{'horse': 'Metal Merchant', 'horse_id': 4175410, 'quote': ""He won the Spring Cup at Newbury last year and ran some really creditable races in the top handicaps for the rest of the season. He seems to have come back from his winter break in good shape and he's training really well. We initially thought about the Lincoln, but I think we'll go back to Newbury for the Spring Cup again. He'll campaign in those big mile handicaps. He ran well for a long way in the Royal Hunt Cup at Royal Ascot and all those types of races will be on his agenda. We hope he can pick up one of them. 02-04-25""}]",,Brian Toomey,"{'runs': 2, 'wins': 1, 'percent': 50}",100,88
4,Good spell around this time last year; possibilities if taking well to refitted blinkers,Goodwood,Plus Ca Change,2026-05-22,7f,15,15,93-006,Good To Soft,Rare Change,NON-RUNNER,127,[],16:52,Mrs J Woods And K Lawrence,3,Edward Bulmer Natural Paint Handicap,GB,101,gelding,Mehmas,"Had bad luck in running over C&D during an otherwise successful spell around this time last year; inconsistent since but has possibilities off current mark provided he takes to refitted blinkers (worn once previously, as a 2yo).","[{'horse': 'Rare Change', 'horse_id': 5708625, 'quote': ""We've always held him in high regard and he ran a blinder at Glorious Goodwood when third in a 6f nursery. Oisin Murphy felt he may have ridden him wrong on the day but he competed well in a very good nursery. He was only sixth at Doncaster last Friday, so he's frustrating, but talented, and we're going to have to figure out how to win with him. 18-09-24""}]",,Richard Hughes,"{'runs': 26, 'wins': 5, 'percent': 19}",42,
5,On two-year losing spell but is on a very attractive mark and drops in class,Goodwood,Get Up And Dance,2026-05-22,5f,3,10,463-00,Good To Soft,Seven Questions,Jamie Spencer,133,[],17:27,Mrs Fitri Hay,3,Sustainable Food Trust Handicap,GB,100,gelding,Kodiac,Acts on any ground; on a losing spell that goes back to Group 3 success two years ago but is on a very attractive mark and his Class 2 form this term includes a couple of respectable efforts; this combination of a drop in grade and assistance of Jamie Spencer (up for first time; regular jockey for the owner) may be the time to catch him.,"[{'horse': 'Seven Questions', 'horse_id': 5048131, 'quote': ""He ran an absolute blinder at Chester the other day when fourth behind Roman Dragon - he showed phenomenal speed from the inside gate, which he needed to do, and tanked along beautifully. I'm going to keep him quite busy - I think he's very well handicapped and if he does win a handicap - which I'm sure he will - he could then go on and win one or two quite cosily. He's frighteningly well handicapped and will be dangerous in any race he shows up in. He runs at Goodwood on Friday. 20-05-26""}]",,Robert Cowell,"{'runs': 10, 'wins': 1, 'percent': 10}",40,77
8,Won at Ripon on stable/seasonal debut and remains well treated on peak form,Goodwood,High Spice,2026-05-22,5f,7,10,1-9870,Good To Soft,Dream Composer,Dougie Costello,129,[],17:27,Peter Clarke Racing Partners,3,Sustainable Food Trust Handicap,GB,100,gelding,Dream Ahead,"Regained the winning thread at Ripon (5f, good) on stable/seasonal debut when 5lb lower and rider took off 7lb; this seems a harder task but he remains well treated on peak form and is a dual winner at Goodwood; enters calculations.",[],,Tony Carroll,"{'runs': 44, 'wins': 10, 'percent': 23}",61,89
4,0-7 for current yard but has two pieces of encouraging form this year; possibilities,Goodwood,Denitza,2026-05-22,5f,4,10,7238-6,Good To Soft,Dyonisos,David Egan,130,[],17:27,Mrs Fitri Hay,3,Sustainable Food Trust Handicap,GB,99,gelding,Goken,"Ex-French 4yo who is 0-7 for current yard but has two pieces of encouraging form this year, namely placed efforts at Meydan and Newmarket on good ground (perhaps ideally suited by softer); below par last time but otherwise has possibilities.",[],,Ian Williams,"{'runs': 31, 'wins': 3, 'percent': 10}",35,80
6,Went close at Nottingham last time; again gets weight all round; may remain competitive,Goodwood,Morning Chimes,2026-05-22,5f,8,10,262-58,Good To Soft,Nogos Dream,Finley Marsh,125,[],17:27,R J Rexton,3,Sustainable Food Trust Handicap,GB,100,gelding,Oasis Dream,"Has registered two wins apiece on AW and turf; went close at Nottingham (5f, good) most recently; again receives weight all round and may well remain competitive; has bits of C&D form.","[{'horse': 'Nogos Dream', 'horse_id': 4175313, 'quote': ""Some people don't like him but I love him. If every horse in the yard was second nearly every time they ran you'd be happy. He's a bit quirky and we took all the gear off him for Sandown on Saturday, when he finished fourth after getting no luck in running. But that's Nogo, you have to ride him for luck and we didn't get it. He's ultra-consistent and it's just about finding the key to him. 18-09-24""}]",,Richard Hughes,"{'runs': 26, 'wins': 5, 'percent': 19}",42,82
5,Went close at Beverley on penultimate start; paid for racing freely in cheekpieces latest,Goodwood,Swiss Dream,2026-05-22,5f,2,10,526-00,Good To Soft,Canons House,Billy Garritty,135,[],17:27,M McHale J Munroe M Guy & D Walshe,3,Sustainable Food Trust Handicap,GB,101,gelding,Zoustar,"Did well last term, winning four times; went close at Beverley on penultimate start and paid for racing freely in cheekpieces a few days later; runs without the headgear this time and could go well.",[],,Michael & David Easterby,"{'runs': 31, 'wins': 2, 'percent': 6}",35,86
5,Not disgraced back on turf last time but took his record in this sphere to 0-9,Goodwood,Peace Dreamer,2026-05-22,5f,6,10,521212,Good To Soft,Fidelius,Jack Callan,135,[],17:27,Mrs Susan Hadida,3,Sustainable Food Trust Handicap,GB,98,gelding,Harry Angel,Record of 6-17 on AW includes two wins in a consistent 2026 campaign; not disgraced back on turf last time but finished only fifth of six and took record in this sphere to 0-9; others preferred.,"[{'horse': 'Fidelius', 'horse_id': 5237783, 'quote': ""He's had a wonderful winter - he's been absolutely superb with three wins and three seconds and has kept the flag flying for us. Although he hasn't won on the turf yet, he's had some good placed efforts. At the moment he just needs to bounce back from a run at Bath the other day that didn't really work out for him, but I think he'll be winning again and hopefully on the turf as well. 20-05-26""}]",,Robert Cowell,"{'runs': 10, 'wins': 1, 'percent': 10}",40,57
4,Needs to prove he can transfer AW form back to turf; mark has gone up in tandem,Goodwood,Summer Chorus,2026-05-22,5f,10,10,14313-,Good To Soft,Star Chorus,Rob Hornby,133,[],17:27,Manor Park Racing,3,Sustainable Food Trust Handicap,GB,99,gelding,Mehmas,"Prevailed in reapplied hood at Southwell (6f) last time, taking AW record to 4-13; needs to prove he can transfer the form back to turf; only 1-10 in this sphere and is 7lb higher than last attempt.",[],,Mike Murphy,"{'runs': 7, 'wins': 1, 'percent': 14}",29,75
8,"Weighted to the hilt on reappearance, being still on career-high mark",Goodwood,Go Glamorous,2026-05-22,5f,9,10,-31955,Good To Soft,Glamorous Breeze,Gina Mangan,135,[],17:27,Robert & Nina Bailey,3,Sustainable Food Trust Handicap,GB,98,mare,Cable Bay,"Ended last season in good form on AW; has done most of her winning on turf but looks weighted to the hilt on reappearance, being still on a career-high mark; seems unlikely to improve aged eight.",[],,Christopher Mason,"{'runs': 4, 'wins': 0, 'percent': 0}",25,90
7,"Hindered by wide draw last time, otherwise has a good record over 5f",Goodwood,Evening Time,2026-05-22,5f,1,10,90-017,Good To Soft,Roach Power,J F Egan,129,[],17:27,Mrs A Tait & Jerry Stevens,3,Sustainable Food Trust Handicap,GB,97,gelding,Ribchester,"Very productive in 2025, winning five times; hindered by wide draw at Chester most recently, otherwise has a good record over 5f; just needs to prove he can overcome current mark.","[{'horse': 'Roach Power', 'horse_id': 3638598, 'quote': ""He just needed the race first time out at Doncaster and he's in good form now. He's won over seven furlongs, but he's quick and is just as good at six furlongs. 23-04-24""}]",,Michael Wigham,"{'runs': 3, 'wins': 0, 'percent': 0}",,73
4,Lacks recent match practice and remains on career-high mark,Goodwood,Angel Of The South,2026-05-22,5f,5,10,-61406,Good To Soft,Forager,Pat Cosgrave,129,[],17:27,Killarney Glen,3,Sustainable Food Trust Handicap,GB,98,filly,Showcasing,"Lacks recent match practice, remains on career-high mark and won't have her apparent ideal ground (good to firm) unless the weather lends her a big hand; not the percentage call.",[],,Simon Pearce,"{'runs': 2, 'wins': 0, 'percent': 0}",,88
3,Inexperience evident when third on last month's debut; could have lots more to offer,Haydock,Petticoat,2026-05-22,1m2f42y,4,6,3,Soft,Fashions Fancy,Billy Loughnane,128,[],13:45,Godolphin,3,Newsells Park Stud Fillies' Novice Stakes (GBB/GBBPlus Race),GB,88,filly,Night Of Thunder,"Inexperience evident when 5l third of six at 10-1 behind odds-on stablemate on last month's debut at Kempton (1m3f, AW); from a classy family and could have lots more to offer for her leading yard; key player.",[],,Charlie Appleby,"{'runs': 14, 'wins': 4, 'percent': 29}",71,
3,Well-bred Godolphin newcomer; leading trainer also saddles Kempton third Fashion's Fancy,Haydock,Wild Illusion,2026-05-22,1m2f42y,2,6,,Soft,Tribal Queen,Oisin Murphy,128,[],13:45,Godolphin,3,Newsells Park Stud Fillies' Novice Stakes (GBB/GBBPlus Race),GB,,filly,Frankel,"Third foal; Frankel half-sister to 1m2f/1m4f winner Spirited Style (including Listed); dam 1m/1m2f Group 1 winner; could have a big part to play on debut, especially if strong in the betting; leading trainer also saddles Kempton third Fashion's Fancy.",[],,Charlie Appleby,"{'runs': 14, 'wins': 4, 'percent': 29}",71,
3,Promise on both starts and this Irish Oaks entry might not be far away,Haydock,Copplestone,2026-05-22,1m2f42y,1,6,5-2,Soft,Ladykirk,Silvestre De Sousa,128,[],13:45,P W Harris,3,Newsells Park Stud Fillies' Novice Stakes (GBB/GBBPlus Race),GB,86,filly,Blue Point,"Kept on for promising second on debut at Yarmouth (1m, good to soft) last October and reappeared with 8l fifth of ten in strong novice at Sandown (1m2f, good) four weeks ago; entered in the Irish Oaks; might not be far away.",[],,Jane Chapple-Hyam,"{'runs': 15, 'wins': 1, 'percent': 7}",50,70
3,Stayed on for fourth on 7f AW debut last December; this longer trip should be a firm plus,Haydock,Cascanueces,2026-05-22,1m2f42y,6,6,-4,Soft,Nochebuena,Hector Crouch,128,[],13:45,Miss K Rausing,3,Newsells Park Stud Fillies' Novice Stakes (GBB/GBBPlus Race),GB,81,filly,Study Of Man,"13-2 when staying on for 4l fourth of eight on debut at Kempton (7f, AW) last December; her dam was a 1m/1m2f Group 1 winner in Peru and the step up in trip should be a firm plus for this Study Of Man filly; chance.",[],,Ralph Beckett,"{'runs': 42, 'wins': 9, 'percent': 21}",64,
3,"210,000euros yearling; shaped as though she would improve for debut run; one to consider",Haydock,Quiet Protest,2026-05-22,1m2f42y,3,6,4,Soft,Ceinture dOrion,Daniel Tudhope,128,[],13:45,Georginio Rutter & Jinky Farms,3,Newsells Park Stud Fillies' Novice Stakes (GBB/GBBPlus Race),GB,78,filly,Sea The Stars,"210,000euros yearling with an attractive pedigree; shaped as though she would improve for the run when fourth of seven at 9-2 on last month's debut at Wetherby (1m2f, good to firm) and she's one to consider.",[],,David OMeara,"{'runs': 49, 'wins': 1, 'percent': 2}",29,71
3,In top hands but always behind when 20-1 for last month's debut at Nottingham,Haydock,Majeyda,2026-05-22,1m2f42y,5,6,9,Soft,Shadida,Tom Marquand,128,[],13:45,Sheikh Ahmed Al Maktoum,3,Newsells Park Stud Fillies' Novice Stakes (GBB/GBBPlus Race),GB,57,filly,Palace Pier,"In top hands and her dam was a Listed winner; she's one to watch in the betting on this second start but she was always behind when 20-1 for last month's debut at Nottingham (8.3f, good) and dramatic improvement is needed.",[],,William Haggas,"{'runs': 50, 'wins': 11, 'percent': 22}",64,
2,"450,000gns yearling whose top northern trainer has made another fine start with his 2yos",Haydock,Chiclet,2026-05-22,6f,6,12,,Soft,Minzelle,Clifford Lee,128,[],14:20,Tony Bloom & Ian McAleavy,3,Oakmere Homes Supporting Macmillan EBF Maiden Fillies' Stakes (GBB Race),GB,,filly,Minzaal,"85,000euros foal, 450,000gns yearling; by Minzaal; third foal; closely related to winners Turn On The Jets (5f including 2yo; RPR 112) and Saratoga Special (5f Listed); dam 5f winner (103); represents powerful northern yard that has made another fine start with 2yos; firmly in calculations on debut.",[],,K R Burke,"{'runs': 42, 'wins': 6, 'percent': 14}",55,
2,Chester runner-up; takes on some very interesting newcomers but sets useful form standard,Haydock,Close Quarters,2026-05-22,6f,12,12,26,Soft,Jazz Queen,Oisin Murphy,128,[],14:20,D R Passant,3,Oakmere Homes Supporting Macmillan EBF Maiden Fillies' Stakes (GBB Race),GB,89,filly,Too Darn Hot,"Improved upon last month's debut sixth at Newmarket (5f, good) when going close at Chester (5.5f good) a fortnight ago, shaping as though she would be suited by today's extra yardage; takes on some very interesting newcomers but sets a useful form standard for them to aim at.",[],,Hugo Palmer,"{'runs': 18, 'wins': 3, 'percent': 17}",44,71
2,"400,000gns 2yo breeze-up buy; Newmarket trainer does well with his 2yos here",Haydock,Ein Gedi,2026-05-22,6f,11,12,,Soft,Libertango,Billy Loughnane,128,[],14:20,Vefa Ibrahim Araci,3,Oakmere Homes Supporting Macmillan EBF Maiden Fillies' Stakes (GBB Race),GB,,filly,No Nay Never,"130,000euros yearling, 400,000gns 2yo breeze-ups; first foal; dam unplaced 6f/1m 2yo in US, sister to 7f 2yo Group 3 winner Aktabantay, half-sister to winners Baydar (smart 1m-1m2f) and Reina Madre (French 7f Group 3), out of 1m2f Listed winner; Newmarket trainer is 5-14 (36%) with his 2yos here; this No Nay Never newcomer could play a leading role.",[],,George Boughey,"{'runs': 23, 'wins': 2, 'percent': 9}",39,
2,"£190,000 yearling; makes debut; trainer's last two 2yo runners here have both won",Haydock,Hateya,2026-05-22,6f,1,12,,Soft,Eshaa,Saffie Osborne,128,[],14:20,Shadwell Estate Company Ltd,3,Oakmere Homes Supporting Macmillan EBF Maiden Fillies' Stakes (GBB Race),GB,,filly,Minzaal,"£190,000 yearling; third foal; dam 7f/1m winner (including Swedish Listed), half-sister to two French winners out of 1m winner; has travelled from Lambourn for her debut and trainer's last two 2yo runners here have both won.",[],,Owen Burrows,"{'runs': 12, 'wins': 2, 'percent': 17}",58,
2,Dam 6f winner (including 2yo/Group 2); likely to improve for this debut but could run well,Haydock,Royal Intervention,2026-05-22,6f,3,12,,Soft,Royal Message,Kieran Shoemark,128,[],14:20,Lord Lloyd Webber & W S Farish,3,Oakmere Homes Supporting Macmillan EBF Maiden Fillies' Stakes (GBB Race),GB,,filly,No Nay Never,"Second foal; No Nay Never half-sister to 7f AW winner Champion Again Ole (RPR 86); dam 6f winner (including 2yo/Group 2), from talented family; likely to improve for this debut run but could give good account.",[],,Ed Walker,"{'runs': 36, 'wins': 4, 'percent': 11}",49,
2,Trainer has already unearthed some useful 2yos this year; one to be interested in on debut,Haydock,Nectar De Rose,2026-05-22,6f,7,12,,Soft,Sea Venture,Darragh Keenan,128,[],14:20,Bermuda Racing Limited,3,Oakmere Homes Supporting Macmillan EBF Maiden Fillies' Stakes (GBB Race),GB,,filly,Sea The Stars,"70,000gns yearling (150,000gns vendor 2yo breeze-ups); fifth foal; Sea The Stars sister to winners Layaleena (7f 2yo/1m; RPR 93) and Beccara Rose (1m; 86); well-bred dam once-raced (52); trainer has already unearthed some useful 2yos this season and she's one to be interested in on debut.",[],,George Scott,"{'runs': 17, 'wins': 4, 'percent': 24}",59,
2,"155,000euros yearling with an attractive pedigree; one of two newcomers for the yard",Haydock,Jessie Jane,2026-05-22,6f,4,12,,Soft,Bint Minzaal,Kevin Stott,128,[],14:20,Jaber Abdullah,3,Oakmere Homes Supporting Macmillan EBF Maiden Fillies' Stakes (GBB Race),GB,,filly,Minzaal,"155,000euros yearling; eighth foal; Minzaal half-sister to four winners including Je Zous (1m/9.4f including 2yo/Group 3), I'll Have Another (7f-1m6f including 2yo; RPR 102) and Bucky Larson (7f/1m; 100); dam 10.6f winner (81); one of two newcomers for yard; could go well on debut; check betting.",[],,Kevin Ryan,"{'runs': 34, 'wins': 5, 'percent': 15}",47,
2,"95,000gns yearling; sister to 6f 2yo/1m winner Shout; no surprise to see good run on debut",Haydock,Poppets Promise,2026-05-22,6f,9,12,,Soft,Harlequin Gift,Tom Eaves,128,[],14:20,Harlequin Direct Ltd,3,Oakmere Homes Supporting Macmillan EBF Maiden Fillies' Stakes (GBB Race),GB,,filly,Advertise,"95,000gns yearling; third foal; Advertise sister to 6f 2yo/1m winner Shout (RPR 105), half-sister to 7.3f/1m winner Port Erin (83); dam French 7f/7.5f winner (89), half-sister to 6f Group 2 winner Overdose; one of two debutantes for the stable; no surprise to see a good run; betting may guide.",[],,Kevin Ryan,"{'runs': 34, 'wins': 5, 'percent': 15}",47,
2,Well beaten at 16-1 at Ascot recently and needs to be an entirely different proposition,Haydock,Rosebride,2026-05-22,6f,2,12,0,Soft,Resemblance,Hector Crouch,128,[],14:20,Highclere Tbred Racing & Ballylinch Stud,3,Oakmere Homes Supporting Macmillan EBF Maiden Fillies' Stakes (GBB Race),GB,47,filly,Bayside Boy,"£45,000 yearling who has an attractive pedigree and is open to improvement on this second start; however, she was well beaten at 16-1 at Ascot (5f, good) a fortnight ago and needs to be an entirely different proposition.",[],,Michael Bell,"{'runs': 20, 'wins': 1, 'percent': 5}",50,35
2,Third foal; dam 8.6f AW winner (RPR 70); others newcomers make greater appeal on paper,Haydock,Mac Jetes,2026-05-22,6f,5,12,,Soft,Profitability,William Pyle,128,[],14:20,Peter Onslow & Mr & Mrs Gary Middlebrook,3,Oakmere Homes Supporting Macmillan EBF Maiden Fillies' Stakes (GBB Race),GB,,filly,Profitable,"By Profitable; third foal; dam 8.6f AW winner (RPR 70), half-sister to useful winners Real Force (5f-7.5f including 2yo) and Real Gain (1m-1m2f including 2yo); others newcomers make greater appeal on paper.",[],,Craig Lidster,"{'runs': 10, 'wins': 0, 'percent': 0}",50,
2,Newcomer; Sottsass half-sister to 10.6f AW winner (RPR 56); she may prefer a longer trip,Haydock,Far Fetched,2026-05-22,6f,10,12,,Soft,Aurora Valkyrie,Rowan Scott,128,[],14:20,Lamont Racing,3,Oakmere Homes Supporting Macmillan EBF Maiden Fillies' Stakes (GBB Race),GB,,filly,Sottsass,"18,000euros yearling; third foal; half-sister to 10.6f AW winner Lord Talbot (RPR 56); unraced dam closely related to 1m6f Listed winner Arya Tara, out of 1m2f winner; this Sottsass newcomer may prefer a longer trip.",[],,Katie Scott,"{'runs': 11, 'wins': 0, 'percent': 0}",18,
2,"£15,000 2yo breeze-ups; half-sister to seven winners but she may be best watched on debut",Haydock,Irishstone,2026-05-22,6f,8,12,,Soft,Trust In Far,Connor Planas,128,[],14:20,Simon Boucher,3,Oakmere Homes Supporting Macmillan EBF Maiden Fillies' Stakes (GBB Race),GB,,filly,Blackbeard,"10,000euros yearling, £15,000 2yo breeze-ups; tenth foal; Blackbeard half-sister to seven winners notably Stone Of Destiny (5f-6f; RPR 109), Stone Tornado (1m Listed) and Illusionist (5f-6f including 2yo; 97); she may be best watched on debut.",[],,Gary Hanmer,"{'runs': 6, 'wins': 0, 'percent': 0}",,
5,Listed/Group 3 winner last August; near-miss in Listed race on reappearance; strong claims,Haydock,Secret Romance,2026-05-22,6f,15,17,2-1144,Soft,Rosy Affair,Billy Loughnane,133,[],14:55,Shapoor Mistry,1,British Stallion Studs EBF Cecil Frail Stakes (Listed Race),GB,117,mare,Havana Grey,"Listed winner at Pontefract (6f, good to firm) last August and followed up in Group 3 at Deauville (6f, soft) 13 days later; reappeared with near-miss in Listed race at Newmarket (6f, good to firm) and has strong claims.","[{'horse': 'Rosy Affair', 'horse_id': 5172505, 'quote': ""She performed much better in the second half of last year and we toyed with the idea of the Al Quoz Sprint in Dubai but decided to be patient. It was no surprise when she won a Group 3 in August and she's going to work back from midsummer targets. We'd love to get her to Royal Ascot and I'd imagine she'll start in a Listed race. 02-04-26""}]",,George Boughey,"{'runs': 23, 'wins': 2, 'percent': 9}",39,97
4,Listed/Group 3 winner last summer and she could improve for her recent return at Newmarket,Haydock,Majestic Alexander,2026-05-22,6f,11,17,6-0811,Soft,Sky Majesty,Tom Marquand,133,[],14:55,Tony Bloom & Ian McAleavy,1,British Stallion Studs EBF Cecil Frail Stakes (Listed Race),GB,117,filly,Blue Point,"Listed/Group 3 wins at Naas last summer (6f, yielding/good) then unplaced in two Group 1s; underwhelming on recent return at Newmarket (6f, good to firm; behind two of these) but those who raced more prominently were favoured and she could improve for that run; versatile ground-wise; key player.",[],,William Haggas,"{'runs': 50, 'wins': 11, 'percent': 22}",64,98
4,Some solid form in defeat in Listed races and she could be thereabouts,Haydock,Morning Basma,2026-05-22,6f,12,17,4-3542,Soft,Magic Basma,Tom Eaves,133,[],14:55,Jaber Abdullah,1,British Stallion Studs EBF Cecil Frail Stakes (Listed Race),GB,109,filly,Expert Eye,"0-10 since winning on debut in August 2024 but she ran well in Listed races last August/September (various ground) and did likewise when fourth of nine on reappearance at Newmarket three weeks ago (6f, good to firm; Rosy Affair about 2l ahead in second); could be thereabouts.",[],,Kevin Ryan,"{'runs': 34, 'wins': 5, 'percent': 15}",47,100
3,7f Group 3 win in France last October but she's struggled there on both starts this season,Haydock,Baileys Afterparty,2026-05-22,6f,5,17,00-121,Soft,Half Sovereign,Clifford Lee,129,[],14:55,Lady Bamford,1,British Stallion Studs EBF Cecil Frail Stakes (Listed Race),GB,105,filly,Ten Sovereigns,"5-7 in 2yo season, a campaign that culminated with Group 3 win at Chantilly (7f, very soft); the drop back in trip could be a positive but she's been well beaten on both starts this season, most recently in the French 1,000 Guineas; carries a 5lb penalty and a major turnaround is needed.","[{'horse': 'Half Sovereign', 'horse_id': 7020448, 'quote': ""Fetched a huge price at the sales and we're very grateful to Lady Bamford for sending her back to us. She was always a big, leggy two-year-old and she's gone forward physically and got stronger. She goes to Deauville on April 7 for a French Guineas trial [Prix Imprudence] and will go for the French Guineas if it all goes well. 31-03-26""}]",,K R Burke,"{'runs': 42, 'wins': 6, 'percent': 14}",55,73
4,Listed third at Ayr last September and she's not discounted back on slow ground,Haydock,Dry Your Eyes,2026-05-22,6f,6,17,9-3641,Soft,Rhyme Dust,Hector Crouch,133,[],14:55,P K Gardner,1,British Stallion Studs EBF Cecil Frail Stakes (Listed Race),GB,104,filly,Sergei Prokofiev,"More than just not handling the track was amiss when she was last on her recent return at Newmarket (6f, good to firm); however, this lightly raced 4yo showed improved form when tackling soft ground at Ayr last September, finishing third in that 5.5f Listed race; not discounted back on slow ground.",[],,Ralph Beckett,"{'runs': 42, 'wins': 9, 'percent': 21}",64,102
3,Fourth in Group 2 Lowther last August but tailed off in Ayr Group 3 on soft when last seen,Haydock,Nafaayes,2026-05-22,6f,17,17,-0411,Soft,Dandana,Oisin Murphy,124,[],14:55,Sultan Ali,1,British Stallion Studs EBF Cecil Frail Stakes (Listed Race),GB,94,filly,Blue Point,"Won last summer on first two starts (6f, AW/good) before respectable fourth in the Group 2 Lowther at York (6f, good to firm); however, tailed off in Group 3 Firth of Clyde at Ayr (6f, soft) in September and she has something to prove on the forecast slow ground on this reappearance.",[],,Simon & Ed Crisford,"{'runs': 18, 'wins': 0, 'percent': 0}",28,82
3,2-2; steep rise in grade today but it remains to be seen where her limitations lie,Haydock,Leading Queen,2026-05-22,6f,1,17,1-1,Soft,Lady Youmzain,Kevin Stott,124,[],14:55,Jaber Abdullah,1,British Stallion Studs EBF Cecil Frail Stakes (Listed Race),GB,101,filly,Hello Youmzain,"Impressive at Beverley (5f, soft) last September on sole 2yo start and readily justified odds-on favouritism in four-runner Pontefract novice (6f, good) last month; this is a steep rise in grade but it remains to be seen where her limitations lie; she's one to consider.",[],,Kevin Ryan,"{'runs': 34, 'wins': 5, 'percent': 15}",47,64
3,Progressive 2yo last year; open to further improvement but it's very much necessary today,Haydock,Playfull Spirit,2026-05-22,6f,13,17,-6132,Soft,Coconut Cove,Jack Mitchell,124,[],14:55,Merry Fox Stud Limited,1,British Stallion Studs EBF Cecil Frail Stakes (Listed Race),GB,91,filly,No Nay Never,"Off the mark at the third attempt at Wolverhampton (6f, AW) last October and took another step forward when sixth of 19 in Listed race at Newmarket later that month (6f, good; unraced on softer); with a good trainer and she's open to further improvement, but it's very much necessary today.","[{'horse': 'Coconut Cove', 'horse_id': 7935113, 'quote': ""She's tidy and will probably start off in the Listed Chelmer Fillies' Stakes at Chelmsford over six furlongs. She went close to getting black type last season. If we can secure that this term, it will be deemed a successful year. 01-04-26""}]",,Roger Varian,"{'runs': 24, 'wins': 5, 'percent': 21}",58,68
3,Not beaten far in the Fred Darling on reappearance; each-way chance back on slow ground,Haydock,Liliofthelamplight,2026-05-22,6f,16,17,7-2142,Soft,Figjam,Rowan Scott,124,[],14:55,Lamont Racing,1,British Stallion Studs EBF Cecil Frail Stakes (Listed Race),GB,100,filly,Dandy Man,"Ran four times in last year's 2yo campaign and best form came over 6f on soft/heavy ground, with a Group 3 fourth at Ayr and a Listed second at Doncaster; not beaten far when seventh of 14 at 66-1 on reappearance in the Group 3 Fred Darling at Newbury (7f, good); each-way chance back on slow ground.",[],,Katie Scott,"{'runs': 11, 'wins': 0, 'percent': 0}",18,80
5,Kept on for fifth of 14 in Bath Listed race (5f); the return to 6f can suit; not ruled out,Haydock,Quelle Affaire,2026-05-22,6f,9,17,357-80,Soft,Angel Shared,Daniel Tudhope,133,[],14:55,Beaudesert Racing 1,1,British Stallion Studs EBF Cecil Frail Stakes (Listed Race),GB,98,mare,Harry Angel,"Completed 6f Newmarket handicap hat-trick last summer (good to firm); kept on well for fifth of 14 in Listed race at Bath (5f, good) last month and close third in handicap there (5f, good) latest; has run well on heavy ground here; improvement needed but the return to 6f can suit; not ruled out.",[],,Steph Hollinshead,"{'runs': 15, 'wins': 1, 'percent': 7}",40,63
3,Went close in Group 3 at Newmarket last August but well beaten on both starts this spring,Haydock,Mot Juste,2026-05-22,6f,8,17,80-421,Soft,Princess Petrol,Kieran Shoemark,124,[],14:55,Elb Bloodstock Ltd,1,British Stallion Studs EBF Cecil Frail Stakes (Listed Race),GB,102,filly,St Marks Basilica,"Went close in Group 3 Sweet Solera at Newmarket (7f, good to firm) last August and again ran well when fourth of five in Group 2 at Longchamp (1m, soft) in September; however, well beaten in Group 3/Listed races (7f/6f, good) on her two starts this spring and has to get back on track.","[{'horse': 'Princess Petrol', 'horse_id': 7762472, 'quote': ""She did very well last year and was unlucky not to win the Sweet Solera Stakes at Newmarket. She hasn't progressed a great deal physically, but she's been training well and she was coming with a bit of a run on the toughest part of the track in the Fred Darling until she got knocked sideways. She was a bit gassy but hopefully that run has blown the cobwebs away. We'll probably go for a Listed race next and try to get that all-important stakes win. 22-04-26""}]",,Ed Walker,"{'runs': 36, 'wins': 4, 'percent': 11}",49,66
3,Listed third at Newmarket last October but heavily beaten in Group 3 at Newbury on return,Haydock,Skitter Scatter,2026-05-22,6f,3,17,0-3143,Soft,Splish Splash,Saffie Osborne,124,[],14:55,Anthony Rogers & Mrs Sonia Rogers,1,British Stallion Studs EBF Cecil Frail Stakes (Listed Race),GB,97,filly,Wootton Bassett,"All five starts on good ground; easily made all in C&D maiden last October on third outing and third of 19 in Listed race at Newmarket (6f, good) a fortnight later; she's much better than she showed on her reappearance at Newbury but was heavily beaten; others arrive with more pressing claims.",[],,Eve Johnson Houghton,"{'runs': 27, 'wins': 4, 'percent': 15}",48,84
4,Solid profile in h'caps prior to a blip last time; up against it even if back to her best,Haydock,Mselle,2026-05-22,6f,7,17,73-220,Soft,Lady Roxby,Robert Havlin,133,[],14:55,R N J Partnership,1,British Stallion Studs EBF Cecil Frail Stakes (Listed Race),GB,96,filly,King Of Change,"Steadily progressive in turf handicaps last season and reappeared with encouraging third at Kempton (6f, AW) last month; however, well beaten at Newmarket since and looks up against it today even if back to her best.",[],,Michael Herrington,"{'runs': 11, 'wins': 1, 'percent': 9}",36,59
4,Two-time winner in France but not at the top of her game in Britain this spring,Haydock,Stay In Paris,2026-05-22,6f,14,17,8654-0,Soft,Paris Babe,Andrew Mullen,133,[],14:55,Mrs Emma Palmer,1,British Stallion Studs EBF Cecil Frail Stakes (Listed Race),GB,105,filly,Mehmas,"Two-time winner in France, the latest last November; however, others have stronger form and she hasn't been at the top of her game this spring on her first two runs in Britain.",[],,Archie Watson,"{'runs': 22, 'wins': 2, 'percent': 9}",32,76
6,Exposed 6yo who goes up in grade this afternoon and would be a shock winner,Haydock,Sufoof,2026-05-22,6f,2,17,633029,Soft,Powdering,Dylan Hogan,133,[],14:55,Michael Herrington Racing Club,1,British Stallion Studs EBF Cecil Frail Stakes (Listed Race),GB,92,mare,Ribchester,"Admirable 6yo who has won eight of her 52 starts (including on soft); however, she goes up in grade this afternoon and would be a shock winner.",[],,Michael Herrington,"{'runs': 11, 'wins': 1, 'percent': 9}",36,63
3,Came up short in Listed race and two nurseries towards end of last season; hard to fancy,Haydock,Wizz Up,2026-05-22,6f,4,17,-56515,Soft,Trust Amy,Connor Planas,124,[],14:55,Simon Boucher,1,British Stallion Studs EBF Cecil Frail Stakes (Listed Race),GB,88,filly,Starman,"Won Chester novice (6f, good to soft) last September on fourth run but came up short in Listed race and two nurseries subsequently; hard to fancy.","[{'horse': 'Trust Amy', 'horse_id': 7748965, 'quote': ""A nice, sharp filly with plenty of pace who was bought from the breeze-ups a year ago. She looks good and is very exciting. She's settled down a lot from her two-year-old year. She's not over-big but she's a pocket rocket. She'll go to Chester as her owner Simon Boucher loves it there. We're looking for somewhere at the end of the month to get her started. 08-04-26""}]",,Gary Hanmer,"{'runs': 6, 'wins': 0, 'percent': 0}",,66
3,French AW conditions race winner for Amy Murphy; improvement needed on stable debut,Haydock,Boyne River,2026-05-22,6f,10,17,5-0145,Soft,Thora,NON-RUNNER,124,[],14:55,Mrs R G Hillen,1,British Stallion Studs EBF Cecil Frail Stakes (Listed Race),GB,,filly,Night Of Thunder,"All five starts have been in France; won conditions race at Chantilly (6.5f, AW) last October and signed off for Amy Murphy with fifth of 13 in Listed race there (6.5f. AW) in March; improvement needed on stable debut (remains in same ownership).",[],,Kevin Ryan,"{'runs': 34, 'wins': 5, 'percent': 15}",47,
2,Trainer is enjoying an excellent spring with his 2yos; could play a leading role on debut,Haydock,Swept Away,2026-05-22,6f212y,1,4,,Soft,Pats Cash,Oisin Murphy,133,[],15:30,F E P Racing Limited,3,Oakmere Homes Together For Macmillan EBF Novice Stakes (GBB Race),GB,,colt,Perfect Power,"19,000gns foal, 55,000gns yearling; sixth foal; Perfect Power half-brother to US 5.5f-6.5f winner Philipsburg; dam unraced half-sister to 6f 2yo Group 2 winner Shadn, out of 7f Listed winner; trainer is enjoying an excellent spring with his 2yos and this one could play a leading role on debut.",[],,Hugo Palmer,"{'runs': 18, 'wins': 3, 'percent': 17}",44,
2,Second on last week's debut (5.7f); mixed messages in pedigree regarding this sort of trip,Haydock,Semblance,2026-05-22,6f212y,3,4,2,Soft,Tribal Appearance,Billy Loughnane,133,[],15:30,Commercium,3,Oakmere Homes Together For Macmillan EBF Novice Stakes (GBB Race),GB,60,colt,Sioux Nation,"4-5 favourite when no match for the winner in second of five on last Wednesday's debut at Bath (5.7f, firm); there are mixed messages in his pedigree regarding the suitability of today's step up in trip but he's open to improvement and is entitled to respect.",[],,Dr Richard Newland & Jamie Insole,"{'runs': 21, 'wins': 2, 'percent': 10}",43,
2,Late headway on last week's debut over 5f at Salisbury and the step up to 7f may well suit,Haydock,Black Magic Woman,2026-05-22,6f212y,4,4,4,Soft,The Bookkeeper,Hector Crouch,133,[],15:30,Gallaghers,3,Oakmere Homes Together For Macmillan EBF Novice Stakes (GBB Race),GB,60,colt,Sioux Nation,"10-1 and hampered leaving the stalls when fourth of six, beaten just over 5l, on last Thursday's debut at Salisbury (5f, good); he made some late headway and, with his dam being a 7f 2yo winner, he's open to improvement at this longer trip; interesting, all the more so if well backed.",[],,Richard Hughes,"{'runs': 26, 'wins': 5, 'percent': 19}",42,
2,There's plenty of potential in his pedigree and he could be a contender on debut,Haydock,Caribana,2026-05-22,6f212y,2,4,,Soft,Time For The Moon,Silvestre De Sousa,133,[],15:30,Jaber Abdullah,3,Oakmere Homes Together For Macmillan EBF Novice Stakes (GBB Race),GB,,colt,Sea The Moon,"60,000gns yearling; 11th foal; Sea The Moon brother to 1m4f Australian Group 1 winner Durston, half-brother to four winners including Cubanita (1m-1m4f including 2yo/Group 3) and Aquarium (7f-1m2f; RPR 109); there's plenty of potential in his pedigree and he could be a contender on debut.",[],,Charlie Johnston,"{'runs': 41, 'wins': 6, 'percent': 15}",46,
4,Two 1m2f wins on Lingfield AW this year but he accomplished little in his three turf races,Haydock,Take A Deep Breath,2026-05-22,1m2f42y,13,13,10214-,Soft,Joseph,Billy Loughnane,133,[],16:05,Adnan Bahbahani,5,Oakmere Homes Racing For Macmillan Handicap,GB,83,gelding,Earthlight,"Off the mark in February, at the 16th attempt, and he narrowly justified favouritism last month as well; both of those races were over 1m2f but on Lingfield AW and he's accomplished little in his three turf races, the latest on penultimate start; others therefore look more solid.",[],,John Butler,"{'runs': 19, 'wins': 6, 'percent': 32}",63,35
6,"Pretty reliable; second of 14 at Doncaster (1m2f, good to soft) in March last time",Haydock,Surrey Storm,2026-05-22,1m2f42y,8,13,244256,Soft,Golspie,Paddy Bradley,131,[],16:05,Morris And Allan,5,Oakmere Homes Racing For Macmillan Handicap,GB,83,gelding,Ribchester,"1m2f wins last year at Pontefract (good) in June and Newcastle (AW) in December; pretty reliable and second of 14 at Doncaster (1m2f, good to soft) on return to turf in March showed again that he should be seriously involved.","[{'horse': 'Golspie', 'horse_id': 5017666, 'quote': 'This colt made a winning start to his career when taking a mile maiden at Newbury, when I thought he had a good chance. Last time out I sent him to Newmarket for his handicap debut but the ground was too fast. When he won it was soft and we have learned that he must have plenty of give underfoot to be his best. I think he is on a nice mark (81) when the ground is right. 11-07-23'}]",,Patrick Morris,"{'runs': 8, 'wins': 0, 'percent': 0}",50,63
5,"5 races; first tongue-tie when winning at Kempton (1m, AW) last April by a head; off since",Haydock,Alchemilla,2026-05-22,1m2f42y,10,13,-1463/,Soft,Norflondonforever,Daniel Tudhope,134,"[{'date': '2024-12-15', 'type': 'Wind Surgery'}]",16:05,Mrs Penelope Walshe,5,Oakmere Homes Racing For Macmillan Handicap,GB,,gelding,Exceed And Excel,"Lightly raced 5yo who took a big step forward in first-time tongue-tie when landing a 1m handicap on Kempton AW last April by a head; that win was gained with a late challenge (sole attempt at 1m2f was debut) but he's been absent since, which probably poses the biggest question.",[],,Faye Bramley,"{'runs': 9, 'wins': 0, 'percent': 0}",33,26
4,"Struggled badly in four handicaps last term but reappeared with a closer finish (1m2f, AW)",Haydock,Norway Cross,2026-05-22,1m2f42y,3,13,4-0068,Soft,Blue Wonder,Oisin Murphy,130,[],16:05,Thurloe Thoroughbreds LIV,5,Oakmere Homes Racing For Macmillan Handicap,GB,83,filly,Blue Point,"Unraced on softer than good; struggled badly in her four handicaps last season but reappeared with a closer finish when fourth of ten at Lingfield (1m2f, AW; 16-1) late last month; needs to build on that.","[{'horse': 'Blue Wonder', 'horse_id': 6988874, 'quote': ""She's nice. She's been second twice and wasn't beaten far last time at Haydock behind Previse. She just needs the rub of the green to get her head in front and could go back to Haydock on Friday. 29-05-25""}]",,Hughie Morrison,"{'runs': 5, 'wins': 0, 'percent': 0}",,73
5,"In good form last May-July; player if he can stay 1m2f, which isn't nailed on",Haydock,Aisling Ghear,2026-05-22,1m2f42y,4,13,6-2212,Soft,Bellasio,Oliver Stammers,130,[],16:05,Ng Racing,5,Oakmere Homes Racing For Macmillan Handicap,GB,81,gelding,Belardo,"In good form last May-July, winning at Carlisle (1m, soft) and runner-up on four occasions, including there at 1m1f on soft; never dangerous on reappearance 15 days ago, which also happened at the same juncture last term before a good run next time; player if he can stay 1m2f, which isn't nailed on.","[{'horse': 'Bellasio', 'horse_id': 5327074, 'quote': ""We've always thought he was a talented horse and he's come back in great form after nearly a year off. He won at Carlisle in June and has finished second four times, which is very frustrating, but he's more than capable off his mark. Soft ground is pretty key so he's had a midsummer break in preparation for an autumn campaign running into the all-weather. He's got 10lb in hand if we can get him right on the day. 04-09-25""}]",,Grant Tuer,"{'runs': 12, 'wins': 2, 'percent': 17}",50,68
6,"Won from front at Doncaster (1m2f, soft; 6lb higher today) in October; needs a second look",Haydock,Maydream,2026-05-22,1m2f42y,2,13,-51207,Soft,Lesrico,Ben Ffrench Davis,131,[],16:05,Anthony-Paul Bamford,5,Oakmere Homes Racing For Macmillan Handicap,GB,82,gelding,Steele Tango,"Ninth start when off the mark in game fashion from the front at Doncaster (1m2f, soft; 6lb higher today) in October under Ben Ffrench Davis; out of the handicap when appearing to run well 11 days later (1m2f, good) and he needs a second look on this reappearance.",[],,Lisa Williamson,"{'runs': 3, 'wins': 0, 'percent': 0}",33,67
4,Best turf efforts when placed here but his three AW runs this spring were rather muted,Haydock,Clubora,2026-05-22,1m2f42y,5,13,464-52,Soft,Everyoneknowsadave,Darragh Keenan,134,[],16:05,Tony Hession,5,Oakmere Homes Racing For Macmillan Handicap,GB,84,gelding,Kodiac,"All three wins were on AW, at up to 1m3f; best turf efforts when placed at this track last August/September but his three AW runs this spring were rather muted; has career-low mark but needs to perk up.",[],,Jessica Macey,"{'runs': 8, 'wins': 0, 'percent': 0}",25,
4,The ground was softer than good for his 1m1f/1m2f wins last term; one to consider,Haydock,Akhmatova,2026-05-22,1m2f42y,6,13,9-1451,Soft,Hill O Rue,Tom Eaves,129,[],16:05,Gordon Bulloch & S Hardcastle D Szepler,5,Oakmere Homes Racing For Macmillan Handicap,GB,82,gelding,Ulysses,"Won handicaps last season when always prominent at Carlisle (1m1f, good to soft) in May and Beverley (1m2f, soft) in September; no show when 14-1 for reappearance one month ago, his first race on good to firm, but it's not hard to think he will be a lot more potent today.",[],,Kevin Ryan,"{'runs': 34, 'wins': 5, 'percent': 15}",47,63
6,Reappearance was probably a step back up the ladder; lacks any win for exactly two years,Haydock,Passegiata,2026-05-22,1m2f42y,1,13,8-8094,Soft,Pol Roger,Rhys Elliott,134,[],16:05,J Sagar,5,Oakmere Homes Racing For Macmillan Handicap,GB,87,gelding,Churchill,"Lost his way in the autumn; has a favourable mark as a result and reappearance six weeks ago (without usual cheekpieces, which now return) was probably a step back up the ladder, but there's been no win for exactly two years.","[{'horse': 'Pol Roger', 'horse_id': 4449797, 'quote': ""He went up 4lb to 74 after his last win at Ayr in May but then he's finished second in his last four races and has gone up another 7lb to 81. I'm thinking we need to change something and maybe try him over a bit further - he's been running over 1m2f - as he clearly looks to be in the handicapper's grip over that trip. 28-08-24""}]",,Michael Dods,"{'runs': 39, 'wins': 3, 'percent': 8}",36,80
4,"Reverts to 1m2f and probably okay on the ground, so he's considered each-way",Haydock,Oriental Step,2026-05-22,1m2f42y,9,13,03362-,Soft,Imperial Trooper,Hector Crouch,135,[],16:05,Brian Verinder,5,Oakmere Homes Racing For Macmillan Handicap,GB,85,gelding,Belardo,"Placed on three of five starts this year; wide draw no help at Chester two weeks ago when he had his first crack at 1m4f (tailed off); reverts to 1m2f and probably okay on the ground, so he's considered each-way.",[],,Jennie Candlish,"{'runs': 31, 'wins': 5, 'percent': 16}",45,71
4,Eight-race maiden who's not lived up to initial promise; up from 1m and stamina in family,Haydock,Night Fever,2026-05-22,1m2f42y,12,13,84-878,Soft,Give Me The Night,Kevin Stott,130,[],16:05,Mark Rimell,5,Oakmere Homes Racing For Macmillan Handicap,GB,79,gelding,Earthlight,Eight-race maiden who has not lived up to initial promise; he's now 10lb lower than his opening mark but has not shown enough this term; moves up from 1m and there is stamina in the family.,[],,Mark Rimell,"{'runs': 4, 'wins': 0, 'percent': 0}",25,
4,"Nine-race maiden who ended last term with two poor shows; left Brian Meehan for 15,000gns",Haydock,Vadivina,2026-05-22,1m2f42y,7,13,-09223,Soft,Dragonflame,Rowan Scott,135,[],16:05,Ronald Anthony Ryan,5,Oakmere Homes Racing For Macmillan Handicap,GB,78,gelding,Pinatubo,"Nine-race maiden who ended last term with two poor shows, with blinkers given a go on final outing; subsequently left Brian Meehan for 15,000gns in October; has a piece of 1m2f form, but below form on his only start on softer than good and non-runner for old yard when the ground was testing.",[],,Tony Culhane & Stella Barclay,"{'runs': 6, 'wins': 0, 'percent': 0}",17,60
10,Veteran who is only 2-55 (last win 2022); well handicapped on some 1m6f form last season,Haydock,Maydream,2026-05-22,1m2f42y,11,13,4-6533,Soft,Red Derek,Saffie Osborne,118,[],16:05,Mrs Lisa Williamson,5,Oakmere Homes Racing For Macmillan Handicap,GB,80,gelding,Steele Tango,"10yo who's 2-55, with last win in 2022; well handicapped on some 1m6f form last term and probably needed recent run, but whether he can be competitive at this trip nowadays remains to be seen.",[],,Lisa Williamson,"{'runs': 3, 'wins': 0, 'percent': 0}",33,58
3,Big run is probably on its way after a promising 1m2f fourth at Sandown on handicap debut,Haydock,Rivercat,2026-05-22,1m2f42y,4,12,4-344,Soft,Bnaider,Oisin Murphy,135,[],16:40,Sheikh Ahmed Yousuf Saud Alsabah,5,racingtv.com Handicap,GB,84,gelding,New Bay,"Third at Newbury (1m, soft) last October was his best form as 2yo and there was promise in his never-dangerous but staying-on fourth of six on handicap/seasonal debut at Sandown (1m2f, good; 6-1 from 8-1) four weeks ago; a big run is probably on its way.",[],,Harry Charlton,"{'runs': 17, 'wins': 3, 'percent': 18}",65,80
3,"Up 7lb for this turf debut but there was plenty to like about his Newcastle win (1m2f, AW)",Haydock,Sharqeyih,2026-05-22,1m2f42y,9,12,1-557,Soft,Central Command,Robert Havlin,131,[],16:40,T A Rahman & R Gray,5,racingtv.com Handicap,GB,80,gelding,Space Blues,"Well held in three 7f AW runs late last year but second favourite with the visor enlisted for handicap/seasonal debut at Newcastle (1m2f, AW) three weeks ago, coming from towards rear to win comfortably in the end; up 7lb and makes turf debut but he has to be in serious calculations.",[],,Simon & Ed Crisford,"{'runs': 18, 'wins': 0, 'percent': 0}",28,
3,"Won handicap/seasonal debut at Redcar (1m, good to firm) with a strong finish; up 7lb",Haydock,Gudrid,2026-05-22,1m2f42y,12,12,1-760,Soft,Ephron,Saffie Osborne,127,[],16:40,Middleham Park Racing Lxvi And P Demilow,5,racingtv.com Handicap,GB,82,gelding,Calyx,"11-2 when seen in a very new light for handicap/seasonal debut at Redcar (1m, good to firm) three weeks ago, coming from rear to win a nine-runner race by nearly 2l going away; 7lb higher but there was plenty of encouragement for 1m2f in that performance; one to consider.","[{'horse': 'Ephron', 'horse_id': 8009426, 'quote': ""He won last week at Redcar on his first run in a handicap. He was very immature last year - his owners Middleham Park Racing were very patient with him and they got their rewards last week. His home work had been good but I wasn't that sure he'd be able to cope with the ground that fast, so it was very pleasing that he won. He looks like he'll stay 1m2f and he'd be a lot happier when there's more juice in the ground too, so hopefully there'll be a bit more to come from him. I'm looking forward to him for the rest of the season. 06-05-26""}]",,Gemma Tutty,"{'runs': 13, 'wins': 2, 'percent': 15}",46,76
3,Best effort on debut but this is a new trip for handicap debut; with a powerful yard,Haydock,Let It Be Me,2026-05-22,1m2f42y,5,12,5-95,Soft,Oathbound,Tom Marquand,131,[],16:40,Isa Salman Al Khalifa,5,racingtv.com Handicap,GB,82,colt,Kameko,"Fifth of ten at Newbury (1m, soft) in October on debut but he's not lived up to that promise in his two races since; admittedly 16-1 for last month's Wetherby reappearance (1m, good to firm) behind an odds-on stablemate; this is also a new trip for handicap debut, representing a powerful yard.",[],,William Haggas,"{'runs': 50, 'wins': 11, 'percent': 22}",64,80
3,"Won at Nottingham (1m, good); set a steady pace when trying 1m2f at Goodwood (good; 4th)",Haydock,Luna Mission,2026-05-22,1m2f42y,10,12,41-426,Soft,Kokoluna,Billy Loughnane,131,[],16:40,Jonny Allison,5,racingtv.com Handicap,GB,82,filly,Ulysses,"Big step forward on handicap debut when scoring at Nottingham (1m, good) last month; set a steady pace when trying 1m2f at Goodwood (good) three weeks ago, resulting in a creditable fourth of seven but she clearly needs to build on that.",[],,Eve Johnson Houghton,"{'runs': 27, 'wins': 4, 'percent': 15}",48,54
3,Looked capable of better as 2yo; wind and gelding operations this spring; one to check out,Haydock,Lavande Violet,2026-05-22,1m2f42y,7,12,-3237,Soft,Lavender Gold,Hector Crouch,131,"[{'date': '2026-03-17', 'type': 'Wind Surgery'}]",16:40,All For One Racing Ix & Chris Wright,5,racingtv.com Handicap,GB,78,gelding,Victor Ludorum,"Placed twice in the mud last September (made most on second occasion) before running on but never getting in a serious blow when 13-8 favourite for handicap debut at Wolverhampton (8.6f, AW) in November, still looking capable of better; had wind and gelding operations this spring; one to check out for a yard which had two notable well-backed winners last week.",[],,David Menuisier,"{'runs': 16, 'wins': 2, 'percent': 13}",57,79
3,Minor honours this term and 1m2f now looks in order (backed up by pedigree); place claims,Haydock,Lady Lekki,2026-05-22,1m2f42y,11,12,24-177,Soft,Dalamara,Andrew Mullen,118,[],16:40,Mps Racing Partners Shapiro & Clifford,5,racingtv.com Handicap,GB,82,filly,Ulysses,"Finished well when scoring on handicap debut at Newcastle (1m, AW) in December; ran creditably for minor honours in her two starts this season, over 1m on good and good to firm, after which 1m2f now looks in order (backed up by pedigree); place claims.",[],,Ben Haslam,"{'runs': 21, 'wins': 3, 'percent': 14}",38,73
3,"While not disgraced on handicap/turf debut (1m2f, good to firm), much better is needed",Haydock,Wall Of Sound,2026-05-22,1m2f42y,2,12,43-86,Soft,Rumbustious,Jack Mitchell,127,[],16:40,Chasemore Farm,5,racingtv.com Handicap,GB,79,colt,Dubawi,"Staying-on third of six in maiden at Chelmsford (1m2f, AW) in March was best effort; while not disgraced when fourth of nine on handicap/turf debut at Doncaster (1m2f, good to firm) four weeks ago, much better is needed.",[],,Charlie Johnston,"{'runs': 41, 'wins': 6, 'percent': 15}",46,68
3,"Returned to turf when tailed off at Newmarket (1m2f, good; 40-1) latest; caution advised",Haydock,Mark Of An Angel,2026-05-22,1m2f42y,1,12,76-137,Soft,Impossible Mission,Silvestre De Sousa,134,[],16:40,Adnan Bahbahani,5,racingtv.com Handicap,GB,79,colt,Bated Breath,"Handicap debut winner at Wolverhampton (upped to 9.4f, AW) in November but ran poorly both starts since, returned to turf when tailed off at Newmarket (1m2f, good; 40-1) latest; down in class but caution advised.",[],,John Butler,"{'runs': 19, 'wins': 6, 'percent': 32}",63,28
3,Maybe he needed his stable/seasonal debut (25-1) but others have more pressing claims,Haydock,Mixora,2026-05-22,1m2f42y,3,12,6-7133,Soft,Ibn Altheeb,Kieran Shoemark,130,[],16:40,Lets Be Lucky Racing 39,5,racingtv.com Handicap,GB,79,gelding,Alkumait,"Seven races last year for David Loughnane and sole win in a Wolverhampton nursery (8.6f, AW) in October in first-time cheekpieces, which were kept when never dangerous in his two starts since; latest was stable/seasonal debut (25-1) and maybe he needed that run, but others have more pressing claims.",[],,Iain Jardine,"{'runs': 35, 'wins': 1, 'percent': 3}",29,58
3,Faded when favourite for handicap/seasonal debut and latest run was a good deal worse,Haydock,Time For A Toot,2026-05-22,1m2f42y,6,12,96-021,Soft,Lady Hornblower,Jack Garritty,128,[],16:40,Highbeck Racing 8,5,racingtv.com Handicap,GB,79,filly,Bated Breath,"7.4f Beverley maiden winner (good to firm; acts on soft) from four 2yo starts; faded when favourite for handicap/seasonal debut there in April and her Doncaster 1m run three weeks ago was a good deal worse, so she's best watched for the time being.",[],,Jedd OKeeffe,"{'runs': 8, 'wins': 1, 'percent': 13}",50,74
3,"Remote last of eight at Chester (1m4f, good; 80-1) on British debut 15 days ago",Haydock,Gwendolyn,2026-05-22,1m2f42y,8,12,8-9693,Soft,Carwyn,Paddy Bradley,132,[],16:40,Conor Morris,5,racingtv.com Handicap,GB,81,gelding,Masar,"Showed ability in two of his three maiden races in Ireland but well beaten on handicap debut there (1m) in October and a remote last of eight at Chester (1m4f, good; 80-1) on British debut 15 days ago; cheekpieces (worn for his last two Irish starts) return.",[],,Patrick Morris,"{'runs': 8, 'wins': 0, 'percent': 0}",50,64
3,The first-time hood could help him settle; no ground issues; might be in with a chance,Haydock,My Loves Passion,2026-05-22,7f212y,9,12,58-403,Soft,Sagremor,Oisin Murphy,130,[],17:15,D Menuisier,5,Oakmere Homes Green Ribbon Handicap,GB,73,gelding,Armor,"Six-race maiden who tackles 1m for the first time and could do with settling better, but the first-time hood could help in that regard and he kept on when fifth of 11 at Lingfield (7f, AW) last time; effective on soft/heavy ground last year and he might be in with a chance.",[],,David Menuisier,"{'runs': 16, 'wins': 2, 'percent': 13}",57,
3,Two backward steps since going close on debut; chance if tapping back into initial promise,Haydock,Holy Roman Empress,2026-05-22,7f212y,1,12,432,Soft,Sovereign Bay,Billy Loughnane,135,[],17:15,China Horse Club International Ltd,5,Oakmere Homes Green Ribbon Handicap,GB,74,gelding,New Bay,All three starts over 1m on AW; runner-up on debut at Newcastle in February; two backward steps have followed but he could be a contender if tapping back into his initial promise on this handicap/turf debut.,[],,Dr Richard Newland & Jamie Insole,"{'runs': 21, 'wins': 2, 'percent': 10}",43,
3,Ran okay when fifth of 13 at the Curragh and this Irish raider could be in the shake-up,Haydock,Zadorra,2026-05-22,7f212y,8,12,54-885,Soft,Hambelton,Tom Marquand,130,[],17:15,MRC International,5,Oakmere Homes Green Ribbon Handicap,GB,73,gelding,Ghaiyyath,"0-5 and yet to pose a serious threat but he ran fairly well from the front when fifth of 13 in a handicap at the Curragh (1m, soft) last month; he's travelled from Ireland to race today and could be in the shake-up.",[],,David Marnane,"{'runs': 15, 'wins': 3, 'percent': 20}",73,60
3,Disappointing favourite last time but not ruled out given previous promise; handicap debut,Haydock,Antebellum,2026-05-22,7f212y,6,12,52-3,Soft,Blue Mantle,Jack Mitchell,135,[],17:15,Kingsley Park 42,5,Oakmere Homes Green Ribbon Handicap,GB,72,colt,Iffraaj,"Disappointing favourite in Southwell novice (7f, AW) last month but short-headed in Newcastle maiden (7f, AW) previously; bred to be suited by this step up in trip and he's not ruled out on handicap debut.",[],,Charlie Johnston,"{'runs': 41, 'wins': 6, 'percent': 15}",46,66
3,Beaten a long way on reappearance but may have needed it; went close in his sole nursery,Haydock,Kiss For A Jewel,2026-05-22,7f212y,4,12,9-2552,Soft,Kiss For An Angel,Barry McHugh,132,[],17:15,P D Smith Holdings Ltd,5,Oakmere Homes Green Ribbon Handicap,GB,74,gelding,Dark Angel,"Beaten a long way on reappearance at Doncaster (1m2f, good to firm) four weeks ago and it's hard to be confident on the back of that; however, he may have needed the run and he was a close second of five at Redcar (1m, good) last November in his sole nursery; a case can be made on that form.",[],,Richard & Peter Fahey,"{'runs': 62, 'wins': 8, 'percent': 13}",47,63
3,No threat at Newmarket latest after a break but could have part to play back down in grade,Haydock,Axana,2026-05-22,7f212y,11,12,0-1594,Soft,Senor Campanaro,Kieran Shoemark,130,[],17:15,Laurence Bellman Phil Booth & Woodhurst,5,Oakmere Homes Green Ribbon Handicap,GB,72,gelding,Palace Pier,"Reared at the start and couldn't get into it at Newmarket (7f, good) last month when back from a break; won a four-runner nursery at Newcastle (7f, AW) in December on his first run since being gelded and he drops back in grade today; could have a part to play.","[{'horse': 'Senor Campanaro', 'horse_id': 7947756, 'quote': ""He eventually broke his maiden in a nursery at Newcastle in December and has done well from two to three. The Rowley Mile course didn't suit him on his return and he'll be better on a more conventional track. He'll stay a bit further and should progress. 22-04-26""}]",,Ed Walker,"{'runs': 36, 'wins': 4, 'percent': 11}",49,72
3,Won nicely at Wolverhampton in March; soundly beaten in midfield at Kempton on Wednesday,Haydock,Atlantic Edge,2026-05-22,7f212y,10,12,71464-,Soft,Quick Turn,Hector Crouch,126,[],17:15,Hankers And Maccas,5,Oakmere Homes Green Ribbon Handicap,GB,74,gelding,Profitable,"Off the mark at the seventh attempt with an improved performance at Wolverhampton (8.6f, AW) in March; did it nicely on that occasion but he was soundly beaten in mid-division at Kempton (1m, AW) on Wednesday.",[],,Ian Williams,"{'runs': 31, 'wins': 3, 'percent': 10}",35,43
3,Hasn't shone this spring but the drop back in trip and return to slower ground may help,Haydock,Approachable,2026-05-22,7f212y,12,12,65-234,Soft,Alkumatic Jo Jo,Silvestre De Sousa,132,[],17:15,W P Flynn & Friend,5,Oakmere Homes Green Ribbon Handicap,GB,76,filly,Alkumait,"Promising third at Bath (1m, soft) last October on second start and runner-up in Newcastle nursery (7f, AW) next time; she hasn't shone on her two runs this spring (1m/1m2f, good/good to firm) but the drop back in trip and return to slower ground may help.",[],,Ivan Furtado,"{'runs': 22, 'wins': 2, 'percent': 9}",36,54
3,Six-race maiden who is starting to look exposed; can be headstrong and goes up in trip,Haydock,Alexandrite,2026-05-22,7f212y,3,12,4-4254,Soft,Yorkshire Queen,Oliver Stammers,133,[],17:15,Nick Bradley Racing 19 And Partner,5,Oakmere Homes Green Ribbon Handicap,GB,73,filly,Inns Of Court,"She ran okay when fourth of 11 behind a comfortable winner at Southwell (7f, AW) a fortnight ago on reappearance; however, this six-race maiden is starting to look exposed and she can be headstrong, which is a concern on this first crack at 1m.","[{'horse': 'Yorkshire Queen', 'horse_id': 7493137, 'quote': ""She made a good start last week. I felt she was the best horse in the race despite not winning. We may pull her back to 6f next time, but equally she's all right over seven as long as it's not too stiff. We're going to try to win a maiden and then go to the restricted series final at Goodwood, which we won last year with Love Talk. She's a nice filly who will be better again next year. 04-09-25""}]",,Grant Tuer,"{'runs': 12, 'wins': 2, 'percent': 17}",50,48
3,200-1 fourth at Kempton last month and he's one to consider on this handicap debut,Haydock,Bradley Hall,2026-05-22,7f212y,7,12,436,Soft,Claytons Kolatonic,Saffie Osborne,128,[],17:15,N J Clayton,5,Oakmere Homes Green Ribbon Handicap,GB,72,gelding,Tasleet,"Made debut in February and his three starts have been on AW; improved form when fourth of 13 at 200-1 over 1m at Kempton last month, behind three useful opponents; one to consider on handicap debut.",[],,Dominic Ffrench Davis,"{'runs': 6, 'wins': 0, 'percent': 0}",33,
3,0-6 at up to 7f and yet to finish better than fourth but has hinted 1m will be a good fit,Haydock,Lady Of The Realm,2026-05-22,7f212y,2,12,7-7547,Soft,Jungle Knight,Kevin Stott,124,[],17:15,RimellKillickLane,5,Oakmere Homes Green Ribbon Handicap,GB,77,gelding,Bungle Inthejungle,"Six-race maiden who is yet to finish better than fourth but there were hints of promise in 7f nurseries here (good/good to soft; unraced on softer) last September and the way he kept on when mid-division on his recent reappearance at Southwell (7f, AW) suggests 1m could be a good fit.",[],,Mark Rimell,"{'runs': 4, 'wins': 0, 'percent': 0}",25,76
3,13 races and has won just once (last May) but this first crack at 1m is worth a go,Haydock,Mango Diva,2026-05-22,7f212y,5,12,647-60,Soft,Paroda Diva,Andrew Mullen,125,[],17:15,MPS Racing & Partners,5,Oakmere Homes Green Ribbon Handicap,GB,72,filly,Magna Grecia,"She's raced 13 times and won just once (last May); also unproven on slow ground; however, she kept on galloping when sixth of 11 over 7f at Newmarket three weeks ago and this first crack at 1m is worth a go.",[],,Patrick Neville,"{'runs': 2, 'wins': 0, 'percent': 0}",100,55
4,1m6f seemed the best fit last year; perhaps in need of the race on return four weeks ago,Bath,Silver Step,2026-05-22,1m6f,2,10,5-8321,Good,Captain Brett,Sean D Bowen,135,[],14:08,John Cook & Partner,6,Download The Fairplay App Handicap (Bath Summer Stayers' Series Qualifier),GB,66,gelding,Sea The Moon,"1m6f seemed the best fit last year, including for a win at Yarmouth (good) in June and also when first past the post at this track (firm; demoted after bumping) in July; perhaps in need of the race when last of five on return four weeks ago and he needs a second look back here.",[],,David Simcock,"{'runs': 11, 'wins': 1, 'percent': 9}",45,44
7,"Won here (11.5f, firm) nine days ago, leading over 1f out for a 5l win in six-runner race",Bath,Bahri Sugar,2026-05-22,1m6f,6,10,13/578,Good,Basilette,George Downing,127,[],14:08,Gee Tac Limited,6,Download The Fairplay App Handicap (Bath Summer Stayers' Series Qualifier),GB,74,mare,Doyen,"Bumper/hurdles winner who's had another crack at the Flat on last two outings and scored here (11.5f, firm) nine days ago, leading over 1f out for a 5l win in six-runner race; penalty leaves her 3lb well-in compared to future handicaps and she's one for the shortlist.","[{'horse': 'Basilette', 'horse_id': 4730073, 'quote': ""She's on a winter break. She's a summer filly - she won two hurdle races in October and loves Stratford for some reason. Her Flat handicap mark is very low (49), so when she comes back into training in February we'll wait until the ground has good, or even good to firm in it, and then she will mix and match Flat and hurdling for the summer. 21-01-26""}]",,Seamus Mullins,"{'runs': 8, 'wins': 1, 'percent': 13}",63,64
7,AW classified winner who  has some turf form in the bumper and hurdle spheres,Bath,Sudden Wish,2026-05-22,1m6f,9,10,27130-,Good,Everest,Rhys Clutterbuck,127,[],14:08,Alan Jamieson Site Services & G L Moore,6,Download The Fairplay App Handicap (Bath Summer Stayers' Series Qualifier),GB,71,mare,Kayf Tara,"17 races, finishing well in a 1m4f classified at Lingfield (AW) in March for her only win; second there off today's mark at same track (2m) last time was her best form under Flat rules and she has some turf form in the bumper and hurdle spheres; not entirely ruled out on Flat turf debut.","[{'horse': 'Everest', 'horse_id': 5977949, 'quote': ""We like this mare and she could be a nice prospect. We thought we'd go to Southwell in June and win but couldn't believe the depth of the race at that time of year. She hadn't been hard pressed for that and in the end found one too good but it was a promising run. She ran a nice enough race at Cheltenham on Saturday for her first run back and we'll try to find another bumper for her. She'll possibly go back to Cheltenham for the Paddy Power meeting. 29-10-24""}]",,Gary & Josh Moore,"{'runs': 21, 'wins': 0, 'percent': 0}",29,
8,2lb below last winning mark; two respectable shows this term; one to take seriously,Bath,Zarosa,2026-05-22,1m6f,10,10,46-554,Good,Cloudy Rose,Hollie Doyle,127,[],14:08,Runfortheroses,6,Download The Fairplay App Handicap (Bath Summer Stayers' Series Qualifier),GB,70,mare,Proconsul,"Had 1m4f and 1m6f wins on consecutive starts last summer and she's now 2lb below her last winning mark; following two respectable shows over 1m4f this term, she is one to take seriously on this return to 1m6f.",[],,John Berry,"{'runs': 5, 'wins': 0, 'percent': 0}",40,63
4,"New trip might offer hope on first run since 18,000gns sale (left H Charlton) in October",Bath,Medical Kiss,2026-05-22,1m6f,3,10,-53550,Good,Big Win,Luke Morris,134,[],14:08,Value Racing - Big Win,6,Download The Fairplay App Handicap (Bath Summer Stayers' Series Qualifier),GB,73,gelding,Galiway,"Upped in trip and 11-10 favourite when weakening into third of six on handicap debut at Southwell (2m, AW) in September but that is the best form from his five starts; has otherwise not gone beyond 1m4f (tried in cheekpieces on final outing) so today's new trip might offer hope on this first run since 18,000gns sale out of Harry Charlton's last October.",[],,James Owen,"{'runs': 49, 'wins': 4, 'percent': 8}",61,28
10,Veteran whose two 2025 wins were at this track; last week's hurdles run was disappointing,Bath,Hurricane Lily,2026-05-22,1m6f,7,10,5-011/,Good,Man Of The Sea,David Probert,132,[],14:08,Dajam Ltd,6,Download The Fairplay App Handicap (Bath Summer Stayers' Series Qualifier),GB,71,gelding,Born To Sea,Veteran whose two 2025 wins were at this track over 1m6f and 1m5f; placed twice over hurdles last November but last week's run in that sphere (after a Flat reappearance here) was disappointing and dents his appeal.,[],,Neil Mulholland,"{'runs': 15, 'wins': 2, 'percent': 13}",40,63
6,Won twice on fast ground last May; recent reappearance was a step back in right direction,Bath,Pivotals Princess,2026-05-22,1m6f,5,10,4-7110,Good,Two Plus Two,Rossa Ryan,132,[],14:08,The LAM Partnership,6,Download The Fairplay App Handicap (Bath Summer Stayers' Series Qualifier),GB,72,gelding,Free Eagle,Won on fast ground last May at Salisbury (1m6f) and Bath (11.5f); tailed off later that month but his recent reappearance here was a step back in the right direction; each-way claims if he's come on from that run.,[],,Ed de Giles,"{'runs': 4, 'wins': 0, 'percent': 0}",75,66
6,Off the boil January-March and no revival 15 days ago; a major player if back on song,Bath,Tristesse,2026-05-22,1m6f,4,10,73587-,Good,Zooks,Kieran ONeill,122,[],14:08,Ian Williams,6,Download The Fairplay App Handicap (Bath Summer Stayers' Series Qualifier),GB,73,mare,Camelot,"37 starts, with her only wins coming last year on AW in February and at Ffos Las (1m6f, good) in July; went off the boil this January-March and no revival 15 days ago, after a break, but she'd be a major player if back on song.",[],,Ian Williams,"{'runs': 31, 'wins': 3, 'percent': 10}",35,57
4,Below form lately; raced freely when behind here on sole go beyond 1m4f (1m5f last year),Bath,Lisiere,2026-05-22,1m6f,1,10,60-603,Good,Buck Barrow,Joe Leavy,127,[],14:08,Richard Flower & Partner,6,Download The Fairplay App Handicap (Bath Summer Stayers' Series Qualifier),GB,69,gelding,Without Parole,"Sole win (19 starts) was over 1m2f at Ffos Las last June; has the same mark today, having finished no better than sixth in his four races since, two of them this season; raced freely when behind here on his only attempt beyond 1m4f (1m5f last September) so there are enough doubts.",[],,Adrian Wintle,"{'runs': 9, 'wins': 0, 'percent': 0}",11,23
5,"Has not come up to scratch at 1m4f-2m1f in her four handicaps, first three for M Tregoning",Bath,Garanciere,2026-05-22,1m6f,8,10,6-755/,Good,Assured,Jason Watson,130,[],14:08,G1 Racing Club Ltd,6,Download The Fairplay App Handicap (Bath Summer Stayers' Series Qualifier),GB,73,mare,Nathaniel,"Has not come up to scratch over 1m4f-2m1f in her four handicaps (trained last year by Marcus Tregoning, 2026 reappearance with this yard) and two of those were at this track, but she has fallen 9lb in the process.",[],,Tom Gretton,"{'runs': 5, 'wins': 0, 'percent': 0}",20,55
3,"Blinkered for Lingfield debut (1m2f, AW) but won; the clear form pick and should improve",Bath,Mariam,2026-05-22,1m2f37y,1,7,1,Good,Madrisa,Hollie Doyle,131,[],14:43,Adrian Whittingham,4,MJ Church Fillies' Restricted Novice Stakes (Bands B-D) (GBB Race),GB,70,filly,Decorated Knight,"By Decorated Knight; first foal of an unraced half-sister to dual 1m2f Group 3 winner Extra Elusive and the yard's Group 2 Gimcrack winner Ajaya; 10-1 and blinkered for debut in 12-runner maiden at Lingfield (1m2f, AW) late last month but she was always close up and kept on stoutly to lead in the final strides; the clear form pick in this field and should improve.",[],,William Haggas,"{'runs': 50, 'wins': 11, 'percent': 22}",64,
3,"5-6 for workmanlike novice win at Lingfield (1m, AW) in December; bred more for this trip",Bath,Plead,2026-05-22,1m2f37y,4,7,-15,Good,Supplicate,Rossa Ryan,133,[],14:43,Cheveley Park Stud,4,MJ Church Fillies' Restricted Novice Stakes (Bands B-D) (GBB Race),GB,62,filly,Ulysses,"Showed promise on debut last October and justified 5-6 favouritism in 12-runner novice at Lingfield (again 1m on AW) in December; the latter was in workmanlike style but she's bred more for this trip and is open to further improvement, which is needed.",[],,Roger Varian,"{'runs': 24, 'wins': 5, 'percent': 21}",58,
3,"2nd of eight to impressive red-hot favourite in a novice at Kempton (1m3f, AW) 16 days ago",Bath,Chili Dip,2026-05-22,1m2f37y,6,7,23,Good,Eloquencia,Luke Morris,128,[],14:43,The Gredley Family,4,MJ Church Fillies' Restricted Novice Stakes (Bands B-D) (GBB Race),GB,61,filly,Sea The Stars,"Modest form in a small field at Newmarket (7f, good) in April but second of eight to an impressive red-hot favourite in novice at Kempton (1m3f, AW) three weeks later; similar form to most of these and could improve again.",[],,James Owen,"{'runs': 49, 'wins': 4, 'percent': 8}",61,32
3,"Madrisa was 8l ahead at Lingfield (1m2f, AW) last time and reopposes; major work to do",Bath,Always Remembered,2026-05-22,1m2f37y,3,7,7-7,Good,Last Flight,Liam Wright,124,[],14:43,Salah Fustok,4,MJ Church Fillies' Restricted Novice Stakes (Bands B-D) (GBB Race),GB,61,filly,Masar,"50-1 when never-dangerous seventh of 12 in maiden at Lingfield (1m2f, AW) last month, which was better than her December debut but winner Madrisa was 8l ahead at Lingfield and reopposes; major work to do despite revised terms.",[],,James Ferguson,"{'runs': 7, 'wins': 1, 'percent': 14}",71,
3,"Finished behind two of these rivals when 12-1 in a maiden at Lingfield (1m2f, AW",Bath,Glade,2026-05-22,1m2f37y,2,7,8,Good,Spinney,Jason Watson,124,[],14:43,Lpog,4,MJ Church Fillies' Restricted Novice Stakes (Bands B-D) (GBB Race),GB,60,filly,Advertise,"Dam useful at 1m2f-1m4f but this daughter was a 1,000gns yearling and finished behind two of these rivals when 12-1 in a maiden at Lingfield (1m2f, AW).",[],,Tom Clover,"{'runs': 17, 'wins': 2, 'percent': 12}",53,
3,"Showed little when 25-1 in a novice at Yarmouth (11.5f, good to firm) one month ago",Bath,Clara Luna,2026-05-22,1m2f37y,5,7,4,Good,Clarissa Eclipse,David Probert,126,[],14:43,S & A Mares & Partner,4,MJ Church Fillies' Restricted Novice Stakes (Bands B-D) (GBB Race),GB,,filly,Sea The Moon,"Interesting on pedigree but she showed little when 25-1 in a five-runner novice at Yarmouth (11.5f, good to firm) one month ago.",[],,David Simcock,"{'runs': 11, 'wins': 1, 'percent': 9}",45,
4,"No worthwhile form in a bumper, a 1m novice or a 1m2f maiden",Bath,Reachforthestars,2026-05-22,1m2f37y,7,7,00,Good,West Hill Rosie,George Downing,140,[],14:43,Mrs Kate Kenyon,4,MJ Church Fillies' Restricted Novice Stakes (Bands B-D) (GBB Race),GB,40,filly,Bated Breath,"No worthwhile form in a bumper, a 1m novice or when behind three of today's rivals in a 1m2f maiden.",[],,Seamus Mullins,"{'runs': 8, 'wins': 1, 'percent': 13}",63,
2,Raced front rank when third at Newbury and second at Newmarket; latter sets high standard,Bath,Sunset Dazzle,2026-05-22,5f10y,3,5,23,Good,Jaan Ki Tukri,Rossa Ryan,133,[],15:18,Arjun Waney,4,Wiltshire And Bath Air Ambulance Raceday 15th July British EBF Novice Stakes (GBB Race),GB,100,colt,Kodiac,"Third of nine in a maiden at Newbury (5f, good) 16 days before her second of seven in a novice at Newmarket (5f, good to firm); raced front rank on both occasions and sets a high standard on the latter form.",[],,Clive Cox,"{'runs': 23, 'wins': 5, 'percent': 22}",52,96
2,"£180,000 breeze-up 2yo; bred for speed and the stable's 2yos have made an impact this term",Bath,Rebecca Rocks,2026-05-22,5f10y,5,5,,Good,Flight Signal,Hollie Doyle,133,[],15:18,Wathnan Racing,4,Wiltshire And Bath Air Ambulance Raceday 15th July British EBF Novice Stakes (GBB Race),GB,,colt,Mehmas,"82,000gns foal, £180,000 breeze-up 2yo; fourth foal; Mehmas half-brother to 6f/7f winner Thurso (RPR 83); dam 5f winner (including Listed; 95), half-sister to a useful 5f/5.5f winner and out of Italian 5f Listed winner; bred for speed and the stable's 2yos have already made an impact this term.",[],,Archie Watson,"{'runs': 22, 'wins': 2, 'percent': 9}",32,
2,"80,000euros yearling, £140,000 breeze-up 2yo by Minzaal; needs to be good in this field",Bath,Luceita,2026-05-22,5f10y,2,5,,Good,Minkaas,Luke Morris,128,[],15:18,Mohammed Al Suboosi,4,Wiltshire And Bath Air Ambulance Raceday 15th July British EBF Novice Stakes (GBB Race),GB,,filly,Minzaal,"80,000euros yearling, £140,000 breeze-up 2yo; third foal; Minzaal half-sister to 5.5f/6f winner Spiritualism (including 2yo; RPR 74); dam 7f winner (68), half-sister to 7f 2yo Group 2 winner/1,000 Guineas runner-up Lucida, out of half-sister to Breeders' Cup Turf winner English Channel; first 2yo of the season for her stable and she needs to be good.",[],,T J Kent,"{'runs': 3, 'wins': 0, 'percent': 0}",,
2,"5th of ten at Chester (5,5f, good) latest, showing plenty of speed in face of widest draw",Bath,Chatham Islands,2026-05-22,5f10y,1,5,54,Good,Paper View,Joe Leavy,133,[],15:18,Middleham Park Racing Lxxix & Partner,4,Wiltshire And Bath Air Ambulance Raceday 15th July British EBF Novice Stakes (GBB Race),GB,78,colt,Lucky Vega,"Unable to justify favouritism over C&D (good) on debut; fifth of ten in maiden at Chester (5.5f, good) over four weeks later was better form, showing plenty of speed in the face of the widest draw; bold show seems likely but Jaan Ki Tikri looks a tough rival.",[],,Richard Hannon,"{'runs': 53, 'wins': 8, 'percent': 15}",68,57
2,"Made most when third of six at Salisbury (5f, good) but others in this have shown more",Bath,Kodikova,2026-05-22,5f10y,4,5,3,Good,On The Queue Tee,David Probert,128,[],15:18,Ms H N Pinniger & Partners,4,Wiltshire And Bath Air Ambulance Raceday 15th July British EBF Novice Stakes (GBB Race),GB,67,filly,Massaat,"Dam US 5.5f turf 2yo winner; this daughter made most when third of six in a maiden at Salisbury (5f, good) eight days ago, despite starting 80-1, but two others in today's race have shown more.",[],,J S Moore,"{'runs': 7, 'wins': 0, 'percent': 0}",29,15
5,Triple course winner who has finished close up here in her last two runs; respected,Bath,Powerful Dream,2026-05-22,5f160y,6,6,24731-,Good,Moes Legacy,Jason Watson,130,[],15:53,Cdm Media Usa Inc,4,Prix De Charlotte Fillies' Handicap,GB,91,mare,Havana Grey,"Triple course winner who scored at Wolverhampton in March and she's gone close back at this track (5f/5,6f, firm) in last two runs; only 1lb higher than for her runner-up effort three weeks ago and she should make another bold bid.",[],,Ronald Harris,"{'runs': 2, 'wins': 0, 'percent': 0}",50,87
4,All three wins have been on AW but she's been knocking on the door here in last two starts,Bath,Toolatetodelegate,2026-05-22,5f160y,4,6,234331,Good,Toolatetonegotiate,Millie Wonnacott,130,[],15:53,Miss Daisy Hitchins,4,Prix De Charlotte Fillies' Handicap,GB,90,filly,Havana Grey,"All three wins have been on AW but she's been knocking on door here (5f, firm/good) in last two starts; nudged up 2lb but she's been as good as ever in her last two runs and should be in the thick of things again.",[],,Daisy Hitchins,"{'runs': 1, 'wins': 0, 'percent': 0}",100,80
4,Scored here in final 3yo run and she started this season with another C&D win; key player,Bath,Resolute Bay,2026-05-22,5f160y,2,6,1-1234,Good,Silver Wraith,David Probert,131,[],15:53,W H Simpson,4,Prix De Charlotte Fillies' Handicap,GB,92,filly,Havana Grey,Scored here in (good to soft) in her final 3yo run and she started this campaign with another brave win over C&D (firm) last month; that took her Bath record to 2-2 and she's remains feasibly treated off only 2lb higher; key player.,[],,Emma Lavelle,"{'runs': 8, 'wins': 2, 'percent': 25}",50,87
4,Disappointing on Newmarket reappearance and she needs to bounce back near best,Bath,Lady Lynetta,2026-05-22,5f160y,1,6,8-6325,Good,Cuban Lady,Luke Morris,130,[],15:53,Khalifa Dasmal,4,Prix De Charlotte Fillies' Handicap,GB,90,filly,Havana Grey,"Clearcut winner of a Windsor novice (6f, good to firm) last June; finished close up in three of her four handicaps last season but she reappeared with a 12l defeat at Newmarket (100-30) three weeks ago; that was in a Class 3 after six months off but she needs to bounce back after that disappointing run.",[],,Tom Clover,"{'runs': 17, 'wins': 2, 'percent': 12}",53,85
4,Four-time AW winner but she's 0-11 on turf and has been quiet in both runs this season,Bath,Heartstone,2026-05-22,5f160y,5,6,74-143,Good,Queue Dos,Taylor Fisher,133,[],15:53,Ms H N Pinniger & Partners,4,Prix De Charlotte Fillies' Handicap,GB,90,filly,Massaat,All four wins have been on AW and she's 0-11 on turf; finished placed a few times on good or quicker ground last summer but she's been quiet in both runs this season and others are more persuasive.,"[{'horse': 'Queue Dos', 'horse_id': 6037314, 'quote': ""She's for the same owners as Queues Likely and I think she's going to be very good. I think she'll definitely end up a black-type filly, most likely over a mile or seven furlongs. I was pleased with the way she ran at Bath because I thought she'd run a nice race as she'd been working lovely at home. Her half-brother was second in the Brocklesby and was sold to America straight away after that. He has run well in a big race in America and it's going to end up quite a nice page. She's got the size and scope. 04-07-24""}]",,J S Moore,"{'runs': 7, 'wins': 0, 'percent': 0}",29,
4,Triple turf winner but she's been out of sorts in two runs for new yard this season,Bath,Silvery Blue,2026-05-22,5f160y,3,6,70-140,Good,Seraphim Angel,Rossa Ryan,134,[],15:53,Pompey Ventures 12Singh & Partner,4,Prix De Charlotte Fillies' Handicap,GB,88,filly,Sergei Prokofiev,"Triple turf winner who scored at Windsor (6f, good to firm) last July in her final run for Tom Dascombe; only 1lb higher than for that success but she's been out of sorts in two runs for new yard this spring and needs to get back on track.",[],,Ollie Sangster,"{'runs': 22, 'wins': 3, 'percent': 14}",36,67
3,Catterick winner who is still unexposed and needs a close look on handicap/seasonal debut,Bath,Call Sign Charlie,2026-05-22,5f160y,3,10,-1296,Good,Control Room,Jack Gilligan,133,[],16:28,Winners Circle Racing,5,Blackmore Build And Design Handicap,GB,76,filly,Land Force,"Unexposed filly who made all when landing a Catterick maiden (5f, soft; 7-2) last October; that was a very narrow success but she looks on a fair opening mark and should have more to offer as a 3yo; respected on handicap/seasonal debut","[{'horse': 'Control Room', 'horse_id': 8058118, 'quote': ""She won at Catterick on her final start of last season. She did her final piece of work the other day and worked very nicely. I think she's quite handily weighted - and she has grown in strength over the winter. She'll get 6f no problem but I think we'll start her over 5f. She could run quite well on her seasonal debut, which could be this week, probably at Bath. She's run there before and finished second. 20-05-26""}]",,Robert Cowell,"{'runs': 10, 'wins': 1, 'percent': 10}",40,48
3,Improved form dropped to 6f when winning on handicap debut at Windsor; respected up 2lb,Bath,Felissa,2026-05-22,5f160y,5,10,156-5,Good,Our Guy,Hollie Doyle,133,[],16:28,Chris Van Hoorn Racing,5,Blackmore Build And Design Handicap,GB,78,gelding,Zoustar,Improved form dropped to 6f on handicap debut when scoring under a prominent ride at Windsor (good to firm) 18 days ago; that was a narrow success at 33-1 but he's only 2lb higher here and is still unexposed after only four starts; respected.,[],,Denis Coakley,"{'runs': 7, 'wins': 1, 'percent': 14}",57,59
3,Seven-race maiden and he needs to raise his game back up in trip,Bath,Rebecca Rocks,2026-05-22,5f160y,10,10,6-6354,Good,Too Darn Good,Nicola Currie,133,[],16:28,K Hunter D Leon And Hunscote Stud Ltd,5,Blackmore Build And Design Handicap,GB,76,gelding,Too Darn Hot,"Didn't progress in six 2yo runs for Charlie Hills and was only sixth of ten when favourite on recent stable debut at Windsor (5f, good to firm); may have needed that run but he needs to raise his game back up in trip.",[],,Henry Candy,"{'runs': 2, 'wins': 0, 'percent': 0}",,44
3,"Five-race maiden who left Richard Hannon for 6,000gns in November; bit to prove on return",Bath,Suraat,2026-05-22,5f160y,4,10,-33494,Good,Double Naughty,Taylor Fisher,129,[],16:28,Bellies Syndicate,5,Blackmore Build And Design Handicap,GB,72,filly,Cotai Glory,"Promising third in a soft-ground nursery at Thirsk (6f, soft) last September but she was well held here (5f, heavy) in final 2yo run; still lightly raced but she left Richard Hannon for 6,000gns in November and has bit to prove on her stable debut.",[],,Joe Tickle,"{'runs': 9, 'wins': 0, 'percent': 0}",44,73
3,Still lightly raced but he needs to resume his progress to defy this mark,Bath,Lamya,2026-05-22,5f160y,8,10,817-24,Good,Escape Plan,Rossa Ryan,135,[],16:28,Ms V E Macauley,5,Blackmore Build And Design Handicap,GB,75,gelding,Ardad,"Made it second-time lucky in handicaps when scoring at Kempton (6f, AW) in March but he couldn't make an impact at Windsor (6f, good to firm) 18 days ago; still lightly raced but he needs to resume his progress to defy this mark.",[],,Tom Ward,"{'runs': 8, 'wins': 0, 'percent': 0}",38,51
3,Dual AW winner but she was a long way below form on Polytrack last time; down the list,Bath,The Stalking Moon,2026-05-22,5f160y,7,10,951461,Good,Luna Beaux,Joe Leavy,124,[],16:28,Major Wintle Partnership,5,Blackmore Build And Design Handicap,GB,76,filly,Saxon Warrior,Dual Tapeta winner for new yard this year but she's not easy to predict and her form has slumped in last two starts; has bit to prove again and she's not finished closer than fifth in six turf runs.,[],,Adrian Wintle,"{'runs': 9, 'wins': 0, 'percent': 0}",11,31
3,Inconsistent filly who has a record of 1-11; comes with risks attached on return,Bath,Grandee Daisy,2026-05-22,5f160y,9,10,-74389,Good,Guernsey Lady,David Probert,135,[],16:28,Trevor Gallienne & David Evans,5,Blackmore Build And Design Handicap,GB,77,filly,Coulsty,"Off the mark in a 5f Lingfield novice (good) last May; reached the frame in a couple of handicaps since but she's been hard to predict and was last of seven in her final run (6f, AW) last year; record is now 1-11 and comes with risks attached on her return; visor worn last time is removed.",[],,David Evans,"{'runs': 12, 'wins': 2, 'percent': 17}",33,71
3,Down the field in six runs in Ireland last season and needs a transformation for new yard,Bath,Dutch Desire,2026-05-22,5f160y,6,10,-97005,Good,Gelato,Taryn Langley,125,[],16:28,Adrian Wintle,5,Blackmore Build And Design Handicap,GB,74,filly,Coulsty,No progress when down the field in six runs in Ireland last season including three sprint handicaps; resumes off a reduced mark but she needs a transformation for new yard; blinkers removed.,[],,Adrian Wintle,"{'runs': 9, 'wins': 0, 'percent': 0}",11,71
3,Won a 7f maiden last summer but she's not gone on from that and is now 1-9,Bath,Alices Dancer,2026-05-22,5f160y,1,10,0-9252,Good,Who Is Alice,Ashley Lewis,130,[],16:28,E Brown And T Snell,5,Blackmore Build And Design Handicap,GB,77,filly,Kameko,"Won a Chepstow maiden (7f, good to firm) for Jack Channon last July but she's not gone on from that and was beaten 13l on recent stable debut at Ascot (6f, good); drops back in grade off a reduced mark but record is now 1-9 and others are more convincing.",[],,Grace Harris,"{'runs': 17, 'wins': 1, 'percent': 6}",29,65
3,Has failed to beat a rival in three runs for current yard and he needs a major revival,Bath,Parsnip,2026-05-22,5f160y,2,10,8592-5,Good,Beach Partee,Kieran ONeill,128,[],16:28,Amphitheatre Racing Limited,5,Blackmore Build And Design Handicap,GB,73,gelding,Lope Y Fernandez,"Three wins for William Knight last autumn, but he's finished last in three runs for new yard this spring and latest was at Lingfield (5f, good) on Monday; has plenty to prove and he needs a major revival.",[],,Scott Dixon,"{'runs': 19, 'wins': 1, 'percent': 5}",32,45
4,Record of 3212 since wind/gelding operations and he's strongly respected back on turf,Bath,Dubai Romance,2026-05-22,5f160y,15,15,2123-6,Good,Legendsoftheland,Joe Leavy,131,"[{'date': '2025-12-15', 'type': 'Wind Surgery'}]",17:03,Adrian Wintle,6,Blackmore Building Contractors Handicap (Bath Summer Sprint Series Qualifier) (Div I),GB,65,gelding,Legends Of War,"Ex-Irish 4yo; record of 3212 since wind/gelding operations, opening his account in a classified event at Wolverhampton (6f) before a creditable effort in a handicap there last time; still unexposed as a sprinter and he's a player if he can transfer his progress back to turf.",[],,Adrian Wintle,"{'runs': 9, 'wins': 0, 'percent': 0}",11,16
5,Won this last year and she's been in good form on AW this year; big player back on turf,Bath,Ramone,2026-05-22,5f160y,6,15,24324-,Good,Southbank,William Carson,135,[],17:03,Alwens & Digweeds,6,Blackmore Building Contractors Handicap (Bath Summer Sprint Series Qualifier) (Div I),GB,64,gelding,Acclamation,Won this race (firm) last year and he scored off 1lb lower at Kempton in the autumn; has remained in good form on AW this year and he chased home an improver at Lingfield (6f) last month; should get a good pace back on turf and he's a big player back at this track.,"[{'horse': 'Southbank', 'horse_id': 5021337, 'quote': ""He's been great for us on the Flat this season, winning on turf at Bath and then at Kempton on the all-weather last month. Richard Venn found him for me at the sales. We were looking for an entertainment horse for Kate Digweed and her parents. He bought us a good, tough and consistent horse. He'll carry on running on the all-weather during the winter and fingers crossed we can pick up another race at some point. 01-12-25""}]",,Chris Gordon,"{'runs': 3, 'wins': 0, 'percent': 0}",67,51
5,Won at Brighton last spring and was runner-up on AW last month; in the mix,Bath,Guerriere,2026-05-22,5f160y,10,15,26-595,Good,Big Time Rascal,Kieren Fox,128,[],17:03,Luke Oliver Vallance,6,Blackmore Building Contractors Handicap (Bath Summer Sprint Series Qualifier) (Div I),GB,65,gelding,Blue Point,"Just one win from 22 starts but that came at Brighton (6f, good) last May and he was runner-up on AW at Lingfield last month; remains well handicapped on old form and he's in the mix back on turf.",[],,Michael Attwater,"{'runs': 10, 'wins': 1, 'percent': 10}",40,55
4,Eye-catching fourth on stable debut at Wolverhampton; has claims if he can build on that,Bath,Time To Exceed,2026-05-22,5f160y,5,15,4077-6,Good,Tomarlo,Sean D Bowen,133,"[{'date': '2025-12-22', 'type': 'Wind Surgery'}]",17:03,Red Post Racing,6,Blackmore Building Contractors Handicap (Bath Summer Sprint Series Qualifier) (Div I),GB,64,gelding,Iffraaj,"Sole win was at Dundalk (6f, AW) in November 2024 but he made an encouraging start for new yard when fourth at Wolverhampton (5f, AW) 17 days ago; that was eye-catching from off the pace and has claims if he can build on that back on turf.",[],,Ollie Sangster,"{'runs': 22, 'wins': 3, 'percent': 14}",36,68
5,Unexposed 5yo who showed promise on her comeback last month; in the mix back in a handicap,Bath,Zamzama,2026-05-22,5f160y,4,15,4/0488,Good,Zambezi Diamond,Thomas Greatrex,135,[],17:03,Henry Candy,6,Blackmore Building Contractors Handicap (Bath Summer Sprint Series Qualifier) (Div I),GB,68,mare,Muhaarar,"Unexposed 5yo who returned after 485 days off with a front-running fourth of 13 in a Southwell maiden (6f, AW; 66-1) last month; carried her head awkwardly in the closing stages but that was a promising effort and she needs a close look back in a handicap.","[{'horse': 'Zambezi Diamond', 'horse_id': 4827149, 'quote': ""She's a lovely filly with a decent pedigree. Although she was too keen on her debut, she's eligible for Band C and D restricted races and I hope she should be competitive in those. Henry likes her and he hasn't really hit top form yet. 02-08-24""}]",,Henry Candy,"{'runs': 2, 'wins': 0, 'percent': 0}",,
4,Back to form when third in blinkers at Wolverhampton and has claims if he can back that up,Bath,Precariously Good,2026-05-22,5f160y,14,15,39-050,Good,Vault Of Heaven,Hollie Doyle,126,[],17:03,Stephen J Hine,6,Blackmore Building Contractors Handicap (Bath Summer Sprint Series Qualifier) (Div I),GB,65,gelding,Far Above,"14-race maiden but he returned to form with a creditable third at Wolverhampton (5f, AW) 17 days ago; that was more like it with blinkers added and has claims if he can back that up.",[],,Kevin Frost,"{'runs': 17, 'wins': 0, 'percent': 0}",24,46
6,On dangerous mark and has possibilities if she gets a good pace and some luck,Bath,Last Frontier,2026-05-22,5f160y,7,15,569877,Good,Comedian Leader,William Cox,130,"[{'date': '2025-02-06', 'type': 'Wind Surgery'}]",17:03,Ms Camilla Jade White,6,Blackmore Building Contractors Handicap (Bath Summer Sprint Series Qualifier) (Div I),GB,64,mare,Aclaim,"Better known as a 7f/1m performer but her latest win (last August) was gained over 6f; predictably found 5f too sharp at Lingfield (5f, AW) in March but finished well and wasn't beaten far; back up in trip today and has possibilities if she gets a good pace and some luck.",[],,Jim & Suzi Best,"{'runs': 6, 'wins': 2, 'percent': 33}",67,59
7,Triple course winner but he needs to rediscover his spark back on turf,Bath,Sunny York,2026-05-22,5f160y,2,15,847215,Good,Sisters In The Sky,Rossa Ryan,126,[],17:03,Paul & Ann de Weck,6,Blackmore Building Contractors Handicap (Bath Summer Sprint Series Qualifier) (Div I),GB,65,gelding,Showcasing,"Acts of firm and heavy ground; triple course winner who scored at Wolverhampton (6f, Tapeta) in January but he's been quiet there in last three runs; has bit to prove and needs to rediscover his spark back on turf.",[],,Grace Harris,"{'runs': 17, 'wins': 1, 'percent': 6}",29,58
8,11-time winner who is on a dangerous mark but he's hard to predict; others preferred,Bath,Descriptive,2026-05-22,5f160y,13,15,0380-0,Good,Secret Handsheikh,Luke Morris,135,[],17:03,The Old Deer Racing Partnership,6,Blackmore Building Contractors Handicap (Bath Summer Sprint Series Qualifier) (Div I),GB,64,gelding,Mayson,Recorded his 11th win when scoring over C&D (firm) last August; well handicapped on that form but he's been up and down this year and was out the back at Windsor two weeks ago; comes with risks attached and he needs to bounce back again.,[],,John Gallagher,"{'runs': 3, 'wins': 0, 'percent': 0}",33,30
5,Won on turf last May but he's finished down the field in most of his runs since; opposable,Bath,In Secret,2026-05-22,5f160y,1,15,757437,Good,Port Hedland,Jason Watson,126,[],17:03,Mark Wellbelove & Partner,6,Blackmore Building Contractors Handicap (Bath Summer Sprint Series Qualifier) (Div I),GB,64,gelding,Cable Bay,"Well handicapped on his win at Brighton (5.3f, good to firm) last May but he's 0-12 since and has finished down the field in most of those runs; opposable.",[],,Tony Carroll,"{'runs': 44, 'wins': 10, 'percent': 23}",61,
6,Has patchy profile and his record is 1-19; comes with risks attached on return,Bath,Days Of Summer,2026-05-22,5f160y,3,15,-07205,Good,Haworth Star,Kieran ONeill,132,[],17:03,The Regal Eagles,6,Blackmore Building Contractors Handicap (Bath Summer Sprint Series Qualifier) (Div I),GB,67,gelding,Bated Breath,"Looks interesting on his second at Newcastle (6f, Tapeta) in November but he took backward steps on final two runs last year; overall record is now 1-19 and he's yet to be placed in seven runs on turf; has work to do on return.",[],,Max Young,"{'runs': 3, 'wins': 0, 'percent': 0}",33,
5,Record of 1-27 and she's been well held in her last three runs; others preferred,Bath,Missy Mischief,2026-05-22,5f160y,8,15,6773-0,Good,Little Miss Magic,Charlie Tucker,126,[],17:03,A M Balding,6,Blackmore Building Contractors Handicap (Bath Summer Sprint Series Qualifier) (Div I),GB,63,mare,Calyx,Seemed to respond well to first-time visor when third at Chelmsford (6f) in January but she's not come close to that form in three runs since; her blindfold was removed late at Lingfield last month but she's now 1-27 and others are preferred.,[],,Patrick Chamings,"{'runs': 5, 'wins': 0, 'percent': 0}",,65
4,Turf winner as 2yo but her handicap career has not yet amounted to much; down the list,Bath,Danseuse De Reve,2026-05-22,5f160y,11,15,077-80,Good,Spirited Dancer,David Probert,130,"[{'date': '2025-08-01', 'type': 'Wind Surgery'}]",17:03,Ludgershall Racing,6,Blackmore Building Contractors Handicap (Bath Summer Sprint Series Qualifier) (Div I),GB,63,filly,Dandy Man,Won a C&D maiden (good) as a 2yo but her handicap career has not yet amounted to much and she was well held in three runs during the winter; mark continues to fall but she's now 1-13 and has plenty to prove after a break; cheekpieces removed.,"[{'horse': 'Spirited Dancer', 'horse_id': 5580056, 'quote': ""She won her maiden at Bath in May. She ran in the big sales race won by The Dragon King at Newmarket on Saturday, finishing down the field. She's a sweet filly who does everything well. 10-10-24""}]",,Daniel & Claire Kubler,"{'runs': 7, 'wins': 0, 'percent': 0}",71,49
4,Well held at 28-1 or bigger in all five runs including two Tapeta handicaps this spring,Bath,Aerosphere,2026-05-22,5f160y,12,15,95-535,Good,Washington Heir,Jack Doughty,126,[],17:03,Williams & Partners,6,Blackmore Building Contractors Handicap (Bath Summer Sprint Series Qualifier) (Div I),GB,62,gelding,Washington DC,"Well held at 28-1 or bigger in all five runs including two handicaps at Wolverhampton (5f, Tapeta) this spring; now switches to turf and he needs a transformation back up in trip; hood worn last time is removed.",[],,Tony Carroll,"{'runs': 44, 'wins': 10, 'percent': 23}",61,
7,Winless since 2024 and has failed to beat a rival in her last three starts; no appeal,Bath,Rios Cliffs,2026-05-22,5f160y,9,15,770975,Good,Coast,Mikkel Mortensen,126,[],17:03,Amphitheatre Racing Limited,6,Blackmore Building Contractors Handicap (Bath Summer Sprint Series Qualifier) (Div I),GB,62,mare,Aclaim,Winless since 2024 and she has failed to beat a rival in last three starts including over 5f here (firm) last week; not hard to look elsewhere.,[],,Scott Dixon,"{'runs': 19, 'wins': 1, 'percent': 5}",32,
5,Well treated on his old form and was runner-up at Wolverhampton latest; key player,Bath,Knock Stars,2026-05-22,5f160y,10,14,2565-7,Good,Sioux Warrior,Joe Leavy,134,"[{'date': '2024-04-18', 'type': 'Wind Surgery'}]",17:40,Goodwins & Partner,6,Blackmore Building Contractors Handicap (Bath Summer Sprint Series Qualifier) (Div II),GB,66,gelding,Sioux Nation,"Just one win from 24 starts but that was off 9lb higher at Brighton (5.3f, good) last spring; losing run is up to 13 but he's run some solid races on AW this year including when runner-up at Wolverhampton (7f) in March; seems tactically versatile and he's an interesting contender back in trip after a short break.",[],,Adrian Wintle,"{'runs': 9, 'wins': 0, 'percent': 0}",11,72
9,Well handicapped on old form and runner-up at Catterick last week; highly respected,Bath,Albany Rose,2026-05-22,5f160y,1,14,20-075,Good,Newyorkstateofmind,Luke Morris,127,[],17:40,Ruth Carr Racing Club,6,Blackmore Building Contractors Handicap (Bath Summer Sprint Series Qualifier) (Div II),GB,68,gelding,Brazen Beau,"Nine-time winner who has not scored since September 2024 but he finished well to go close at Catterick (5f, good) last week; looks interesting off same mark and this step back up in trip is a positive.","[{'horse': 'Newyorkstateofmind', 'horse_id': 2698905, 'quote': ""Three wins from 13 races last year was a nice return for this fellow, two on the all-weather and one on grass. Six of his nine wins have been on the all-weather and when it comes to the turf, he has to have theound fast. He was a bit disappointing when he returned to Wolverhampton from his winter break, but it is onwards and upwards. There's a race at Thirsk on Saturday that looks right for him. 09-04-25""}]",,Ruth Carr,"{'runs': 33, 'wins': 2, 'percent': 6}",61,52
4,0-10 but he's well treated on his second over C&D in October; needs close look on return,Bath,Dandy Groove,2026-05-22,5f160y,6,14,-43245,Good,Mister Sandman,David Probert,132,[],17:40,Peter Crate,6,Blackmore Building Contractors Handicap (Bath Summer Sprint Series Qualifier) (Div II),GB,67,gelding,Starspangledbanner,Ten-race maiden who can take a strong hold but he finished well when runner-up over C&D (heavy) last autumn; returns after five months but he's handicapped on his best form and has had only three runs for current yard; needs a close look with hood added.,[],,Gary & Josh Moore,"{'runs': 21, 'wins': 0, 'percent': 0}",29,59
7,Tapeta specialist but he's been well held on AW in last two starts and is 0-13 on turf,Bath,Inverse,2026-05-22,5f160y,5,14,553939,Good,Phoenix Beach,Kieran ONeill,135,"[{'date': '2023-05-09', 'type': 'Wind Surgery'}, {'date': '2021-10-26', 'type': 'Wind Surgery'}]",17:40,Robert Dearnaley,6,Blackmore Building Contractors Handicap (Bath Summer Sprint Series Qualifier) (Div II),GB,67,gelding,Mehmas,Tapeta specialist but he's hung right before finishing a well-held fifth at Wolverhampton (5f) in his last two starts; continues to edge down the weights but he's 0-13 on turf and has not run in this sphere since last May; others preferred.,[],,Scott Dixon,"{'runs': 19, 'wins': 1, 'percent': 5}",32,
7,Dual C&D winner and he's on a dangerous mark back at this track; in the mix,Bath,Kate The Great,2026-05-22,5f160y,7,14,756878,Good,Neptune Legend,Rossa Ryan,131,"[{'date': '2025-05-23', 'type': 'Wind Surgery'}]",17:40,N Sfrantzis,6,Blackmore Building Contractors Handicap (Bath Summer Sprint Series Qualifier) (Div II),GB,65,gelding,Invincible Spirit,Hasn't threatened in two AW runs for new yard this spring but he's now 6lb lower than for his last win in November and two of his three turf wins have come over C&D (good to firm); should get a good tow into this race and he's in the mix back at this track.,"[{'horse': 'Neptune Legend', 'horse_id': 3558264, 'quote': 'I thought he would need the run last week when making his debut at Nottingham and I was right to a degree, but he still ran a terrific race and had he not run green he could have won. He had a good blow afterwards and I am sure there is an awful lot of improvement to come. We will see how he builds on that run but Plan A at this stage is to win a maiden and then possibly go for the Coventry, but there is a lot of water to pass under the bridge before that. 29-05-21'}]",,Tony Carroll,"{'runs': 44, 'wins': 10, 'percent': 23}",61,58
4,Lightly raced 4yo but she's been well held in both handicaps and others are preferred,Bath,Aromatherapy,2026-05-22,5f160y,12,14,5-9142,Good,Scent Of May,Nicola Currie,130,[],17:40,Cartwright Harris McCormack & Candy,6,Blackmore Building Contractors Handicap (Bath Summer Sprint Series Qualifier) (Div II),GB,65,filly,Mayson,"Turned over a 1-12 shot in Chepstow maiden (5f, good) last August but she's finished down the field in two handicaps since; still lightly raced and wasn't beaten far on her Nottingham reappearance last month but others are more convincing.",[],,Henry Candy,"{'runs': 2, 'wins': 0, 'percent': 0}",,30
6,On dangerous mark but he has something to prove and slow starts can be an issue,Bath,Secret Keeper,2026-05-22,5f160y,8,14,888655,Good,Hes An Angel,Hollie Doyle,132,[],17:40,Kevin Frost,6,Blackmore Building Contractors Handicap (Bath Summer Sprint Series Qualifier) (Div II),GB,65,gelding,Harry Angel,"Hold-up performer who scored at Wolverhampton (6f, AW) in January but he's not hit the same level since and has finished eighth in his three runs (Tapeta/turf); on dangerous mark but he has something to prove and slow starts can be an issue.",[],,Kevin Frost,"{'runs': 17, 'wins': 0, 'percent': 0}",24,30
4,C&D winner but things have not gone well in her two runs this season; bit to prove,Bath,Katiywa,2026-05-22,5f160y,3,14,P84647,Good,Up The Anti,Jason Watson,135,[],17:40,Alan Dean,6,Blackmore Building Contractors Handicap (Bath Summer Sprint Series Qualifier) (Div II),GB,65,filly,Holy Roman Emperor,"Versatile sort who won three times last year including at Leicester (1m, good to firm) and over C&D (heavy); now 2lb lower than for her AW win in December but things have not gone well in two runs this season; got hampered by a faller when pulled up at Lingfield on Tuesday but she needs a major revival back at this track; yard also runs Neptune Legend.",[],,Tony Carroll,"{'runs': 44, 'wins': 10, 'percent': 23}",61,
4,Record of 1-32 and recent efforts don't suggest she is primed to double her tally,Bath,Lady Tipperary,2026-05-22,5f160y,2,14,534887,Good,She Went Whoosh,Mikkel Mortensen,126,[],17:40,Amphitheatre Racing Limited,6,Blackmore Building Contractors Handicap (Bath Summer Sprint Series Qualifier) (Div II),GB,60,filly,Profitable,Just one win from her 32 starts and recent efforts on AW and turf don't suggest she is primed to double her tally; down the list.,[],,Scott Dixon,"{'runs': 19, 'wins': 1, 'percent': 5}",32,37
4,Just 1-14 but she's on a reduced mark and her win came after an absence; new headgear,Bath,Cats Eyes,2026-05-22,5f160y,4,14,-88476,Good,Rinky Tinky Tinky,Benoit De La Sayette,128,[],17:40,Vantage Point Racing Club,6,Blackmore Building Contractors Handicap (Bath Summer Sprint Series Qualifier) (Div II),GB,66,filly,Ardad,"Won stable debut at Nottingham last April (6f, good to firm) but she's gone the wrong way since and was a well-held eighth in her final two runs last year; has something to prove but she's on a reduced mark and her win came after a similar-length absence; first-time cheekpieces.",[],,Mrs Ilka Gansera-Leveque,"{'runs': 1, 'wins': 0, 'percent': 0}",,69
6,Winless since her 2yo days and has finished down the field in three runs on AW this year,Bath,Clifton Dancer,2026-05-22,5f160y,9,14,786-43,Good,Coco Hill,Taryn Langley,126,"[{'date': '2025-12-15', 'type': 'Wind Surgery'}]",17:40,S R Whistance,6,Blackmore Building Contractors Handicap (Bath Summer Sprint Series Qualifier) (Div II),GB,60,mare,Anjaal,"Winless since her 2yo days and she's finished down the field at Wolverhampton (5f, AW) in her three runs this year; losing run is now up 30 and others are preferred.",[],,Adrian Wintle,"{'runs': 9, 'wins': 0, 'percent': 0}",11,55
7,His last success was in July 2024 and has form figures of 87909 this year; opposable,Bath,Pallas,2026-05-22,5f160y,13,14,90978-,Good,Tilsworth Ony Ta,Oliver Carmichael,126,[],17:40,M Ng,6,Blackmore Building Contractors Handicap (Bath Summer Sprint Series Qualifier) (Div II),GB,60,gelding,Ardad,Five-time winner but his last success was in July 2024 and he has form figures of 87909 this year; opposable.,[],,J R Jenkins,"{'runs': 5, 'wins': 0, 'percent': 0}",20,31
4,17-race maiden who has struggled in her last four runs; makes no appeal,Bath,Cajun Moon,2026-05-22,5f160y,14,14,9-0974,Good,Bluesy Moon,Kieren Fox,126,[],17:40,Canisbay Bloodstock,6,Blackmore Building Contractors Handicap (Bath Summer Sprint Series Qualifier) (Div II),GB,63,filly,Ardad,"17-race maiden who has had plenty of chances off basement marks and was beaten 12l on her reappearance at Lingfield (6f, AW) last month; makes no appeal.",[],,Michael Attwater,"{'runs': 10, 'wins': 1, 'percent': 10}",40,36
6,6yo who has struggled at big prices in all four runs; lots to prove on turf/seasonal debut,Bath,Crimson Fern,2026-05-22,5f160y,11,14,-070/0,Good,Titus Thor,Rhys Clutterbuck,126,[],17:40,M S Saunders,6,Blackmore Building Contractors Handicap (Bath Summer Sprint Series Qualifier) (Div II),GB,60,gelding,Hellvelyn,"Very lightly raced 6yo but he's struggled at big prices in all of his runs including on handicap debut at Wolverhampton (6f, AW) in November; now switches to turf but he needs a transformation after six months off.",[],,Malcolm Saunders,"{'runs': 0, 'wins': 0, 'percent': None}",,
4,Improver who has won at Bath in her last two starts; big player back down in trip,Bath,Next One,2026-05-22,1m,4,14,113133,Good,Eutropia,Ashley Lewis,134,[],18:15,Not Another Syndicate & Partner,6,Download The Fairplay App Now Handicap,GB,78,filly,Study Of Man,No win in her first 13 starts but she's won three of her last four including at Bath (1m/1m2f) in her last two runs; up 3lb for her narrow success last time but she's open to more progress and is versatile ground-wise; big player back down in trip.,[],,Adrian Wintle,"{'runs': 9, 'wins': 0, 'percent': 0}",11,43
4,Won at Newbury and Yarmouth in the last seven days; strongly respected under a penalty,Bath,Tiyama,2026-05-22,1m,8,14,1168-0,Good,Tilani,Jack Dace,135,[],18:15,Gonzales And Michael Watt,6,Download The Fairplay App Now Handicap,GB,77,gelding,Belardo,"Ex-Irish 4yo who got back on track when landing an apprentice handicap at Newbury (1m, good) last week and followed up in similar conditions at Yarmouth on Wednesday; has a penalty this time but he's on a roll and would be strongly respected if turned out quickly again.",[],,Ian Williams,"{'runs': 31, 'wins': 3, 'percent': 10}",35,67
4,Won by 4l over C&D last month and was a close third over 1m2f last time; respected,Bath,Sunrise Rose,2026-05-22,1m,3,14,3125-2,Good,Oasis Sunrise,Rossa Ryan,134,[],18:15,In For A Pound,6,Download The Fairplay App Now Handicap,GB,75,filly,Bated Breath,"Just two wins from 30 starts but her last success was by 4l over C&D (firm) last month and she backed that up with a close third at Leicester (1m2f, good to firm); on same mark as last time and she should be in the thick of things again.",[],,Grace Harris,"{'runs': 17, 'wins': 1, 'percent': 6}",29,51
5,Won at Wolverhampton in March and has claims if he can transfer that form back to turf,Bath,Rockshine,2026-05-22,1m,13,14,122519,Good,Danehill Star,Jack Doughty,130,[],18:15,The Rebelle Boys,6,Download The Fairplay App Now Handicap,GB,73,gelding,Ten Sovereigns,Improved his AW strike-rate to 6-29 when justifying favouritism at Wolverhampton (9.4f) in March; record of 0-8 on turf but he ran some good races on fast ground last summer and he's in the mix off only 2lb higher than last time.,[],,Tony Carroll,"{'runs': 44, 'wins': 10, 'percent': 23}",61,
5,Won on AW in December and she's been placed at Bath in last two starts; shortlisted,Bath,Savoy Showgirl,2026-05-22,1m,12,14,23-881,Good,Rating,Hollie Doyle,133,[],18:15,Park Lane Accountants Ltd,6,Download The Fairplay App Now Handicap,GB,74,mare,Profitable,"Record of 1-26 but her win was at Wolverhampton (9.4f, AW) in December and she's finished placed at this track (1m/1m2f) in last two runs; did well to hang in there after getting pestered for the lead last time and she should go well again back in trip.",[],,Grace Harris,"{'runs': 17, 'wins': 1, 'percent': 6}",29,43
5,His last win was 13 months ago but he's run two promising races for James Owen this spring,Bath,Heavens Angel,2026-05-22,1m,2,14,62723-,Good,Super Hit,Kieran ONeill,135,[],18:15,R J Lorenz,6,Download The Fairplay App Now Handicap,GB,74,gelding,Too Darn Hot,"His last win was 13 months ago but he's run two promising races for James Owen this spring and was beaten less than 2l when sixth at Leicester (1m, good to firm; 9-2) last time; remains well handicapped on his old form and he shouldn't be far away.",[],,James Owen,"{'runs': 49, 'wins': 4, 'percent': 8}",61,37
4,Record of 1-17 but she was a close second at Kempton last time; dangerous back on turf,Bath,Dream On Me,2026-05-22,1m,14,14,26837-,Good,Berning Hot,Kieren Fox,128,[],18:15,Dare To Dream & Martyn Cruse,6,Download The Fairplay App Now Handicap,GB,74,filly,Ravens Pass,"Overall record of 1-17 but she gave it a good shot under a prominent ride when runner-up at Kempton (1m, AW) two weeks ago; only 1lb higher back on turf and she could make another bold bid.",[],,Michael Attwater,"{'runs': 10, 'wins': 1, 'percent': 10}",40,
9,All seven wins have been over shorter trips but was runner-up over C&D latest; dangerous,Bath,Effige,2026-05-22,1m,10,14,29-061,Good,Amathus,David Probert,125,[],18:15,David Henery,6,Download The Fairplay App Now Handicap,GB,74,gelding,Anjaal,All of his seven wins have been over shorter trips but he produced a strong finish when a 2l second over C&D (good) 18 days ago; on unchanged mark and has possibilities if he can find some extra spark.,[],,Patrick Chamings,"{'runs': 5, 'wins': 0, 'percent': 0}",,67
6,Hard to predict but he won this race off 3lb higher last year; one to keep an eye on,Bath,Mumtaza,2026-05-22,1m,11,14,7-8584,Good,Dappled Light,Joe Leavy,126,[],18:15,P J King & Son,6,Download The Fairplay App Now Handicap,GB,73,gelding,Twilight Son,"Hard to predict and was out the back on his C&D reappearance last month, but he may have needed that run and he won this race (firm) off 3lb higher last year; should get a good pace to aim at and he needs a close look in the market.",[],,Adrian Wintle,"{'runs': 9, 'wins': 0, 'percent': 0}",11,72
4,His form slumped on AW latest and he needs to bounce back near best,Bath,Emperatriz,2026-05-22,1m,9,14,745412,Good,Antiquity,William Carver,135,[],18:15,P&h Moorhead J Collins And S Piper,6,Download The Fairplay App Now Handicap,GB,74,gelding,Tasleet,"Ended a lengthy losing run when scoring at Lingfield (1m, Polytrack) in February; wasn't far off that level in next three runs but his form slumped at Lingfield three weeks ago; only 1lb higher than for last success but he needs to bounce back on this return to turf.",[],,Jamie Osborne,"{'runs': 10, 'wins': 1, 'percent': 10}",30,69
4,Won at Kempton in March but she's been well held last twice and others are preferred,Bath,Escallonia,2026-05-22,1m,5,14,592131,Good,Rosemarys Rose,Jack Gilligan,127,[],18:15,Middleham Park Racing CVII,6,Download The Fairplay App Now Handicap,GB,76,filly,Belardo,"Won off 4lb lower at Kempton (1m, Polytrack) in March but she's been well held at Nottingham and Lingfield in her last two runs; has bit to prove again and she's now 0-8 on turf.",[],,Rod Millman,"{'runs': 21, 'wins': 2, 'percent': 10}",29,58
5,Unexposed 5yo but he needs a transformation upped to 1m on handicap debut,Bath,Conniption,2026-05-22,1m,1,14,07/6,Good,Hammal,Callum Hutchinson,126,[],18:15,The Regal Eagles,6,Download The Fairplay App Now Handicap,GB,70,gelding,No Nay Never,Showed some ability on his Wolverhampton debut in December 2024 but he's struggled at massive prices in two AW runs (7f/6f) this winter; this unexposed 5yo now goes handicapping but he needs a transformation at this new trip.,[],,Max Young,"{'runs': 3, 'wins': 0, 'percent': 0}",33,
4,Unplaced in all 11 starts and she's been tailed in both runs this year including over C&D,Bath,Powerful Dream,2026-05-22,1m,6,14,89-577,Good,Havanas Dream,Sean D Bowen,116,[],18:15,Ms Sue Bradley,6,Download The Fairplay App Now Handicap,GB,58,filly,Havana Grey,Unplaced in all 11 starts and she's been tailed in both runs this year including over C&D last month; first-time visor replaces cheekpieces.,[],,Ronald Harris,"{'runs': 2, 'wins': 0, 'percent': 0}",50,58
5,Both wins were in 2024 and he's failed to beat a rival over C&D in last two runs,Bath,Mollies Girl,2026-05-22,1m,7,14,897-09,Good,Weston Court,NON-RUNNER,116,[],18:15,R Jarrett,6,Download The Fairplay App Now Handicap,GB,,gelding,National Defense,Both of his wins came in the summer of 2024 but he's generally struggled since and has failed to beat a rival over C&D (good to soft/firm) in last two runs; has lots to prove in new headgear and this is highly competitive for the grade.,[],,Ronald Harris,"{'runs': 2, 'wins': 0, 'percent': 0}",50,
3,Expensive to follow but he sets a good standard and holds strong claims in this field,Pontefract,Ventura Jazz,2026-05-22,6f,1,9,83-328,Good To Soft,Naval Light,Jack Nicholls,133,[],18:20,Wathnan Racing,4,Book For Fathers Day Sunday 21st June Maiden Stakes (GBB Race),GB,94,gelding,Havana Grey,He has been expensive to follow thus far but he has been consistent in terms of his RPR and this is easier than the Newmarket handicap he contested three weeks ago; cheekpieces experiment quickly aborted; well drawn and he holds strong claims.,"[{'horse': 'Naval Light', 'horse_id': 7578889, 'quote': ""I rate him highly and was delighted with his first run at Beverley. If he'd have jumped a bit sharper he'd have probably won, but it was a good start and we've got the option of running in the Coventry Stakes or the Norfolk. At the moment it's looking more like the Norfolk because Wathnan have other options for the Coventry but he'll have an entry in both in case plans change. We won the Norfolk with Shareholder last season but Naval Light is a more laid-back character with a lot of ability.    12-06-25""}]",,K R Burke,"{'runs': 42, 'wins': 6, 'percent': 14}",55,83
3,Two encouraging runs over 7f; any improvement for the drop in trip will see him involved,Pontefract,Classic Code,2026-05-22,6f,3,9,37,Good To Soft,Viper,P J McDonald,133,[],18:20,Bond Thoroughbred Limited,4,Book For Fathers Day Sunday 21st June Maiden Stakes (GBB Race),GB,79,gelding,Zoustar,"Confirmed the promise of his Doncaster debut (7f, good to soft) when finishing a close third at Newcastle (7f) three weeks ago; drop in trip shouldn't be a problem and he holds each-way claims once again.",[],,Brian Ellison,"{'runs': 22, 'wins': 1, 'percent': 5}",45,40
3,Second at Doncaster and Ayr but well beaten on soft ground at Haydock yesterday,Pontefract,Fairy Dust,2026-05-22,6f,9,9,822-9,Good To Soft,Stoneacre Joe,Sean Kirrane,133,[],18:20,R Teatum,4,Book For Fathers Day Sunday 21st June Maiden Stakes (GBB Race),GB,83,gelding,Showcasing,Looked a different proposition in his first two runs this year when second at Doncaster (100-1) and Ayr (higher RPR); looked open to further progress but soundly at Haydock (soft; his first run away from good to firm ground) on Thursday and drawn widest here.,[],,Tim Easterby,"{'runs': 106, 'wins': 12, 'percent': 11}",40,63
3,Similar level of form in two fast-ground 6f runs 261 days apart; improvement essential,Pontefract,Magical Summer,2026-05-22,6f,7,9,5-3,Good To Soft,Kings Road Dandy,Oisin Orr,133,[],18:20,Clive and Laura Washbourn,4,Book For Fathers Day Sunday 21st June Maiden Stakes (GBB Race),GB,67,gelding,Dandy Man,"Third of eight in a C&D maiden on sole 2yo start last August; absent until reappearing at Doncaster four weeks ago (gelded after debut), a race where he failed to get home having taken a strong hold; slower ground to deal with today; improvement essential.",[],,David & Nicola Barron,"{'runs': 14, 'wins': 1, 'percent': 7}",43,51
3,"80,000euros half-sister to three winners; she has a useful standard to aim at on debut",Pontefract,Portico,2026-05-22,6f,8,9,,Good To Soft,Lady Vega,Connor Beasley,128,[],18:20,H & R Racing Limited,4,Book For Fathers Day Sunday 21st June Maiden Stakes (GBB Race),GB,,filly,Lucky Vega,"80,000euros yearling; sixth foal; half-sister to winners Flashcard (Group-placed 6f-1m including 2yo; RPR 110), Look Back Smiling (6f-1m including 2yo/AW; 94) and Action Motion (2m hurdle); dam unraced half-sister to useful 6f-1m winner Mucho Applause; she has a useful standard to aim at on debut but her pediigree offers hope.","[{'horse': 'Lady Vega', 'horse_id': 7466852, 'quote': ""She's a half-sister to Look Back Smiling. Her early work was really pleasing and she has a great attitude. She needs some time to finish developing, so we've backed off her for now but I'm looking forward to her later in the season. 23-04-25""}]",,Gemma Tutty,"{'runs': 13, 'wins': 2, 'percent': 15}",46,
3,Signs of ability in two 6f runs this spring; new blinkers need to have a big effect though,Pontefract,Special Purpose,2026-05-22,6f,4,9,74,Good To Soft,Star With Purpose,Jason Hart,133,[],18:20,Roger J Marley,4,Book For Fathers Day Sunday 21st June Maiden Stakes (GBB Race),GB,67,gelding,Zoustar,Promise in a couple of 6f runs this spring (good to soft and good to firm) but that form lags well short of what will be required today; blinkers now added.,[],,John & Sean Quinn,"{'runs': 12, 'wins': 2, 'percent': 17}",33,67
3,Ran to a modest level on her Southwell debut (6f) two weeks ago; longer-term prospect,Pontefract,Global Light,2026-05-22,6f,6,9,4,Good To Soft,Tommies Angel,Kaiya Fraser,128,[],18:20,Ride for Tommie Racing Club,4,Book For Fathers Day Sunday 21st June Maiden Stakes (GBB Race),GB,55,filly,Dark Angel,Ran to a modest level on her Southwell debut (6f) two weeks ago; longer-term prospect.,[],,Rebecca Menzies,"{'runs': 21, 'wins': 1, 'percent': 5}",29,
3,33-1 when weakening into seventh on Newcastle debut last month (7f); may need more time,Pontefract,Almond Branches,2026-05-22,6f,2,9,7,Good To Soft,Leelawadee,Mark Winn,128,[],18:20,Made In Thailand,4,Book For Fathers Day Sunday 21st June Maiden Stakes (GBB Race),GB,63,filly,Lope Y Fernandez,33-1 for her Newcastle debut last month (7f) and dropped away having taken a keen hold; may need more time.,[],,Michael Dods,"{'runs': 39, 'wins': 3, 'percent': 8}",36,
3,Dam a maiden from the family of Sinndar; 6f likely to be an inadequate test on debut,Pontefract,Orderofsuccession,2026-05-22,6f,5,9,,Good To Soft,Lineofsuccession,Jonny Peate,128,[],18:20,A C Cook & Partner,4,Book For Fathers Day Sunday 21st June Maiden Stakes (GBB Race),GB,,filly,Territories,First foal of a maiden from the family of Sinndar; 6f looks on the sharp side given her pedigree.,[],,Ivan Furtado,"{'runs': 22, 'wins': 2, 'percent': 9}",36,
2,Kept on well for second over 5f here last month; sets the standard and can do better at 6f,Pontefract,New Road Side,2026-05-22,6f,5,10,25,Good To Soft,Too Many Spirits,Paul Mulrennan,130,[],18:52,S Bland,2,Juddmonte EBF Restricted Maiden Stakes (Bands B-D) (EBF Restricted Race Qualifier) (GBB Race),GB,84,gelding,Rajasinghe,"Market mover on his Thirsk debut but he needed the experience and could only manage fifth; much better when second of eight here (5f, good) 31 days ago, keeping on well having run green when initially coming off the bridle; 6f should suit and he sets the standard.",[],,Tony Coyle & Kaine Wood,"{'runs': 9, 'wins': 0, 'percent': 0}",44,69
2,"Second at Hamilton last week (6f, good); open to further progress; high on the list",Pontefract,Mujadil Jane,2026-05-22,6f,3,10,24,Good To Soft,Ricky Punting,Pierre-Louis Jamin,127,[],18:52,Millennial Racing,2,Juddmonte EBF Restricted Maiden Stakes (Bands B-D) (EBF Restricted Race Qualifier) (GBB Race),GB,76,gelding,Nando Parrado,"Promise at Bath on debut and again when plugging on for second at Hamilton last week (6f, good); remains capable of better and he's high on the list.",[],,Tom Dascombe,"{'runs': 12, 'wins': 1, 'percent': 8}",50,74
2,Green when fifth of nine on his Kempton debut 18 days ago; could take a big step forward,Pontefract,Twist Of Hay,2026-05-22,6f,1,10,5,Good To Soft,Green Sovereign,Kaiya Fraser,133,[],18:52,Simon Munir & Isaac Souede,2,Juddmonte EBF Restricted Maiden Stakes (Bands B-D) (EBF Restricted Race Qualifier) (GBB Race),GB,65,colt,Lope Y Fernandez,"Promise amidst inexperience when fifth of nine on his Kempton debut (6f, AW) 18 days ago; well drawn and could take a big step forward.",[],,Harry Eustace,"{'runs': 13, 'wins': 2, 'percent': 15}",38,
2,"Good late headway to take third at Lingfield (6f, AW) three weeks ago; open to improvement",Pontefract,Tasleya,2026-05-22,6f,6,10,3,Good To Soft,Adoramus,Jonny Peate,133,[],18:52,Mr And Mrs R Everist And Partner,2,Juddmonte EBF Restricted Maiden Stakes (Bands B-D) (EBF Restricted Race Qualifier) (GBB Race),GB,61,colt,Zoustar,"12-1 for his Lingfield debut three weeks ago (6f, AW), a race where he kept on stealthily to take third; open to plenty of improvement but it will be needed.",[],,Jack Morland,"{'runs': 11, 'wins': 1, 'percent': 9}",45,
2,"52,000gns half-brother to six winners (including Group 3); likely type on breeding",Pontefract,Zanoubiya,2026-05-22,6f,4,10,,Good To Soft,Le Grand Etoile,Jason Hart,133,[],18:52,Middleham Park Racing Cxxvi,2,Juddmonte EBF Restricted Maiden Stakes (Bands B-D) (EBF Restricted Race Qualifier) (GBB Race),GB,,colt,Shaman,"17,000euros foal, 52,000gns yearling; ninth foal; half-brother to six winners including Zannda (1m2f-1m4f including Group 3; RPR 103), Zanndabad (1m1f-10.5f Flat including 2yo, 101; useful 2m4f-2m6f hurdle) and Zenya (1m2f; 88); dam 1m4f AW winner (75); enough paper appeal to enter calculations.",[],,Charlie Johnston,"{'runs': 41, 'wins': 6, 'percent': 15}",46,
2,Unplaced in two 5f runs; should be suited by 6f but improvement is essential,Pontefract,Evolica,2026-05-22,6f,9,10,49,Good To Soft,Arrbob,Harry Russell,130,[],18:52,Johnsons And Thwaites,2,Juddmonte EBF Restricted Maiden Stakes (Bands B-D) (EBF Restricted Race Qualifier) (GBB Race),GB,67,colt,Ardad,His two runs over 5f suggest this longer trip will suit; can do better but he will need a good deal more to win.,[],,Richard & Peter Fahey,"{'runs': 62, 'wins': 8, 'percent': 13}",47,62
2,"20,000gns half-brother to six winners; yard 0-8 (all unplaced) with 2yos this year",Pontefract,Real Me,2026-05-22,6f,8,10,,Good To Soft,Real Edition,P J McDonald,130,[],18:52,Peter Onslow,2,Juddmonte EBF Restricted Maiden Stakes (Bands B-D) (EBF Restricted Race Qualifier) (GBB Race),GB,,colt,Calyx,"20,000gns yearling; eighth foal; half-brother to six winners including Real Force (5f-7.5f including 2yo; RPR 109), Real Gain (1m-1m2f including 2yo/AW; 107), Av A Word (1m2f; 75) and Hic Bibi (5.5f-7f; including 2yo/AW; 70); dam unraced half-sister to 6f 2yo Group 3 winner Camargo; likely type on paper but stable 0-8 (none placed) with 2yos this year.",[],,Craig Lidster,"{'runs': 10, 'wins': 0, 'percent': 0}",50,
2,"6,000euros half-brother to five winners out of an 8.5f winner; yard 0-8 with 2yos in 2026",Pontefract,Hedaaya,2026-05-22,6f,10,10,,Good To Soft,Fasthope,Cam Hardie,127,[],18:52,Keith Brown,2,Juddmonte EBF Restricted Maiden Stakes (Bands B-D) (EBF Restricted Race Qualifier) (GBB Race),GB,,gelding,Inns Of Court,"5,000euros foal, 6,000euros yearling; eleventh foal; half-brother to five winners including Tamadhor (7f including 2yo; RPR 104), Bawaasil (7f/1m; 89), Madroos (1m; 83) and Alnaas (7f AW; 81); dam 8.5f winner (86), half-sister to 6f 2yo Group 2 winner Memory; stable yet to hit the target with 2yos this year (0-8).",[],,Brian Ellison,"{'runs': 22, 'wins': 1, 'percent': 5}",45,
2,Only minor appeal on paper and yard's newcomers tend to be better for a run,Pontefract,Chime Hope,2026-05-22,6f,7,10,,Good To Soft,College Boy,Sean Kirrane,127,[],18:52,Habton Racing,2,Juddmonte EBF Restricted Maiden Stakes (Bands B-D) (EBF Restricted Race Qualifier) (GBB Race),GB,,gelding,Oasis Dream,Fourth foal of an unraced half-sister to useful US 1m-1m1f winner Maximova; stable's newcomers usually better for their debut.,[],,Tim Easterby,"{'runs': 106, 'wins': 12, 'percent': 11}",40,
2,"70,000euros close relation of 6f 2yo winner French Affair (RPR 78); yard 3% with turf 2yos",Pontefract,Clearly Crystal,2026-05-22,6f,2,10,,Good To Soft,Mr Minz,Greg Fairley,133,[],18:52,Ian Jones,2,Juddmonte EBF Restricted Maiden Stakes (Bands B-D) (EBF Restricted Race Qualifier) (GBB Race),GB,,colt,Minzaal,"70,000euros yearling; second foal; closely related to 6f 2yo winner French Affair (RPR 78); dam a modest four-race maiden (64); stable's 3% strike-rate with turf 2yos in the last five seasons tempers enthusiasm.",[],,Iain Jardine,"{'runs': 35, 'wins': 1, 'percent': 3}",29,
6,"Two wins, including C&D, and a second from three runs this year; respected despite draw",Pontefract,Jollyhockeysticks,2026-05-22,5f3y,9,10,211-73,Good To Soft,Betweenthesticks,James Sullivan,131,"[{'date': '2024-11-12', 'type': 'Wind Surgery'}]",19:22,J A Swinburne & Mrs Ruth A Carr,5,FBS Chartered Accountants Handicap,GB,85,gelding,Captain Gerrard,"He has returned from a six-month break in rude health, winning at Wolverhampton and over C&D (second C&D success) last month and running well in his hat-trick bid at Ripon a fortnight ago; wide draw not ideal for a front-runner but he isn't handicapped out of things; trainer also runs Jojo Rabbit.","[{'horse': 'Betweenthesticks', 'horse_id': 4251623, 'quote': ""He's been a really good buy, winning three times and being placed on four other occasions last season. He's been really fun for his owners. He's genuine and straightforward. He'll go to Pontefract or Wolverhampton on April 21. He can be competitive off his current handicap mark. 15-04-26""}]",,Ruth Carr,"{'runs': 33, 'wins': 2, 'percent': 6}",61,80
8,Conditions no problem and he went close off this mark at Beverley ten days ago; well drawn,Pontefract,Berkshire Honey,2026-05-22,5f3y,1,10,27618-,Good To Soft,Jojo Rabbit,Joanna Mason,126,[],19:22,Grange Park Racing XIII & Ruth Carr,5,FBS Chartered Accountants Handicap,GB,88,gelding,Due Diligence,Made all to win a Class 6 handicap over C&D last month; not so good on his next two starts but returned to his recent best when a close second at Beverley ten days ago; runs off the same mark today and he's ideally drawn to attack; should go well.,"[{'horse': 'Jojo Rabbit', 'horse_id': 2996576, 'quote': ""He has won nine races in total and seven for us, the latest at Pontefract last week. He's been a really fun horse for the syndicate that owns him as he gets out and about plenty. He's better with a bit of dig in the ground these days. He's well able off the handicap mark he's got at the moment, so hopefully he can go in again this season. He did it nicely at Pontefract. He has an entry at Wolverhampton on Friday, just in case we can run him well in at the weights and ahead of the handicapper. 15-04-26""}]",,Ruth Carr,"{'runs': 33, 'wins': 2, 'percent': 6}",61,77
5,On a losing run but on a dangerous mark and he can't be ruled out from a handy draw,Pontefract,Katla,2026-05-22,5f3y,2,10,76-930,Good To Soft,Knicks,Lewis Chalkley,124,[],19:22,Bruisers Boys Nordoff Windle Westwood,5,FBS Chartered Accountants Handicap,GB,84,gelding,Invincible Spirit,Over two years since the second of his two wins; lurks on a dangerous mark though and his two runs this year have seen him finish within 3l of the winner; has his first run at Pontefract but he is effective around a left-hand turn; can't rule out from a handy draw.,[],,Michael & David Easterby,"{'runs': 31, 'wins': 2, 'percent': 6}",35,58
4,17th time lucky when winning at Catterick last month; 5lb rise might find him out,Pontefract,Excelette,2026-05-22,5f3y,8,10,1095-6,Good To Soft,Lucius Aurelius,Jack Nicholls,122,"[{'date': '2024-07-02', 'type': 'Wind Surgery'}]",19:22,John Kelly John McNeill & Kevin Mowatt,5,FBS Chartered Accountants Handicap,GB,86,gelding,Zoustar,"Off the mark at the 17th attempt when leading late at Catterick last month (5f, good); beat a subsequent winner on that occasion but a 5lb rise might prove beyond him.",[],,Kevin Ryan,"{'runs': 34, 'wins': 5, 'percent': 15}",47,73
9,"Four-time C&D winner, including this race in 2024; stall 10 dents confidence today",Pontefract,Mail Express,2026-05-22,5f3y,10,10,4536-0,Good To Soft,Ventura Express,Paul Mulrennan,135,[],19:22,Buist Crowther & Shields,5,FBS Chartered Accountants Handicap,GB,86,gelding,Mayson,"Four of his six wins have come over C&D, including the corresponding race in 2024; drew a blank in 2025 but retains ability and he has run some solid races in defeat this year too, keeping on for fourth at Beverley 18 days ago; drops in class but he has the widest stall to contend with.","[{'horse': 'Ventura Express', 'horse_id': 2806541, 'quote': ""He's been fantastic for us. He pays his way and is worth his weight in gold. The ideal scenario for him is a stiff 5f with an end-to-end gallop. He just failed last time at Pontefract, where they didn't go much of a pace. 14-08-25""}]",,Paul Midgley,"{'runs': 23, 'wins': 3, 'percent': 13}",30,72
6,Not at his best back on turf last month but he has often run well at this track,Pontefract,Textured,2026-05-22,5f3y,6,10,566551,Good To Soft,Kings Crown,Sean Kirrane,133,[],19:22,Dods Racing Club,5,FBS Chartered Accountants Handicap,GB,84,gelding,Starspangledbanner,Two AW wins this winter; never in the hunt at Wetherby last month on his return to turf but he is effective over C&D and seems to handle any ground; not ruled out.,"[{'horse': 'Kings Crown', 'horse_id': 4241628, 'quote': ""We got him earlier this season from Adrian Nicholls. He was highly tried at two and three and has now dropped to what is a good handicap mark. He started the season on 72 and is down to 62 now. When he puts it together I can't believe he won't be winning soon. He'd be my dark horse. 28-08-24""}]",,Michael Dods,"{'runs': 39, 'wins': 3, 'percent': 8}",36,63
4,"Impressed in 1st-time visor (5f, AW) in December; many good runs since; needs more to win",Pontefract,Wild Bloom,2026-05-22,5f3y,5,10,40333-,Good To Soft,Ay Gee Ell,Oisin Orr,130,[],19:22,Advance Group UK Ltd,5,FBS Chartered Accountants Handicap,GB,85,gelding,Sands Of Mali,Blitzed his rivals at Southwell in December (5f) when a visor was first used; generally run well in defeat since but he will need to pull out more to take this prize.,[],,Richard & Peter Fahey,"{'runs': 62, 'wins': 8, 'percent': 13}",47,56
6,Beaten 17 times since winning first two starts; drops in class on ground that should suit,Pontefract,Dusty,2026-05-22,5f3y,7,10,0-5939,Good To Soft,Changeofmind,Zak Wheatley,135,[],19:22,Ursa Major Racing & Riverside Racing,5,FBS Chartered Accountants Handicap,GB,85,gelding,Sioux Nation,Won his first two starts but beaten 17 times since; down the field at Thirsk on last week's reappearance but drops in grade today and the slower ground should suit.,[],,Declan Carroll,"{'runs': 15, 'wins': 2, 'percent': 13}",40,80
4,Missed out by a short-head over C&D last month; draw excuse latest; stable runs two here,Pontefract,Angelic Light,2026-05-22,5f3y,4,10,8420-5,Good To Soft,Fuji Mountain,Harry Smith,130,[],19:22,Ray Flegg John Bousfield & Partner,5,FBS Chartered Accountants Handicap,GB,85,gelding,Invincible Spirit,Won twice at Chester as a 2yo; just missed out over C&D last month (blinkers first time) when finding only Betweenthesticks too strong; ran okay at Beverley next time and he was drawn wide when disappointing back there ten days ago; stable also run Changeofmind.,[],,Declan Carroll,"{'runs': 15, 'wins': 2, 'percent': 13}",40,81
6,"Two 6f wins last summer, the second of them off this mark; needs to build on recent return",Pontefract,Musicora,2026-05-22,5f3y,3,10,7-8454,Good To Soft,Mrs Trump,Cam Hardie,116,[],19:22,R Chapman G J Daly & R J Parks,5,FBS Chartered Accountants Handicap,GB,83,mare,James Garfield,"Last summer's two wins came over 6f, the second of them off this mark; should come on for her recent return to action but others appeal more for win purposes.","[{'horse': 'Mrs Trump', 'horse_id': 4415487, 'quote': ""What she lacks in ability, she makes up for in heart. She's very honest and genuine. She always does her best and she's done fantastically, winning three last year and a couple this time. She needs a flat 6f - she gets outpaced over 5f and runs out of track. 14-08-25""}]",,Paul Midgley,"{'runs': 23, 'wins': 3, 'percent': 13}",30,81
4,2-2 since cheekpieces went on; unpenalised for Sunday's Ripon win; drying ground will help,Pontefract,Surprise,2026-05-22,2m1f27y,2,7,1122-0,Good To Soft,Trojan Soldier,Jack Nicholls,125,[],19:52,Highbeck Racing,4,Thank You Alexia And Good Luck Handicap (GBBPlus Race),GB,96,gelding,Ulysses,"Improved for a step up in trip and then cheekpieces, getting off the mark at Southwell (1m6f) last month and following up at Ripon on Sunday (2m, good); escapes a penalty for that win and today's further rise in distance could spark additional progress; possible he could do with the ground drying out a bit but he's on the up and should make a bold bid to complete his hat-trick.",[],,Jedd OKeeffe,"{'runs': 8, 'wins': 1, 'percent': 13}",50,83
4,0-6 but he has shown a good level of ability; new trip/headgear could prompt improvement,Pontefract,Holy Moon,2026-05-22,2m1f27y,7,7,2-4523,Good To Soft,Sea Of Kings,Kaiya Fraser,135,[],19:52,Wathnan Racing,4,Thank You Alexia And Good Luck Handicap (GBBPlus Race),GB,92,gelding,Sea The Stars,"0-6 but he has recorded an RPR of 84 or more in each of his last five starts; beaten at odds-on at Doncaster on his reappearance (1m4f, good to firm) four weeks ago; stepping up to a marathon trip could prompt further progress, as could the new cheekpieces; shortlisted.",[],,Harry Eustace,"{'runs': 13, 'wins': 2, 'percent': 15}",38,80
5,2m2f winner here last October; unexposed and he's an interesting contender,Pontefract,America Mon Amie,2026-05-22,2m1f27y,5,7,-61327,Good To Soft,Action Pact,Joanna Mason,121,[],19:52,A G Pollock,4,Thank You Alexia And Good Luck Handicap (GBBPlus Race),GB,92,gelding,Golden Horn,"Improved as his stamina was drawn out last season, winning over 2m2f here in October (soft); below par on extremely deep ground at Nottingham when last seen 211 days ago but that is not the run to judge him on; unlikely he has reached his ceiling and he's an interesting contender.",[],,Michael & David Easterby,"{'runs': 31, 'wins': 2, 'percent': 6}",35,82
6,3rd on last two starts but he has 3.75l to find with Trojan Soldier on Sunday's Ripon run,Pontefract,Danilovna,2026-05-22,2m1f27y,4,7,339667,Good To Soft,Vaguely Royal,Cam Hardie,122,[],19:52,Eventmasters Racing,4,Thank You Alexia And Good Luck Handicap (GBBPlus Race),GB,91,gelding,Galileo,Comes here on the back of two third-place finishes but the latest was behind Trojan Soldier and there is no obvious reason why the placings would be reversed.,[],,Ian Williams,"{'runs': 31, 'wins': 3, 'percent': 10}",35,76
7,Won a chase on stable debut in November; well held on last month's return to the Flat,Pontefract,Ghanaati,2026-05-22,2m1f27y,3,7,6-9675,Good To Soft,Maghlaak,Kyle McHugh,134,[],19:52,New Vision Bloodstock,4,Thank You Alexia And Good Luck Handicap (GBBPlus Race),GB,96,gelding,Muhaarar,"Made a winning start for this yard in a novice handicap chase at Southwell (2m4f, soft) last November; finished a long way behind Sea Of Kings at Doncaster on his return to the Flat four weeks ago; others appeal more.","[{'horse': 'Maghlaak', 'horse_id': 4423974, 'quote': ""He finished well to win at Goodwood on his comeback, but he was drawn ten of ten at Redcar last time and could never get any cover. It was a non-event and I'm putting a line through it. He's a pretty talented horse, who likes to get his toe in, and I think the mile and a half would suit him well if he makes the cut. 13-06-24\n""}, {'horse': 'Maghlaak', 'horse_id': 4423974, 'quote': ""He's been a good servant for us. He ran a good race in the Group 3 Silver Cup at York and then went so close at Market Rasen. I think if we keep stepping him up in trip, we'll get similar or better results with him. We'll look at the staying race at the Shergar Cup meeting and continue to mix it between hurdles and the Flat. He might jump fences in time. 07-08-25""}]",,Mark Walford,"{'runs': 22, 'wins': 1, 'percent': 5}",23,91
7,2m2f winner here last April; not so good since and others should have his measure today,Pontefract,Miss ChicVindecy,2026-05-22,2m1f27y,6,7,5-5582,Good To Soft,Diamand De Vindecy,Ethan Tindall,119,[],19:52,Ee Williams & Je Brooke,4,Thank You Alexia And Good Luck Handicap (GBBPlus Race),GB,89,gelding,Diamond Green,"Ran away with a 2m2f handicap here last April; not quite so good since, including when well held back on the Flat at Ripon last month.",[],,Robert Bevis,"{'runs': 0, 'wins': 0, 'percent': None}",,86
8,Can blow the start; not the force of old and others have more pressing claims,Pontefract,Al Jassasiyah,2026-05-22,2m1f27y,1,7,046-27,Good To Soft,Wahraan,Shay Farmer,129,"[{'date': '2025-11-21', 'type': 'Wind Surgery'}]",19:52,NoHopersJokers & Rogues,4,Thank You Alexia And Good Luck Handicap (GBBPlus Race),GB,95,gelding,Le Havre,Quirky and sometimes blows the start; on a reduced mark and retains some ability but he is not the obvious solution to this puzzle.,"[{'horse': 'Wahraan', 'horse_id': 3226202, 'quote': ""He's very talented and an absolute rogue. He runs the most extraordinary races. At Southwell last week he was probably 30 lengths behind the last horse. He decided to lock on and ended up finishing third having run the most inefficient and energy-consuming race of all time. He'll drop right at some stage and I've just got to unlock his brain. If we can do that there's a good race in him off 84. 'd like to keep him on next year as we might just have a reset over the winter. I could see him charging through the handicap because he's got a lot of talent. 11-09-24""}]",,Jessica Bedi,"{'runs': 11, 'wins': 0, 'percent': 0}",27,74
4,AW hat-trick this winter and solid in defeat since; solid chance with headgear fitted,Pontefract,White Chocolate,2026-05-22,1m4f5y,2,8,233441,Good To Soft,Havachoc,P J McDonald,135,"[{'date': '2025-07-22', 'type': 'Wind Surgery'}]",20:22,Ambrose Turnbull,6,WTJ Insurance Brokers 40th Anniversary Handicap,GB,71,gelding,Havana Gold,"Completed a 1m4f AW hat-trick in January/February; series of good runs in defeat since, the latest when second at Wolverhampton two weeks ago; cheekpieces now given a go.",[],,Patrick Morris,"{'runs': 8, 'wins': 0, 'percent': 0}",50,65
4,Good 3rd at Musselburgh on first Flat run for the yard; she now has something to build on,Pontefract,Cirin Toinne,2026-05-22,1m4f5y,1,8,3-809/,Good To Soft,Blondina,Cam Hardie,130,[],20:22,Molly & Paul Willis,6,WTJ Insurance Brokers 40th Anniversary Handicap,GB,73,filly,Dawn Approach,"Modest maiden on the Flat in Ireland for Jim Bolger and showed little in three hurdles for current yard this year; last month's return to the Flat was much more encouraging though, keeping on strongly over 1m4f at Musselburgh, and she now has something to build on.",[],,Adam Nicol,"{'runs': 8, 'wins': 3, 'percent': 38}",63,65
5,Won this race last year & continued on the up afterwards; not yet exposed; absent 309 days,Pontefract,Dubai One,2026-05-22,1m4f5y,4,8,-21128,Good To Soft,Dubai Venture,Joanna Mason,130,[],20:22,Howard Thompson,6,WTJ Insurance Brokers 40th Anniversary Handicap,GB,70,gelding,Masar,Made all to win the corresponding race 12 months ago off a 6lb lower mark; followed up at Beverley in July and only just denied in his hat-trick bid when last seen 309 days ago; races off the same mark here and there should be more to come this year.,[],,Tina Jackson,"{'runs': 1, 'wins': 0, 'percent': 0}",,69
4,Three wins from his last seven runs but he ran poorly over 2m last time; can bounce back,Pontefract,Ice Eagle,2026-05-22,1m4f5y,7,8,9177-1,Good To Soft,Hickton,Zak Wheatley,134,[],20:22,Riverside Racing Syndicate,6,WTJ Insurance Brokers 40th Anniversary Handicap,GB,68,gelding,Kodiac,Took a while to get off the mark but he has won three of his last seven starts (1m4f-1m6f); poor run over 2m at Southwell two weeks ago; capable of bouncing back now dropping in distance.,[],,Declan Carroll,"{'runs': 15, 'wins': 2, 'percent': 13}",40,34
5,22-race maiden but he arrives on the back of two solid 3rd-place finishes; each-way shout,Pontefract,Hameem,2026-05-22,1m4f5y,6,8,335534,Good To Soft,Muhib,Cian Horgan,122,[],20:22,David L Bayliss,6,WTJ Insurance Brokers 40th Anniversary Handicap,GB,69,gelding,Too Darn Hot,"0-22 but he arrives in good form, third in minor handicaps at Beverley and Catterick on his last two starts; more minor money could be forthcoming.",[],,Olly Williams,"{'runs': 3, 'wins': 0, 'percent': 0}",67,63
6,Not at best Flat or hurdles last month; drop in trip can help but others appeal more,Pontefract,Langlauf,2026-05-22,1m4f5y,5,8,62-132,Good To Soft,Lillistar,Aiden Brookes,125,[],20:22,John Sidebottom & Mrs Kate Sidebottom,6,WTJ Insurance Brokers 40th Anniversary Handicap,GB,67,mare,Zoustar,Not at her best over hurdles or here (extended 2m5f) last month; drop in trip can help but others appeal more for win purposes.,[],,Micky Hammond,"{'runs': 20, 'wins': 1, 'percent': 5}",25,56
5,Exposed maiden; some good AW runs this year but behind Havachoc last time; opposable,Pontefract,Yanabeeaa,2026-05-22,1m4f5y,8,8,372367,Good To Soft,Apache Eagle,Tom Kiely-Marshall,122,[],20:22,Peak Racing,6,WTJ Insurance Brokers 40th Anniversary Handicap,GB,68,gelding,New Approach,0-17 and he blows hot and cold but there have been some good runs in defeat on AW this year; finished behind Havachoc at Wolverhampton two weeks ago and may do so again.,[],,Jessica Bedi,"{'runs': 11, 'wins': 0, 'percent': 0}",27,
7,5 wins at up to 9.4f; stays 1m3f but likely there will be stronger stayers in the line up,Pontefract,Khajool,2026-05-22,1m4f5y,3,8,5868-8,Good To Soft,Anificas Beauty,Faye McManoman,122,[],20:22,P Winks,6,WTJ Insurance Brokers 40th Anniversary Handicap,GB,71,mare,Exceed And Excel,Five wins at up to 9.4f; has form at 1m3f but suspicion there will be stronger stayers in the field.,[],,Peter Winks,"{'runs': 1, 'wins': 0, 'percent': 0}",,47
6,Three C&D wins including this race last year; 1lb below last winning mark; contender,Pontefract,Christmas Joy,2026-05-22,1m6y,7,10,87-376,Good To Soft,Mount King,Sean Kirrane,126,[],20:52,Ryedale Partners No1,5,Summer Sutton 18th Birthday Celebration Handicap,GB,91,gelding,National Defense,"Three of his four wins have come over C&D, including in this race 12 months ago; 1lb lower than for his last win and he should be at concert pitch with two runs under his belt; one for the shortlist.",[],,Tim Easterby,"{'runs': 106, 'wins': 12, 'percent': 11}",40,66
6,C&D win last October worked out well; good return at Hamilton; yard hitting top form,Pontefract,Never Lose,2026-05-22,1m6y,3,10,3-4112,Good To Soft,Arkenstaar,Connor Beasley,132,[],20:52,P Appleton & Mrs Anne Elliott,5,Summer Sutton 18th Birthday Celebration Handicap,GB,88,gelding,Kessaar,He was gaining his first win away from Hamilton when landing a C&D handicap last October off a 2lb lower mark; promising return to action at his beloved Hamilton 19 days ago; that should have blown away any cobwebs and he rates a strong contender for a yard who could be hitting top gear judged on recent results.,"[{'horse': 'Arkenstaar', 'horse_id': 4502653, 'quote': ""He's won five races, all of them at Hamilton. There were no options at Hamilton recently but he likes a track with a hill finish - Hamilton, Carlisle, Pontefract, Beverley - so he ran last time out at Pontefract. He ran a good race in second behind Zozimus, a well-handicapped horse for David O'Meara. He just got shuffled out of it at the start and was probably further back than Connor Beasley would have liked but he came home strongly. I hope he can go one better next time. 28-08-24""}]",,Michael Dods,"{'runs': 39, 'wins': 3, 'percent': 8}",36,73
6,Made all to win over C&D last month (visored first time); 2lb rise manageable,Pontefract,Aja,2026-05-22,1m6y,2,10,13454-,Good To Soft,Powerful Response,P J McDonald,123,[],20:52,M Gilgeous C Seeney & Partner,5,Summer Sutton 18th Birthday Celebration Handicap,GB,87,gelding,Starspangledbanner,Back to winning ways with a front-running C&D success 23 days ago (visored first time); up 2lb but should give it another good go.,[],,Geoffrey Harker,"{'runs': 4, 'wins': 0, 'percent': 0}",25,80
4,Ended 2025 with two heavy defeats over 1m2f; down in trip/class for her return; chance,Pontefract,Starlight Romance,2026-05-22,1m6y,5,10,-79331,Good To Soft,Callisto Dream,Callum Rodriguez,135,[],20:52,The Pistachio Partnership,5,Summer Sutton 18th Birthday Celebration Handicap,GB,88,filly,Kodi Bear,Won twice in novice company before running creditably in 1m handicaps at Ascot and Redcar last July; both subsequent runs have resulted in heavy defeats over 1m2f; returns from 222 days off at a lower level and back at a mile; not ruled out.,"[{'horse': 'Callisto Dream', 'horse_id': 6425073, 'quote': ""She won by five lengths at Goodwood last time and the form has been franked. The fourth bolted up at Windsor last week and the second was third in the same race. I'm looking forward to running her again but have waited for the Coconut Fillies' Cup at Beverley this weekend. 02-07-25""}]",,Edward Bethell,"{'runs': 31, 'wins': 1, 'percent': 3}",55,70
4,Nottingham winner last October off 4lb lower; best run since when 4th in headgear latest,Pontefract,Sweet Cecily,2026-05-22,1m6y,6,10,485-13,Good To Soft,Moonjid,Oisin Orr,133,"[{'date': '2024-09-16', 'type': 'Wind Surgery'}]",20:52,The Horse Watchers 5,5,Summer Sutton 18th Birthday Celebration Handicap,GB,88,gelding,Mohaather,"Ended 2025 with a breakthrough win at Nottingham (8.3f, good); ran his best race since when fourth back at Nottingham five weeks ago (cheekpieces first time); needs more to take this but it wouldn't be out of the question.",[],,Michael Appleby,"{'runs': 23, 'wins': 0, 'percent': 0}",39,46
4,Course winner; not beaten far at Thirsk on Saturday; good draw; drying ground would help,Pontefract,Maghzaa,2026-05-22,1m6y,1,10,576225,Good To Soft,Selection,Jason Hart,135,[],20:52,Ontoawinner & Partner,5,Summer Sutton 18th Birthday Celebration Handicap,GB,86,filly,Cotai Glory,6f course win as a 2yo; added a 1m handicap at Newcastle last October and there have been some near misses on AW this year too; not beaten far into fifth at Thirsk on Saturday on her return to Class 5 level; well drawn but slower than good would be a concern.,[],,Ivan Furtado,"{'runs': 22, 'wins': 2, 'percent': 9}",36,48
5,Four AW wins since December; return to 1m can help but no easy task off revised mark,Pontefract,Question Times,2026-05-22,1m6y,8,10,416133,Good To Soft,No Knee Never,Pierre-Louis Jamin,132,[],20:52,Nick Bradley Racing 18,5,Summer Sutton 18th Birthday Celebration Handicap,GB,86,gelding,No Nay Never,Four wins (6f to 8.6f) on AW since December; perhaps stretched by 1m2f when only fourth at Ripon a fortnight ago; returning to a mile should help but a career best is needed to defy this mark.,[],,James Owen,"{'runs': 49, 'wins': 4, 'percent': 8}",61,55
4,Two Class 6 wins last season; sharper for last month's return but others still appeal more,Pontefract,Maria Christina,2026-05-22,1m6y,10,10,7-2414,Good To Soft,Keats House,Joanna Mason,127,[],20:52,Middleham Park & Rond Point Partnership,5,Summer Sutton 18th Birthday Celebration Handicap,GB,85,gelding,Earthlight,Won two Class 6 handicaps at around 1m in the second half of 2025; creditable efforts off his revised mark to end that campaign and he should be sharper with last month's return to action behind him; others still appeal more for win purposes.,[],,Michael & David Easterby,"{'runs': 31, 'wins': 2, 'percent': 6}",35,78
4,No threat on recent seasonal/h'cap debut but she was keeping on at the finish; unexposed,Pontefract,Joyful Hope,2026-05-22,1m6y,4,10,7-324,Good To Soft,Hopeful Joy,Paul Mulrennan,128,[],20:52,Ms M Austerfield,5,Summer Sutton 18th Birthday Celebration Handicap,GB,82,filly,Mehmas,"Looked rusty on her seasonal/handicap debut at Beverley ten days ago (8.4f, good to firm; 40-1); kept on well enough to think this mark was in range; not yet exposed.",[],,Mark Walford,"{'runs': 22, 'wins': 1, 'percent': 5}",23,72
8,Conditions fine and slipping back down the weights but yet to shine in 2026,Pontefract,Tajbell,2026-05-22,1m6y,9,10,8650-0,Good To Soft,Distinction,Finlay Bassett,121,[],20:52,Mike And Wendy Yardley,5,Summer Sutton 18th Birthday Celebration Handicap,GB,84,gelding,Kodiac,Conditions no problem and he has slipped back down the weights but this year's efforts leave him with a point to prove.,[],,John Mackie,"{'runs': 5, 'wins': 0, 'percent': 0}",40,65
5,Unexposed 5yo and he needs a close look with tongue-tie added on chase debut,Worcester,Kolosseum,2026-05-22,2m110y,,5,9-4371,Good,Alba Crus,James Bowen,166,"[{'date': '2025-11-12', 'type': 'Wind Surgery'}]",16:57,Scott Turner,5,CopyBet And Worcester Partners For 2026 Handicap Chase (ARC Summer Chase Series Qualifier),GB,,gelding,Jimmy Two Times,Good-ground bumper winner who was placed in a 2m3f novice hurdle last season; ran poorly on recent handicap hurdle debut (2m4f) and now has a point to prove but might be aided by first-time tongue-tie and connections are evidently keen to switch him to fences.,[],,Warren Greatrex,"{'runs': 12, 'wins': 1, 'percent': 8}",33,
6,0-9 but he's in the mix on best hurdles form; needs watching in market on chase debut,Worcester,Miss Tongabezi,2026-05-22,2m110y,,5,-72P38,Good,Bongo Man,Sean Bowen,168,"[{'date': '2025-09-01', 'type': 'Wind Surgery'}]",16:57,The JGF Racing Club,5,CopyBet And Worcester Partners For 2026 Handicap Chase (ARC Summer Chase Series Qualifier),GB,,gelding,Jack Hobbs,"Nine-race maiden who has been inconsistent over hurdles but he was a close second in a Huntingdon handicap (2m, good; tongue-tie added) on his penultimate run; on same mark here and has possibilities if he can recapture that form on this switch to fences.",[],,Billy Aprahamian,"{'runs': 5, 'wins': 1, 'percent': 20}",20,
8,Hard to predict but was runner-up over fences (2m) on his penultimate run; in the mix,Worcester,Airlie Beach,2026-05-22,2m110y,,5,-P2P/3,Good,Electric Eddy,Sam Twiston-Davies,166,[],16:57,Mrs Rowland Crellin,5,CopyBet And Worcester Partners For 2026 Handicap Chase (ARC Summer Chase Series Qualifier),GB,107,gelding,Mount Nelson,"Won a 2m handicap hurdle here (good) in September 2024; pulled up in two of his four starts since but he was runner-up over fences at Hereford (2m, good) on his penultimate run; that form puts him in the picture and this unexposed chaser is not ruled out after another break.",[],,Nigel & Willy Twiston-Davies,"{'runs': 11, 'wins': 2, 'percent': 18}",45,97
9,17-race maiden under rules and was a well-held third at Hexham last time; others preferred,Worcester,Zegna,2026-05-22,2m110y,,5,3-4332,Good,Zero Tolerance,Conor Ring,164,[],16:57,L Fell,5,CopyBet And Worcester Partners For 2026 Handicap Chase (ARC Summer Chase Series Qualifier),GB,106,gelding,Lord Of England,"17-race maiden under rules; reached the frame on numerous occasions over fences but he was beaten 21l when third at Hexham (1m7f, good to soft) two weeks ago; should be fine back on the forecast quicker ground but he needs to get back near his best.",[],,Mrs C Williams,"{'runs': 9, 'wins': 1, 'percent': 11}",22,90
8,Won at Taunton and he had an excuse when stepped back up to 2m4f latest; respected,Worcester,Radical Rascal,2026-05-22,2m110y,,5,-61553,Good,Applicationofcash,Rian Corcoran,156,[],16:57,Rathkenny Racing Syndicate,5,CopyBet And Worcester Partners For 2026 Handicap Chase (ARC Summer Chase Series Qualifier),GB,104,gelding,Hillstar,"0-7 over hurdles but he made it fourth-time lucky over fences when scoring on his stable debut at Taunton (2m, good) in March; looked fortunate because the leader made a bad mistake at the last but he's only 2lb higher here and he had an excuse when stepped back up 2m4f last time; dangerous back in trip.",[],,Gordon Treacy,"{'runs': 0, 'wins': 0, 'percent': None}",,100
8,Dual slow-ground chase winner at around 2m4f; good effort latest; each-way player.,Worcester,Wind And Reign,2026-05-22,2m4f,,9,-2U115,Good,Atreides,Bradley Harris,150,[],17:32,The Chancers Partnership,4,Safer Gambling At CopyBet Handicap Chase (ARC Summer Chase Series Qualifier) (GBB Race),GB,124,gelding,Califet,"Off the mark at the 22nd attempt in a Plumpton chase (2m4f, good to soft; first-time tongue-tie and visor) last December; avoided a penalty and successfully followed up at Fontwell (2m3f, heavy); matched that effort at Wincanton (2m4f, heavy) latest; acts on good; each-way player.","[{'horse': 'Atreides', 'horse_id': 4725810, 'quote': ""He has been very consistent for us. We're probably going to just freshen him up now a little bit. Since he's had the visor on he's had two wins (at Plumpton and Fontwell) and a second at Wincanton, so that's obviously helped him. We'll freshen him up and have him back for the spring. 04-02-26""}]",,Neil Mulholland,"{'runs': 15, 'wins': 2, 'percent': 13}",40,115
11,Not far off his best recent form latest; up 2lb but should again be thereabouts.,Worcester,Absaloms Girl,2026-05-22,2m4f,,9,-26411,Good,Lermoos Legend,James Bowen,162,[],17:32,Jonathan Martin,4,Safer Gambling At CopyBet Handicap Chase (ARC Summer Chase Series Qualifier) (GBB Race),GB,125,gelding,Midnight Legend,"Experienced chaser with a good strike rate (9-48 and placed on 20 other occasions); returned from a winter break not far off his best recent form when 1l second at Ffos Las (2m3f, good) last month; up 2lb but should again be thereabouts.",[],,Mickey Bowen,"{'runs': 24, 'wins': 3, 'percent': 13}",46,118
9,Ready winner at Southwell on his penultimate start; below par latest; still well treated.,Worcester,Molly Be,2026-05-22,2m4f,,9,4-1914,Good,Ukantango,Sean Bowen,163,"[{'date': '2025-05-23', 'type': 'Wind Surgery'}, {'date': '2024-01-12', 'type': 'Wind Surgery'}]",17:32,Ladies In Racing 1,4,Safer Gambling At CopyBet Handicap Chase (ARC Summer Chase Series Qualifier) (GBB Race),GB,125,gelding,Ocovango,"Triple hurdle winner and chase winner (2m4f), on good or slower; that chase win came readily on his penultimate start, at Southwell; unable to back that up after a 7lb rise and step up in grade at Uttoxeter (2m5f, good) latest; still well treated on his winning effort, if he can repeat it.","[{'horse': 'Ukantango', 'horse_id': 3525029, 'quote': ""He had an issue at the end of last season and will be seen a little bit later than first anticipated. He's well handicapped over fences but wants nice ground. 24-10-24""}, {'horse': 'Ukantango', 'horse_id': 3525029, 'quote': ""He's hopefully going to improve for a fence and will make his start in the next few weeks on what I think is a nice mark. He jumps really well and he is one I've always been looking forward to going chasing with, so this is an exciting season for him. 01-11-23""}]",,Olly Murphy,"{'runs': 42, 'wins': 12, 'percent': 29}",64,92
8,C&D winner who equalled his career best latest; up 3lb but likely to remain competitive.,Worcester,Cherry Island,2026-05-22,2m4f,,9,2-1134,Good,Jet Smart,Bryan Carver,160,"[{'date': '2023-04-28', 'type': 'Wind Surgery'}, {'date': '2022-08-23', 'type': 'Wind Surgery'}]",17:32,The Smart Partnership,4,Safer Gambling At CopyBet Handicap Chase (ARC Summer Chase Series Qualifier) (GBB Race),GB,125,gelding,Jet Away,"C&D winner (good) last summer when 11lb lower and successfully followed up at Uttoxeter (2m4f, good), when 5lb lower; after a successful stint in points, he returned to rules last month equalling his career best when second at Uttoxeter (2m5f, good); up 3lb but likely to remain competitive.","[{'horse': 'Jet Smart', 'horse_id': 4217526, 'quote': ""He ran once in an Irish point-to-point, and the third has come out and won since. He should be out shortly, whether it's in a bumper or over hurdles, I'm not yet sure. We had him at the backend of last season and he goes nicely at home. He'll probably want a trip. 21-11-22""}]",,D Summersby,"{'runs': 1, 'wins': 0, 'percent': 0}",100,112
7,"Won a three-runner Wincanton chase (1m7f, good) latest; up 3lb and unexposed; player.",Worcester,Miss Ira Zarad,2026-05-22,2m4f,,9,-1671R,Good,Melton Mossy,Conor Ring,158,"[{'date': '2024-01-23', 'type': 'Wind Surgery'}]",17:32,Vale Racing 1,4,Safer Gambling At CopyBet Handicap Chase (ARC Summer Chase Series Qualifier) (GBB Race),GB,122,gelding,Valirann,"Multiple hurdle winner at up to 2m5f on a sound surface; 1-2 over fences; won a three-runner chase at Wincanton (1m7f, good) when last seen in March; encouraging record after a break; up 3lb and is unexposed as a chaser over this trip; player.","[{'horse': 'Melton Mossy', 'horse_id': 5340233, 'quote': ""He's a great little horse but hard to predict. One day he'll race for you and one day he won't. He refused to race at all at Ludlow in November. A few weeks later he won going away at Taunton. He's a character and a joy to have around. 14-01-26""}]",,Mrs C Williams,"{'runs': 9, 'wins': 1, 'percent': 11}",22,100
6,2m7f and more recently 2m2f chase winner in France; workable mark; market check advised.,Worcester,Meralda,2026-05-22,2m4f,,9,-16471,Good,Karnaval Point,Rian Corcoran,156,[],17:32,David Pipe Racing Club,4,Safer Gambling At CopyBet Handicap Chase (ARC Summer Chase Series Qualifier) (GBB Race),GB,124,gelding,Great Pretender,"2m7f and more recently 2m2f chase winner when trained in France, both on testing ground; has changed hands since last month's Auteuil success; sound surface an unknown; appears to have a workable mark on his first start for this trainer; market check.",[],,David Pipe,"{'runs': 1, 'wins': 1, 'percent': 100}",100,
7,Handy mark for this chase debut if better for a recent hurdles start; check the market.,Worcester,Glacial Drift,2026-05-22,2m4f,,9,-4F3/S,Good,Country Park,Jonjo ONeill Jr,166,[],17:32,Mrs Gay Smith,4,Safer Gambling At CopyBet Handicap Chase (ARC Summer Chase Series Qualifier) (GBB Race),GB,,gelding,Walk In The Park,"Point winner who is 0-13 under rules; has some useful hurdles form to his name, with his best effort coming on good ground and over a similar trip to this; on a handy mark for this chase debut if better for a recent hurdles start; check the market for clues.","[{'horse': 'Country Park', 'horse_id': 5385911, 'quote': ""He was unlucky not to win a novice hurdle last year, including when coming down at the second-last when going well at Ascot in December. He's still a novice for this year, should improve for his comeback at Market Rasen and can hopefully progress this season. 18-11-25""}]",,Jonjo & A J ONeill,"{'runs': 12, 'wins': 0, 'percent': 0}",33,
10,Claims if reproducing the form of his Wetherby fourth or his Bangor win last season.,Worcester,Fine Fortune,2026-05-22,2m4f,,9,-34P12,Good,Fine Casting,Ben Jones,169,[],17:32,Mrs S P Davis,4,Safer Gambling At CopyBet Handicap Chase (ARC Summer Chase Series Qualifier) (GBB Race),GB,124,gelding,Shantou,"Below par when returning to hurdling at Southwell (2m4f, good) in March; has dropped 2lb since finishing fourth at Wetherby (2m3f, soft) on his most recent chase start and has claims if able to reproduce the form of that or his Bangor success (2m4f, soft) last November; acts on a sound surface.","[{'horse': 'Fine Casting', 'horse_id': 2861865, 'quote': 'He had a couple of seasons over hurdles and was fourth in the Imperial Cup last season, but he could be miles better as a chaser - we schooled him over fences recently and he was electric. He loves soft ground. 10-11-23'}, {'horse': 'Fine Casting', 'horse_id': 2861865, 'quote': ""We've always thought a lot of him and he won his bumper last season at Newbury in good style. He has run twice over hurdles this season, most recently at Uttoxeter where he jumped much better. He still needs to learn to relax but will win his novice soon and how far he will progress I do not know. I'd be disappointed if he did not turn out to be a decent handicap hurdler. 30-11-21""}]",,Ben Pauling,"{'runs': 16, 'wins': 1, 'percent': 6}",38,116
7,"2m hurdle winner; changed hands for 1,000gns after selling hurdle defeat; watching brief.",Worcester,Clarinet Davis,2026-05-22,2m4f,,9,-4PPP4,Good,Disco Davis,Charlie Price,156,"[{'date': '2024-07-08', 'type': 'Wind Surgery'}]",17:32,Andrew Gough,4,Safer Gambling At CopyBet Handicap Chase (ARC Summer Chase Series Qualifier) (GBB Race),GB,,gelding,Doctor Dino,"Heavy-ground 2m hurdle winner when with Dan Skelton; changed hands for 1,000gns since being beaten more than 16l in a Stratford seller in March; 2lb lower for chase debut but can only suggest a watching brief at present.","[{'horse': 'Disco Davis', 'horse_id': 5007779, 'quote': ""He ran really well over hurdles recently and after that I think we'll delay our plans to send him over fences. We were very pleased with that last run and I think he'll do well at 2m2f and up. 10-11-25""}]",,Sarah-Jayne Davies,"{'runs': 5, 'wins': 2, 'percent': 40}",40,
4,Half-brother to point/2m hurdle winner Knock Off Soxs; trainer 19% in bumpers.,Worcester,Enchanted Moment,2026-05-22,2m,,11,,Good,Closing Time,Nico de Boinville,156,[],18:06,Michael Buckley & Simon White,5,CopyBet Overnight Best Odds Guaranteed Open National Hunt Flat Race (Category 1 Elimination) (GBB),GB,,gelding,Blue Bresil,"26,000euros foal, 50,000euros 3yo; third foal; half-brother to point/2m hurdle winner Knock Off Soxs; dam placed twice 9.4f AW (RPR 72), half-sister to smart dual-purpose performer Blue Bajan (won 2m Group 2 on Flat and 2m Swinton Hurdle); trainer 19% in bumpers (five seasons); market check.",[],,Nicky Henderson,"{'runs': 10, 'wins': 1, 'percent': 10}",40,
4,"17,000euros foal, 50,000euros 3yo; dam well held but her half-sisters won bumpers/hurdles.",Worcester,Carrolls Grove,2026-05-22,2m,,11,,Good,Mossy Moon,Tom Bellamy,156,[],18:06,The Lee Family A Stennett & J Wright,5,CopyBet Overnight Best Odds Guaranteed Open National Hunt Flat Race (Category 1 Elimination) (GBB),GB,,gelding,Vadamos,"17,000euros foal, 50,000euros 3yo; first foal; dam well held in 2m4f/3m hurdles, half-sister to winners Lady Tadita (bumper/2m hurdle), Gitche Gumee (bumper/2m hurdle) and Mythical Moon (2m hurdle); trainer, who is 15% in bumpers (five seasons), has his string in good form.",[],,Alan King,"{'runs': 19, 'wins': 2, 'percent': 11}",74,
4,Second on debut; below that level in Listed bumper latest; new trainer 13% in bumpers.,Worcester,Miss Oria,2026-05-22,2m,,11,-82,Good,Faithful Guardian,Theo Gillard,156,[],18:06,Always Trying Syndicate & Partner,5,CopyBet Overnight Best Odds Guaranteed Open National Hunt Flat Race (Category 1 Elimination) (GBB),GB,106,gelding,Australia,5-2 when second on debut in a Ludlow bumper (good) last November; below that level in a Listed event at Cheltenham (good) in January; has since left Alan King and now has his first start for a trainer who is 13% in bumpers over five seasons; market check.,[],,Donald McCain,"{'runs': 22, 'wins': 2, 'percent': 9}",32,89
4,Closely related to two bumper winners; trainer 21% in bumpers; interesting.,Worcester,Turbo Linn,2026-05-22,2m,,11,,Good,Turbogeist,Sean Bowen,156,[],18:06,Vernon & Anna Phillips & Bowen Group,5,CopyBet Overnight Best Odds Guaranteed Open National Hunt Flat Race (Category 1 Elimination) (GBB),GB,,gelding,Waldgeist,"22,000euros foal; ninth foal; closely related to winners Flying Fortune (useful bumper and 2m3f/2m4f hurdle) and Turbocharged (bumper); dam smart bumper and 1m4f Flat winner (including Group 2; RPR 113); trainer 21% in bumpers since taking out a licence; interesting.",[],,Mickey Bowen,"{'runs': 24, 'wins': 3, 'percent': 13}",46,
4,Dam unraced half-sister to four French winners; stable 13% in bumpers (five seasons).,Worcester,Vane St Goustan,2026-05-22,2m,,11,,Good,Pethers Angel,Ciaran Gethings,149,[],18:06,The Moonlighters,5,CopyBet Overnight Best Odds Guaranteed Open National Hunt Flat Race (Category 1 Elimination) (GBB),GB,,filly,Pethers Moon,"First foal; dam unraced half-sister to French winners Saint Goustan Blue (smart and prolific 2m-2m6f hurdle/chase and 3m3f Grade 1 chase runner-up), Malineglaces (2m2f Listed hurdle), Saint Goustan (2m1f-2m5f hurdle/chase) and Vision Sainte (2m1f jump); stable 13% in bumpers (five seasons); possible player on debut.",[],,Kim Bailey & Mat Nicholls,"{'runs': 5, 'wins': 3, 'percent': 60}",60,
4,25-1 on debut when racing freely and 4l second at Warwick; encouraging; needs to settle.,Worcester,Multisphere,2026-05-22,2m,,11,-3,Good,Ollys Icon,Ellis Collier,156,[],18:06,S Smithurst,5,CopyBet Overnight Best Odds Guaranteed Open National Hunt Flat Race (Category 1 Elimination) (GBB),GB,98,gelding,Sixties Icon,"25-1 on debut when racing freely and finishing 4l second in a Warwick bumper (good) last month; that offered some encouragement that he can pick up a similar contest, if able to settle.",[],,Mrs C Williams,"{'runs': 9, 'wins': 1, 'percent': 11}",22,38
4,"£14,000 3yo; third foal; dam runner-up 2m4f chase; stable 15% in bumpers last two seasons.",Worcester,Caprika Royale,2026-05-22,2m,,11,,Good,CEst Pour Moi,Miss Amber Jackson-Fennell,156,[],18:06,N A Twiston-Davies,5,CopyBet Overnight Best Odds Guaranteed Open National Hunt Flat Race (Category 1 Elimination) (GBB),GB,,gelding,Pour Moi,"£14,000 3yo; third foal; dam runner-up 2m4f chase in France, half-sister to French winners Ciel Bleu Azur (2m2f-2m5f hurdle/chase), Coline Princesse (2m1f chase) and Captain Jack (2m3f/2m4f chase); hooded on debut; stable 15% in bumpers in last two seasons; market check.",[],,Nigel & Willy Twiston-Davies,"{'runs': 11, 'wins': 2, 'percent': 18}",45,
4,Dam unraced close relation to a 3m hurdle winner; trainer not noted for bumper winners.,Worcester,Akdana,2026-05-22,2m,,11,,Good,Teleleo,Freddie Keighley,156,[],18:06,Martin Keighley Racing Partnership 24,5,CopyBet Overnight Best Odds Guaranteed Open National Hunt Flat Race (Category 1 Elimination) (GBB),GB,,gelding,Telescope,"First foal; dam unraced close relation to 3m hurdle winner Akatara, half-sister to winners Aklan (1m4f Listed Flat/useful 2m hurdle), Anak (1m6f Flat/2m hurdle) and Akdam (1m4f Flat/2m-2m4f hurdle); trainer not noted for bumper winners, so perhaps best watched unless market vibes are strong.",[],,Martin Keighley,"{'runs': 3, 'wins': 1, 'percent': 33}",33,
4,Third foal; half-brother to hurdle and chase winner The Grey Man; trainer 0-39 in bumpers.,Worcester,Timons Tara,2026-05-22,2m,,11,,Good,Mister Forb,James Best,156,[],18:06,Mark James,5,CopyBet Overnight Best Odds Guaranteed Open National Hunt Flat Race (Category 1 Elimination) (GBB),GB,,gelding,Telescope,"Third foal; half-brother to 2m hurdle/3m chase winner The Grey Man; dam 2m5f hurdle/2m6f chase winner, sister to smart 2m-2m6f hurdle/chase winner Rathlin and bumper winner Grotesque, half-sister to bumper winner Baby Grey; trainer 0-39 in bumpers.",[],,Harriet Dickin,"{'runs': 2, 'wins': 0, 'percent': 0}",50,
4,Out of half-sister to three Flat/one hurdle winners; trainer not known for bumper winners.,Worcester,Independencia,2026-05-22,2m,,11,-S,Good,Ultimately,James Turner,156,[],18:06,Eric Boumans,5,CopyBet Overnight Best Odds Guaranteed Open National Hunt Flat Race (Category 1 Elimination) (GBB),GB,,gelding,Time Test,"Fourth foal; dam maiden on Flat in Germany/Belgium/Netherlands, half-sister to winners Daytime Dreamer (1m3f-1m4f Flat/2m hurdle), Suivez L'Argent (5f 2yo) and Van Bom (Italian 7f); slipped up in a point bumper last month; trainer not known for bumper winners.",[],,David Bridgwater,"{'runs': 1, 'wins': 0, 'percent': 0}",100,
4,16-1 when tailed-off last of eight on debut last month; tongue-tie goes on.,Worcester,Sweet Martoni,2026-05-22,2m,,11,-8,Good,Boy Oh Boy,Richie McLernon,156,[],18:06,Exors Of The Late Kenneth Sneath,5,CopyBet Overnight Best Odds Guaranteed Open National Hunt Flat Race (Category 1 Elimination) (GBB),GB,56,gelding,Arizona,"16-1 on debut, when tailed-off last of eight at Huntingdon (good) last month; tongue-tie goes on.",[],,Gary Brown,"{'runs': 3, 'wins': 1, 'percent': 33}",33,
4,Dam French 2m1f hurdle winner; French 13.5f Flat winner; interesting on stable debut.,Worcester,Premiere Lili,2026-05-22,2m,,10,,Good,Premier Tenor,Harry Skelton,152,[],18:41,John J Reilly,4,Fen Collison-Hughes Happy 21st Birthday Maiden Hurdle (GBB Race) (Div I),GB,,gelding,Ectot,"First foal; dam French 2m1f hurdle winner, half-sister to French winners Premier Cru (2m2f-2m5f hurdle/chase) and Premiere Amie (2m1f/2m3f hurdle); won French 13.5f conditions event (good to soft) last October; hooded and tongue tied; interesting prospect on his first start for top trainer.",[],,Dan Skelton,"{'runs': 30, 'wins': 10, 'percent': 33}",69,
5,Encouraging bumper third latest; no surprise if he is involved on hurdles debut.,Worcester,Rica De Thaix,2026-05-22,2m,,10,-3PF/P,Good,LAmalric,Sean Bowen,158,[],18:41,Fools And Horses,4,Fen Collison-Hughes Happy 21st Birthday Maiden Hurdle (GBB Race) (Div I),GB,,gelding,Muhtathir,"Failed to complete in four points but went off 9-2 on his debut in a Southwell bumper (good) in March, when he raced prominently and was beaten just over 2l; that was encouraging and a better starting point from which to begin in this sphere; no surprise if he is involved.",[],,Olly Murphy,"{'runs': 42, 'wins': 12, 'percent': 29}",64,
4,French 1m3f Flat winner (heavy); 6l third on British debut at Catterick; can have a say.,Worcester,Shabyt,2026-05-22,2m,,10,-3,Good,Shamsat,Brendan Powell,152,[],18:41,Highflyer Bloodstock,4,Fen Collison-Hughes Happy 21st Birthday Maiden Hurdle (GBB Race) (Div I),GB,107,gelding,Make Believe,"French 1m3f Flat winner (heavy); 11-2 on debut for this trainer at Catterick (1m7f, soft) in January, when beaten about 6l in third; looked likely to come on for that experience and also when eventually going up in trip; can have a say here.",[],,James Owen,"{'runs': 49, 'wins': 4, 'percent': 8}",61,91
5,1m2f Flat winner; hasn't raced much since 2023; best watched unless market vibes strong.,Worcester,Merville,2026-05-22,2m,,10,,Good,Anzac Day,Jonjo ONeill Jr,158,[],18:41,Brook Farm Bloodstock,4,Fen Collison-Hughes Happy 21st Birthday Maiden Hurdle (GBB Race) (Div I),GB,,gelding,Australia,1m2f Flat winner (soft) but has only made the track four times since that success for Andrew Balding in October 2023; has changed hands since beaten a distance at Ffos Las last September; looks best watched unless market vibes are strong.,[],,Jonjo & A J ONeill,"{'runs': 12, 'wins': 0, 'percent': 0}",33,
5,Showed promise in bumpers; below that level when third on hurdle debut but looks a player.,Worcester,Full Of Aloha,2026-05-22,2m,,10,-3434,Good,Eustace Grenier,Kevin Brogan,158,[],18:41,Ralph Leonard Barton,4,Fen Collison-Hughes Happy 21st Birthday Maiden Hurdle (GBB Race) (Div I),GB,103,gelding,Castle Du Berlais,"Showed promise in bumpers (placed on soft; matched that effort on good); 13-2 on last month's hurdles debut at Perth (2m, good) and although below the level of his bumper form (15l third), will doubtless benefit from that experience; player.",[],,Olly Murphy,"{'runs': 42, 'wins': 12, 'percent': 29}",64,62
5,Well backed and well beaten on debut at Ludlow; should benefit from that but bit to prove.,Worcester,Ancora,2026-05-22,2m,,10,-0,Good,Thatsnotmyname,Tom Bellamy,151,[],18:41,Judy & Jamie Magee,4,Fen Collison-Hughes Happy 21st Birthday Maiden Hurdle (GBB Race) (Div I),GB,,mare,Dartmouth,"Half-sister to winners San Rumoldo (bumper/2m4f hurdle), En Joule (bumper) and Perculator (bumper and 2m5f/3m hurdle); opened 28-1 and backed into 9-2 for her debut, when beaten a long way out at Ludlow (good) last month; should benefit from that experience but has a bit to prove.",[],,Dan Horsford,"{'runs': 2, 'wins': 0, 'percent': 0}",50,
6,Won an Irish mares' maiden point; held in two bumpers and a 2m hurdle for this trainer.,Worcester,Lilli Star,2026-05-22,2m,,10,6-05/1,Good,No Risk Today,Jack Hogan,151,"[{'date': '2025-08-27', 'type': 'Wind Surgery'}]",18:41,Clarence Bennie Robinson,4,Fen Collison-Hughes Happy 21st Birthday Maiden Hurdle (GBB Race) (Div I),GB,105,mare,No Risk At All,Won an Irish mares' maiden point on debut (good to yielding) last year; comfortably accounted for in two bumpers and a 2m hurdle for this trainer; others preferred.,[],,Fergal OBrien,"{'runs': 22, 'wins': 2, 'percent': 9}",41,76
6,Moderate Flat performer who is 0-3 over hurdles; well beaten at Hereford latest; watch.,Worcester,Mocha Special,2026-05-22,2m,,10,-0PU/4,Good,Hopjes,James Best,158,[],18:41,Robin Dickin Racing Club,4,Fen Collison-Hughes Happy 21st Birthday Maiden Hurdle (GBB Race) (Div I),GB,,gelding,Gimmethegreenlight,Placed once over 1m (AW) in the other code and 0-3 over hurdles; well beaten at Hereford latest; watch.,[],,Harriet Dickin,"{'runs': 2, 'wins': 0, 'percent': 0}",50,
5,"Took a backward step on his hurdles debut at Chepstow (2m, good); others preferred.",Worcester,Pass The Time,2026-05-22,2m,,10,-06,Good,Teletime,Richie McLernon,158,[],18:41,Dajam Ltd,4,Fen Collison-Hughes Happy 21st Birthday Maiden Hurdle (GBB Race) (Div I),GB,57,gelding,Telescope,"Showed minor promise on debut at Taunton (good to soft) but took a backward step on his hurdles debut at Chepstow (2m, good); others preferred.",[],,Neil Mulholland,"{'runs': 15, 'wins': 2, 'percent': 13}",40,27
6,Well beaten at big prices in all three starts.,Worcester,Ley Lady Grey,2026-05-22,2m,,10,-706,Good,Jacquette,Tabitha Worsley,151,[],18:41,Fawley House Stud,4,Fen Collison-Hughes Happy 21st Birthday Maiden Hurdle (GBB Race) (Div I),GB,70,mare,Jack Hobbs,Well beaten at big prices in all three starts.,[],,Danni ONeill,"{'runs': 0, 'wins': 0, 'percent': None}",,
4,Made a promising start over hurdles when runner-up at Hexham 20 days ago,Worcester,One Gulp,2026-05-22,2m,,10,2-P77,Good,Crest Of Arms,Ben Godfrey,152,[],19:11,Crest Racing Xv,4,Fen Collison-Hughes Happy 21st Birthday Maiden Hurdle (GBB Race) (Div II),GB,111,gelding,Passing Glance,"Shaped okay in bumpers but appeared to go wrong when pulled up in such an event when 11-8 favourite at Taunton in March; made a promising start over hurdles when runner-up at Hexham (2m, good) 20 days ago and should not be far away.",[],,Anthony Honeyball,"{'runs': 7, 'wins': 0, 'percent': 0}",43,102
5,Definite promise in all three bumpers that were won by smart horses; hurdles debut,Worcester,Ask Catkin,2026-05-22,2m,,10,/452,Good,Kind Intention,Ned Fox,158,[],19:11,Mrs C Antcliff,4,Fen Collison-Hughes Happy 21st Birthday Maiden Hurdle (GBB Race) (Div II),GB,,gelding,Dartmouth,"Definite promise in all three bumpers that were won by smart horses, including Storming George and Mydaddypaddy; makes hurdles debut but has been off since last April.",[],,Tom Symonds,"{'runs': 4, 'wins': 0, 'percent': 0}",25,
6,Reported to have bled when pulling up on hurdles debut at Sedgefield,Worcester,Cora Sundrop,2026-05-22,2m,,10,-P14/1,Good,Blue Topaz,Liam Harrison,151,"[{'date': '2025-08-27', 'type': 'Wind Surgery'}]",19:11,The Yes No Wait Sorries,4,Fen Collison-Hughes Happy 21st Birthday Maiden Hurdle (GBB Race) (Div II),GB,,mare,Blue Bresil,"Point winner who landed a bumper at Sedgefield (2m1f, good) in October; pulled up on hurdles debut back there (2m4f, soft; 100-30) the following month when she was reported to have bled; has had a break since and may be worth another chance.",[],,Fergal OBrien,"{'runs': 22, 'wins': 2, 'percent': 9}",41,
6,"Fourth in a Market Rasen maiden in March, but below that level at Perth recently",Worcester,Squirrel Wood,2026-05-22,2m,,10,8-4432,Good,Sonyourastar,Sean Bowen,158,[],19:11,Dydb Marketing Limited,4,Fen Collison-Hughes Happy 21st Birthday Maiden Hurdle (GBB Race) (Div II),GB,103,gelding,Kingston Hill,"Made the frame in three Irish points; made a pleasing rules debut when fourth in a Market Rasen maiden (2m4f, good to soft) in March, but below that level when beaten 36l in a similar contest at Perth (2m, good to soft) eight days ago.",[],,Olly Murphy,"{'runs': 42, 'wins': 12, 'percent': 29}",64,84
5,Stayed on into third in a Chepstow maiden on his hurdles debut last month,Worcester,Midnight Lira,2026-05-22,2m,,10,-3538,Good,Just Call Me Buzz,David Noonan,158,[],19:11,Brian Derrick,4,Fen Collison-Hughes Happy 21st Birthday Maiden Hurdle (GBB Race) (Div II),GB,100,gelding,Saddlers Rock,"Plodded on when staying on into third in a Chepstow maiden (2m, good) on his hurdles debut last month; may not come into his own until he steps up in trip or when he goes handicapping.",[],,Ben Clarke,"{'runs': 5, 'wins': 1, 'percent': 20}",40,88
6,Reported to have made a respiratory noise when sixth at Perth nine days ago,Worcester,Missdeschamps,2026-05-22,2m,,10,6-30U/,Good,Kaylas Friend,Lewis Stones,151,[],19:11,Fitorfat Racing & Partner,4,Fen Collison-Hughes Happy 21st Birthday Maiden Hurdle (GBB Race) (Div II),GB,100,mare,Jukebox Jury,"Fair form in a couple of hurdles but was reported to have made a respiratory noise when sixth of seven finishers at Perth (2m4f, good) nine days ago; steps down in trip and should not be far away if all is well.",[],,Olly Murphy,"{'runs': 42, 'wins': 12, 'percent': 29}",64,90
5,Pulled up in a point and beat only one home in a 20-runner bumper on his rules debut,Worcester,Only Orvieto,2026-05-22,2m,,10,-0P,Good,Saint Arion,Jonjo ONeill Jr,158,[],19:11,Easy Parking Solutions Ltd,4,Fen Collison-Hughes Happy 21st Birthday Maiden Hurdle (GBB Race) (Div II),GB,,gelding,Order Of St George,Pulled up in a point and beat only one home in a 20-runner bumper on his rules debut in March; makes hurdles debut but easy to look elsewhere.,[],,Jonjo & A J ONeill,"{'runs': 12, 'wins': 0, 'percent': 0}",33,
5,Sixth at Newton Abbot on hurdles debut nine days ago,Worcester,Spirit Of Medina,2026-05-22,2m,,10,6-22PP,Good,Medina Blue,Joe Anderson,151,[],19:11,Ron C Williams,4,Fen Collison-Hughes Happy 21st Birthday Maiden Hurdle (GBB Race) (Div II),GB,86,mare,Blue Bresil,"Pulled up in a bumper in Ireland before finishing runner-up in two points; joined this yard for 19,000euros in April; sixth of seven finishers at Newton Abbot (2m1f, good) on hurdles debut nine days ago and unlikely to be seen to advantage until she is eligible for handicaps.",[],,Grace Harris,"{'runs': 17, 'wins': 1, 'percent': 6}",29,29
4,Has shown only modest form in two runs over hurdles for current yard,Worcester,Wake Up Call,2026-05-22,2m,,10,9-4,Good,Pivotal Days,Callum Pritchard,152,[],19:11,Mrs Kate Kenyon & Syd Hosie,4,Fen Collison-Hughes Happy 21st Birthday Maiden Hurdle (GBB Race) (Div II),GB,93,gelding,Mohaather,Won over 7f on the Flat for Ed Walker in 2024; has shown only modest form in two runs over hurdles for current yard.,[],,Syd Hosie,"{'runs': 1, 'wins': 0, 'percent': 0}",100,29
5,Has just shown modest form in bumpers and over hurdles; first-time hood goes on,Worcester,Rahada,2026-05-22,2m,,10,-8P9/7,Good,Royal Mark,James Best,158,[],19:11,Andrew Gough,4,Fen Collison-Hughes Happy 21st Birthday Maiden Hurdle (GBB Race) (Div II),GB,,gelding,Manduro,Has just shown modest form in bumpers and over hurdles; first-time hood goes on.,[],,Sarah-Jayne Davies,"{'runs': 5, 'wins': 2, 'percent': 40}",40,
8,"A prolific winner in points, he got off the mark under rules at Taunton last month.",Worcester,Noble City,2026-05-22,2m7f,,12,-1U221,Good,Noble Blue,Mr Joshua Newman,167,[],19:41,Friends Of Sylvie,4,Step Into Luxury With Purple Granite Handicap Hurdle,GB,108,gelding,Brave Mansonnien,"A prolific winner in points, he got off the mark under rules at Taunton (3m, good) last month; 5lb higher but looks the type that can go in again.",[],,Kayley Woollacott,"{'runs': 0, 'wins': 0, 'percent': None}",,97
5,Won at Musselburgh in February and has found one too good on all three occasions since.,Worcester,Astraye,2026-05-22,2m7f,,12,-22212,Good,Dearkeithandkaty,Jonjo ONeill Jr,164,[],19:41,Atlantic Fish (Wholesale) Ltd,4,Step Into Luxury With Purple Granite Handicap Hurdle,GB,112,gelding,Walzertakt,"Consistent sort who got off the mark up in distance at Musselburgh (3m, good to soft) in February and has found one too good on all three occasions since, latest at Newton Abbot (3m2f, good) last month in first-time cheekpieces (retained); should be thereabouts.",[],,Jonjo & A J ONeill,"{'runs': 12, 'wins': 0, 'percent': 0}",33,105
6,Shapes as though this step back up in distance will suit after he got outpaced last time.,Worcester,Gardagua,2026-05-22,2m7f,,12,-40455,Good,Twist Of Fatecatch,Dylan Johnston,165,[],19:41,BG Racing Partnership,4,Step Into Luxury With Purple Granite Handicap Hurdle,GB,114,gelding,No Risk At All,"Sole success came in a Fontwell maiden last April; has run with credit on several occasions since and shapes as though this step back up in distance will suit after he got outpaced when fourth at Wincanton (2m5f, good) last month; down to a career-low mark and should not be far away.","[{'horse': 'Twist Of Fatecatch', 'horse_id': 6798292, 'quote': ""He's a solid horse who's done little wrong and ran an absolute cracker when fifth at Exeter last week on his first run since June. He was too keen, but I was very happy with him. He'll stay over hurdles this season and go chasing next time. He's consistent and wants a staying trip. 12-11-25""}]",,Neil Mulholland,"{'runs': 15, 'wins': 2, 'percent': 13}",40,103
7,Showed improvement to get off the mark over hurdles at Taunton last month.,Worcester,Tasmani,2026-05-22,2m7f,,12,-219/3,Good,Gasmani,Jonathan Burke,170,[],19:41,Hardwick Wright Richmond,4,Step Into Luxury With Purple Granite Handicap Hurdle,GB,110,gelding,Getaway,"Point/bumper winner who showed improvement to get off the mark over hurdles at Taunton (3m, good) last month on his sixth attempt; creditable second over the same C&D subsequently and holds place claims at least while in this mood.",[],,David Dennis,"{'runs': 0, 'wins': 0, 'percent': None}",,94
7,Placed twice in four starts over hurdles; steps up in trip in handicap debut.,Worcester,Polly Peachum,2026-05-22,2m7f,,12,-3502,Good,Lightfingered Jack,Tom Bellamy,169,[],19:41,Robert Waley-Cohen,4,Step Into Luxury With Purple Granite Handicap Hurdle,GB,108,gelding,Getaway,Placed twice in four starts over hurdles; steps up in trip in handicap debut and it would be no surprise if he shows significant improvement from a major yard.,[],,Alan King,"{'runs': 19, 'wins': 2, 'percent': 11}",74,77
5,Placed at Fontwell twice recently and should be suited by this step up in trip.,Worcester,Tiegs,2026-05-22,2m7f,,12,3-3664,Good,Herbygoesbananas,Brendan Powell,155,[],19:41,John Pyatt,4,Step Into Luxury With Purple Granite Handicap Hurdle,GB,109,gelding,El Kabeir,Landed a bumper for Chris Gordon in November 2024; placed at Fontwell twice recently and should be suited by this step up in trip; not out of this.,[],,Henrietta C Knight,"{'runs': 8, 'wins': 1, 'percent': 13}",25,104
13,Should be sharper for his fifth at Hereford last month following a five-month layoff.,Worcester,Strathtay,2026-05-22,2m7f,,12,-54837,Good,Im A Starman,Sean Bowen,168,[],19:41,Mark Rimell,4,Step Into Luxury With Purple Granite Handicap Hurdle,GB,112,gelding,Schiaparelli,"Grand veteran with eight wins over hurdles, including two over C&D last summer; down to his last winning mark and should be sharper for his fifth at Hereford last month following a five-month layoff, but you have to think that one of his younger rivals should have his measure.",[],,Mark Rimell,"{'runs': 4, 'wins': 0, 'percent': 0}",25,103
9,Dual winner over fences at Doncaster on good; yet to win over hurdles.,Worcester,Sherwolf,2026-05-22,2m7f,,12,-4P/31,Good,Snowy Evening,Toby Wynne,165,"[{'date': '2022-07-13', 'type': 'Wind Surgery'}]",19:41,The Stockton Hopefuls,4,Step Into Luxury With Purple Granite Handicap Hurdle,GB,112,gelding,Snow Sky,Dual winner over fences at Doncaster on good; yet to win over hurdles and this is his first run in this sphere since March 2023; possibly better for this race before a summer campaign over fences.,"[{'horse': 'Snowy Evening', 'horse_id': 3918386, 'quote': ""We've always thought he was one of our nicer horses. He just got beat by the smart Maximilian in a bumper and then he went the wrong way slightly. He's probably got himself quite well handicapped and has come back stronger. He was unlucky not to win on his comeback and once he gets his head in front, he'll keep progressing. 01-11-23""}, {'horse': 'Snowy Evening', 'horse_id': 3918386, 'quote': ""He's just coming back now and will run through the summer. He's always wanted better ground. He's got plenty of ability but has had niggly problems. He seems fine now and will be ready to run in a few weeks. 13-03-26""}]",,Oliver Greenall & Josh Guerriero,"{'runs': 19, 'wins': 5, 'percent': 26}",53,
8,Won a Uttoxeter maiden last September; hasn't gone on from that in three subsequent runs,Worcester,Burgundy Betty,2026-05-22,2m7f,,12,-64312,Good,Bettys Tiara,Ben Jones,165,"[{'date': '2025-03-03', 'type': 'Wind Surgery'}]",19:41,Mrs Emma Palmer,4,Step Into Luxury With Purple Granite Handicap Hurdle,GB,112,mare,Kayf Tara,"Looked promising when winning a bumper on her debut in August 2023 but it took her an age to get going over hurdles, eventually winning a Uttoxeter maiden last September; hasn't gone on from that in three subsequent runs and returns following a break.","[{'horse': 'Bettys Tiara', 'horse_id': 4652543, 'quote': ""We like this mare. She made a winning debut at Stratford in the summer and I was encouraged with her recent fifth at Aintree, where she was giving away a penalty and wasn't beaten far. She'll run in the Listed mares' bumper at Cheltenham next week. 10-11-23""}]",,Ben Pauling,"{'runs': 16, 'wins': 1, 'percent': 6}",38,93
6,"Showed modest form over hurdles and in a chase when trained in France; 13,000euros buy",Worcester,Anotherlady,2026-05-22,2m7f,,12,-74001,Good,Dexperts Opinion,James Bowen,165,[],19:41,Miss Jayne Brace,4,Step Into Luxury With Purple Granite Handicap Hurdle,GB,,gelding,Court Cave,"Showed modest form over hurdles and in a chase when trained in France; sold to join this yard for 13,000euros in November; a fascinating runner on his British debut and should be checked in the market.",[],,Mickey Bowen,"{'runs': 24, 'wins': 3, 'percent': 13}",46,
9,"Looks to have lost his way, having been pulled up on his last three starts.",Worcester,Proportional,2026-05-22,2m7f,,12,-PPP03,Good,Prince Imperial,Beau Morgan,168,[],19:41,The Carter Family,4,Step Into Luxury With Purple Granite Handicap Hurdle,GB,,gelding,Frankel,"Won four of his first five for Olly Murphy (including a handicap off 12lb higher) but looks to have lost his way, having been pulled up on his last three starts.","[{'horse': 'Prince Imperial', 'horse_id': 2394522, 'quote': ""We bought him out of Sir Michael Stoute's yard last summer and he has done great since, winning at Bath in October, and last month he bolted up by six lengths at Chelmsford. We have learned that he is more effective going left-handed and we will give him one or two more runs and then save him for an all-weather campaign in the winter. There is a decent programme for him in 0-100 handicaps on artificial surfaces, and for a bargain buy - he only cost 50,000gns - I think we are going to have a lot of fun with him. 14-07-21""}]",,Jake Thomas Coulson,"{'runs': 2, 'wins': 0, 'percent': 0}",50,111
9,Placed twice since winning at Exeter last month but needs luck in running.,Worcester,Blue Supreme,2026-05-22,2m7f,,12,3-21P2,Good,Blue In The West,Shane Quinlan,155,[],19:41,Ben Lund Racing Club,4,Step Into Luxury With Purple Granite Handicap Hurdle,GB,108,gelding,Westerner,"Got off the mark at the 22nd attempt in this sphere at Exeter (2m5f, good) last month when the pace collapse played into his hand; placed twice since but needs luck in running and his strike rate is off-putting.",[],,Ben Lund,"{'runs': 2, 'wins': 0, 'percent': 0}",50,97
4,Easy winner in last two starts and he's 5lb well in under a double penalty; big player,Worcester,Star Jet,2026-05-22,2m4f,,7,11-279,Good,Ice Jet,Harry Skelton,166,"[{'date': '2025-11-19', 'type': 'Wind Surgery'}]",20:11,Chris & May Mullin,5,CopyBet Daily Profit Boost Handicap Hurdle,GB,112,gelding,Phoenix Of Spain,"Big improver who made it 2-3 in handicap hurdles when completing a double in smooth style at Huntingdon (2m4f, good to firm) on Tuesday; that was a three-runner race but he won with lots in hand and is 5lb well in under a double penalty here; leading contender.",[],,Dan Skelton,"{'runs': 30, 'wins': 10, 'percent': 33}",69,87
7,He was only just caught at Huntingdon and is 4lb well in off same mark here; respected,Worcester,Snap Alam,2026-05-22,2m4f,,7,2-4142,Good,Snapius,Alex Chadwick,168,[],20:11,Alan Herbert,5,CopyBet Daily Profit Boost Handicap Hurdle,GB,106,gelding,Buratino,"Won a similar handicap at Huntingdon (2m3f, good) in March and made another bold bid when runner-up at Ludlow (2m5f, good) 12 days ago; only just caught in that race and he's 4lb well in off the same mark here; strongly respected.","[{'horse': 'Snapius', 'horse_id': 3536916, 'quote': ""I bought him very cheaply at £2,500. We were running him on the Flat but I think we've found the key to him now. He'll win on the Flat, but we've popped him over hurdles the last few times. He's been second and then won before Christmas at Lingfield, so he's going the right way. 01-01-25""}]",,James Owen,"{'runs': 49, 'wins': 4, 'percent': 8}",61,98
8,Has some long absences in her profile and was pulled when returning from one in March,Worcester,Kylenoe Fairy,2026-05-22,2m4f,,7,-P1/3/,Good,Kylenoe Dancer,Tom Bellamy,147,[],20:11,Ed Hawkings,5,CopyBet Daily Profit Boost Handicap Hurdle,GB,97,mare,Norse Dancer,Has won a handicap (off 6lb lower) but there are long absences in her profile and she was pulled up when returning from one at Fontwell in March.,[],,Kim Bailey & Mat Nicholls,"{'runs': 5, 'wins': 3, 'percent': 60}",60,90
6,Nine-race maiden who has struggled over hurdles/fences in last four runs; lots to prove,Worcester,Gift Of Freedom,2026-05-22,2m4f,,7,-P7882,Good,The Great Escape,Richie McLernon,167,[],20:11,The Great Escape Three,5,CopyBet Daily Profit Boost Handicap Hurdle,GB,107,gelding,Getaway,"Runner-up on handicap debut over C&D (good) last July but he's struggled since, including when pulled up on chase debut at Wetherby in March; overall record is now 0-9 and he has plenty to prove after a short break; cheekpieces worn last time are removed.",[],,Jonjo & A J ONeill,"{'runs': 12, 'wins': 0, 'percent': 0}",33,95
8,8yo who has been well held in last three runs and needs a major revival after wind surgery,Worcester,High Heeled,2026-05-22,2m4f,,7,-90741,Good,Stiletto,Sean Bowen,163,"[{'date': '2026-04-28', 'type': 'Wind Surgery'}, {'date': '2022-06-06', 'type': 'Wind Surgery'}]",20:11,Mrs Michelle Anne Crook,5,CopyBet Daily Profit Boost Handicap Hurdle,GB,104,gelding,Frankel,Versatile sort who won three times (2m2f-3m) in June-September last year; only 1lb higher than for his last success but he's been well held in his last three runs and needs a major revival after wind surgery.,[],,Sophie Leech,"{'runs': 2, 'wins': 0, 'percent': 0}",,94
9,Back from a mammoth absence with a well-held eighth at Stratford; passed over,Worcester,Earthly Paradise,2026-05-22,2m4f,,7,-8/882,Good,Estacas,Luke Scott,163,"[{'date': '2024-07-03', 'type': 'Wind Surgery'}, {'date': '2023-04-12', 'type': 'Wind Surgery'}]",20:11,Constructive Equine,5,CopyBet Daily Profit Boost Handicap Hurdle,GB,102,gelding,Galileo,"Well handicapped on old form for David Bridgwater but he returned for new yard after a mammoth absence with a well-held eighth at Stratford (2m2f, good) last month; shaped as though he needed that run but this looks a tough assignment against some improvers and he's probably best watched; cheekpieces (tried once in 2023) are reapplied.",[],,Dr Richard Newland & Jamie Insole,"{'runs': 21, 'wins': 2, 'percent': 10}",43,71
6,11-race maiden who has failed to complete over fences in last two starts; opposable,Worcester,Miss Bailly,2026-05-22,2m4f,,7,P-F538,Good,Butchers Bill,Lewis Stones,161,[],20:11,Kathy Day,5,CopyBet Daily Profit Boost Handicap Hurdle,GB,96,gelding,Kayf Tara,Ex-Irish maiden who has failed to complete over fences (fell/pulled up) in the last two of his three runs for current yard; overall record is now 0-11 and he's not finished closer than 10l to a winner; opposable.,[],,Anthony Day,"{'runs': 0, 'wins': 0, 'percent': None}",,97
4,Running his best race so far when unseating two out at Uttoxeter 20 days ago.,Worcester,Reform Act,2026-05-22,2m,,8,U-543,Good,Playful Fox,Harry Skelton,164,"[{'date': '2025-11-19', 'type': 'Wind Surgery'}]",20:41,Babbitt Racing,5,Read Johnny Burke's Blog At CopyBet Handicap Hurdle,GB,96,gelding,Hunters Light,"0-4 but was in the process of running his best race to date when unseating two out at Uttoxeter (2m, good) 20 days ago when coming to challenge; still unexposed and should go close, at the least.",[],,Dan Skelton,"{'runs': 30, 'wins': 10, 'percent': 33}",69,73
7,Yet to win over hurdles but has filled the runner-up berth on his last three starts.,Worcester,Survey,2026-05-22,2m,,8,2-2276,Good,Saccary,Rian Corcoran,157,[],20:41,Mrs Lynne Webb & Partners,5,Read Johnny Burke's Blog At CopyBet Handicap Hurdle,GB,97,gelding,Nathaniel,"Yet to win over hurdles but has filled the runner-up berth on his last three starts, latest when beaten a neck at Uttoxeter (2m, good) 20 days ago; looks sure to be thereabouts.",[],,David Pipe,"{'runs': 1, 'wins': 1, 'percent': 100}",100,94
5,0-17 under rules and was brought down early on at Taunton last month.,Worcester,Spangle,2026-05-22,2m,,8,-B6427,Good,Aquifolia,Harriet Tucker,160,[],20:41,John Heaney,5,Read Johnny Burke's Blog At CopyBet Handicap Hurdle,GB,95,mare,Belardo,"0-17 under rules and was brought down early on at Taunton (2m, good) last month; has been placed a couple of times but is hard to fancy.",[],,Neil Mulholland,"{'runs': 15, 'wins': 2, 'percent': 13}",40,81
7,Hasn't lasted home in an Irish point or any hurdles outing; returns from 592 days off.,Worcester,Line Mexia,2026-05-22,2m,,8,/P65/7,Good,We Aint Walking,Tom Bellamy,159,[],20:41,Kevin Boothby And John Lynk,5,Read Johnny Burke's Blog At CopyBet Handicap Hurdle,GB,95,gelding,Walk In The Park,Hasn't lasted home in an Irish point or any hurdles outing; returns from 592 days off and makes stable debut for in-form trainer; any market move should be noted.,[],,James Owen,"{'runs': 49, 'wins': 4, 'percent': 8}",61,
9,Better could have been expected when fifth at Hereford in March.,Worcester,Bermondsey Girl,2026-05-22,2m,,8,-536/4,Good,East End Girl,Jonathan Burke,163,"[{'date': '2022-12-09', 'type': 'Wind Surgery'}]",20:41,Michael Fothergill,5,Read Johnny Burke's Blog At CopyBet Handicap Hurdle,GB,92,mare,Youmzain,"Dual winner over hurdles but last win was back in October 2023; better could have been expected when fifth of eight at Hereford (2m, good) in March; has dropped to a career-low mark but doesn't appeal for win purposes.",[],,Alastair Ralph,"{'runs': 12, 'wins': 1, 'percent': 8}",42,81
6,"Hasn't got going in four runs over hurdles, latest when last of five at Fontwell.",Worcester,Trendy Native,2026-05-22,2m,,8,-55831,Good,Ballylicky Bay,Paul OBrien,162,[],20:41,Pickard Racing Club,5,Read Johnny Burke's Blog At CopyBet Handicap Hurdle,GB,96,mare,Order Of St George,"Point/bumper winner; hasn't got going in four runs over hurdles, latest when last of five at Fontwell (2m1f, good to soft) last month on handicap debut, still early days but she needs to show improvement.",[],,Kevin Pickard,"{'runs': 0, 'wins': 0, 'percent': None}",,71
7,Unseated two out when travelling easily at Huntingdon in March; pulled up since.,Worcester,Sabaidee,2026-05-22,2m,,8,-PU/78,Good,Fond Farewell,Toby Wynne,156,[],20:41,Racing To Profit Syndicate 2 & Partner,5,Read Johnny Burke's Blog At CopyBet Handicap Hurdle,GB,91,gelding,Vadamos,"Yet to get off the mark over hurdles but unseated two out when travelling easily at Huntingdon (2m, good) in March; pulled up at Uttoxeter since but could be dangerous off bottom weight.",[],,Oliver Greenall & Josh Guerriero,"{'runs': 19, 'wins': 5, 'percent': 26}",53,
5,Won over 1m on the Flat in Ireland in 2024; no joy since and makes debut for new yard.,Worcester,Misscomplacent,2026-05-22,2m,,8,-57664,Good,Dynamite Defense,Charlie Price,159,[],20:41,Keith Stait,5,Read Johnny Burke's Blog At CopyBet Handicap Hurdle,GB,89,gelding,National Defense,"Won over 1m on the Flat in Ireland in 2024, but Olly Murphy was unable to get a win out of him in five runs over hurdles and two on the Flat; sold for 5,500gns to join new yard last month; best watched on stable debut.",[],,Sarah-Jayne Davies,"{'runs': 5, 'wins': 2, 'percent': 40}",40,79
5,"No match for winner at Tramore (16.5f, good to yielding) but finished clear of remainder",Downpatrick,Caudan,2026-05-22,2m2f185y,,15,-2023,Good To Yielding,Le Questionnaire,Danny Gilligan,158,[],17:20,R Stokes & Declan ODriscoll,,Randox Maiden Hurdle,IRE,112,gelding,Earnshaw,"Second runner for yard; placed in both point starts in Britain; beaten a long way on hurdles/stable debut at Fairyhouse; no match for easy winner at Tramore (16.5f, good to yielding) but finished clear of the remainder; high on the shortlist.",[],,Gordon Elliott,"{'runs': 52, 'wins': 9, 'percent': 17}",43,54
5,Moderate third of 10 at Tramore on hurdles bow on return (raced keenly); should improve,Downpatrick,Marias Oscar,2026-05-22,2m2f185y,,15,-313,Good To Yielding,Mr Master Mac,Thomas OConnor,166,[],17:20,MasterMac Partnership,,Randox Maiden Hurdle,IRE,112,gelding,Blue Bresil,"Promise on bumper debut at Roscommon before winning Sligo bumper (18.5f, good to yielding); moderate third of 10 at Tramore on hurdles bow on return (raced keenly); should improve.",[],,Mark Fahey,"{'runs': 10, 'wins': 2, 'percent': 20}",50,88
4,Fair maiden on Flat; strong in the betting for C&D hurdles debut but never a factor,Downpatrick,Chain Of Daisies,2026-05-22,2m2f185y,,15,9,Good To Yielding,Echinacea,Conor Stone-Walsh,145,[],17:20,Just In Case Syndicate,,Randox Maiden Hurdle,IRE,64,filly,Masar,"Second runner for yard; fair maiden on the Flat, runner-up in four of her last six starts at Dundalk since November; strong in the betting over C&D on hurdles debut a fortnight ago (sent off 9-2) but always in rear; still early days and better can be expected.",[],,Noel C Kelly,"{'runs': 9, 'wins': 1, 'percent': 11}",56,37
6,Didn't show much on Perth debut but no surprise if he found big improvement given stable,Downpatrick,Key Stage,2026-05-22,2m2f185y,,15,-6,Good To Yielding,Holy Joe,Sam Ewing,158,[],17:20,Oghill House Stud Limited,,Randox Maiden Hurdle,IRE,107,gelding,Elusive Pimpernel,Sent off the yard's second string for 2m4f Perth debut (wore hood to post) last month when held up in rear and always behind but no surprise to see major improvement given his connections; market will guide.,[],,Gordon Elliott,"{'runs': 52, 'wins': 9, 'percent': 17}",43,68
8,Won 10th bumper start at Kilbeggan; excuses for two hurdles efforts to date; new yard,Downpatrick,Mount Abora,2026-05-22,2m2f185y,,15,-U714U,Good To Yielding,Cailin Deas,Keith Donoghue,159,[],17:20,Frank Reynolds,,Randox Maiden Hurdle,IRE,114,mare,Pour Moi,Finally rewarded on tenth bumper start with Kilbeggan win in August on good to yielding; saddle slipped when midfield on hurdles debut; unseated rider at the first at Thurles in November; first run for new yard after 183 days off.,[],,Ian Patrick Donoghue,"{'runs': 22, 'wins': 1, 'percent': 5}",36,57
6,Set a stiff task behind Roc Dino here (2m6f) on return from an absence two weeks ago,Downpatrick,Grannys Bridge,2026-05-22,2m2f185y,,15,5/0,Good To Yielding,Brohatna,J J Slevin,158,[],17:20,M M Rice,,Randox Maiden Hurdle,IRE,117,gelding,Famous Name,Tailed off in Down Royal maiden hurdle on debut early last year; fair fifth of seven when set a stiff task behind Roc Dino here (2m6f) on return from an absence two weeks ago; could improve.,[],,M M Rice,"{'runs': 4, 'wins': 0, 'percent': 0}",,56
6,Ran respectably on hurdling debut when eighth of 17 at Clonmel (19.5f) eight days ago,Downpatrick,Pakaradyssa,2026-05-22,2m2f185y,,15,8-236,Good To Yielding,Tolka Row,Sean Flanagan,158,[],17:20,Aidan Fogarty,,Randox Maiden Hurdle,IRE,106,gelding,Idaho,"Ran to a similar level in defeat in three points during the spring; ran respectably on hurdling debut when eighth of 17 at Clonmel (19.5f) eight days ago, staying on well without threatening; each-way possibilities.",[],,David M OBrien,"{'runs': 6, 'wins': 1, 'percent': 17}",50,29
7,Outran 66-1 odds when third on debut in Clonmel bumper but poor run at Punchestown,Downpatrick,Eudora I,2026-05-22,2m2f185y,,15,-03,Good To Yielding,Colwyn Bay,,158,[],17:20,Ros Na Farraige Syndicate,,Randox Maiden Hurdle,IRE,,gelding,Falco,"Outran 66-1 odds when third on debut in Clonmel bumper (2m3f, soft); took a backward step next time at Punchestown for all it was a much tougher assignment; hurdles debut.",[],,P J Rothwell,"{'runs': 29, 'wins': 1, 'percent': 3}",24,
5,Raced keenly when beaten 33l into fifth on Cork bumper debut; needs to pull out more,Downpatrick,Val Sugana,2026-05-22,2m2f185y,,15,-53F4,Good To Yielding,Royal Mal,Donagh Meyler,158,[],17:20,Pearse Callaghan,,Randox Maiden Hurdle,IRE,,gelding,Malinas,Some promise on third point start when third at Oldtown in February; raced keenly when beaten 33l into fifth on Cork bumper debut; needs to pull out more on hurdles bow.,[],,Mrs Gillian Callaghan,"{'runs': 1, 'wins': 0, 'percent': 0}",,
6,1-9 in points; pulled up on latest start in that sphere; major improvement required,Downpatrick,Aneda Dubh,2026-05-22,2m2f185y,,15,-P31UP,Good To Yielding,Idaho Expresso,Darragh OKeeffe,151,[],17:20,D M Christie,,Randox Maiden Hurdle,IRE,,mare,Idaho,Record of 1-9 in points; pulled up on latest start in that sphere; major improvement required on rules debut.,[],,D M Christie,"{'runs': 1, 'wins': 0, 'percent': 0}",,
6,Dam half-sister to smart bumper and 2m4f-2m5f hurdle/chase winner Livelovelaugh; watch,Downpatrick,Black Vinnie,2026-05-22,2m2f185y,,15,,Good To Yielding,Yolandas Star,Gavin Brouder,151,[],17:20,Orlando Kelly,,Randox Maiden Hurdle,IRE,,mare,El Salvador,"Second foal; dam unraced half-sister to smart bumper and 2m4f-2m5f hurdle/chase winner Livelovelaugh, out of point winner; best watched.",[],,Edward F Power,"{'runs': 0, 'wins': 0, 'percent': None}",,
5,Sent off at odds of 200-1 on Down Royal debut this month and ran accordingly; needs time,Downpatrick,Secret Breeze,2026-05-22,2m2f185y,,15,0,Good To Yielding,Glendaars Secret,P J OHanlon,158,[],17:20,Frank Reynolds,,Randox Maiden Hurdle,IRE,94,gelding,Valirann,Sent off at odds of 200-1 on Down Royal debut this month and ran accordingly; needs more time.,[],,Dermot A McLoughlin,"{'runs': 16, 'wins': 2, 'percent': 13}",25,69
5,"3,000euros 3yo; 5th foal; dam unraced; only of interest if the market speaks in his favour",Downpatrick,Henrietta Maria,2026-05-22,2m2f185y,,15,,Good To Yielding,Undertheinfluence,Carl Millar,158,[],17:20,Mrs Shauna Kelly,,Randox Maiden Hurdle,IRE,,gelding,Court Cave,"Court Cave gelding; 3,000euros 3yo; fifth foal; dam unraced; only of interest if the market speaks in his favour.",[],,Noel C Kelly,"{'runs': 9, 'wins': 1, 'percent': 11}",56,
5,Runner-up in three Flat maidens for Noel Kelly; tailed off at Sligo on stable debut,Downpatrick,Zman Awal,2026-05-22,2m2f185y,,15,0-7/0,Good To Yielding,Dahab,Paddy Cleary,158,[],17:20,Conor McGlone,,Randox Maiden Hurdle,IRE,100,gelding,Saxon Warrior,Runner-up in three Flat maidens for Noel Kelly; beaten 20l at Ayr on hurdling bow; tailed off on stable debut in first-time tongue-tie (retained) at Sligo 10 days ago; others preferred.,[],,D Broad,"{'runs': 2, 'wins': 0, 'percent': 0}",,68
4,"Well beaten in a point, bumper and sole hurdles start; that form won't be enough",Downpatrick,Stormey What A Gal,2026-05-22,2m2f185y,,15,90-6,Good To Yielding,Beacon Bypass,Ben Harvey,152,[],17:20,T Brouder,,Randox Maiden Hurdle,IRE,88,gelding,Old Persian,"Well beaten in a point, bumper and sole hurdles start; that form won't be enough.",[],,Paul Mulligan,"{'runs': 1, 'wins': 0, 'percent': 0}",,30
5,Never a factor in four starts under rules last year and no show in five points; blinkers,Downpatrick,Indian Stream,2026-05-22,2m2f185y,,15,-4P4UP,Good To Yielding,Raleagh Scope,Kevin Sexton,158,[],17:20,T T Steele,,Randox Maiden Hurdle,IRE,41,gelding,Telescope,Never a factor in four starts under rules last year; failed to get involved in five points since February; blinkers; difficult to fancy.,[],,C A McBratney,"{'runs': 2, 'wins': 1, 'percent': 50}",100,19
6,Nice pedigree and has shown small hints of ability in maidens; hood goes on now; reserve,Downpatrick,Solerina,2026-05-22,2m2f185y,,15,-8779,Good To Yielding,Butch Coolidge,,158,[],17:20,John P Bowe,,Randox Maiden Hurdle,IRE,106,gelding,Walk In The Park,Second reserve; nice pedigree and has shown small hints of ability in maidens; hood goes on now.,[],,David Harry Kelly,"{'runs': 5, 'wins': 2, 'percent': 40}",40,93
6,Much better when 7.75l fifth in course bumper two weeks ago; hurdles bow; reserve,Downpatrick,Supreme Magical,2026-05-22,2m2f185y,,15,5-P36,Good To Yielding,Magical Sal,,151,[],17:20,Pamela Ballantine,,Randox Maiden Hurdle,IRE,,mare,El Salvador,First reserve; well beaten in two bumpers and a point; much better when 7.75l fifth in course bumper two weeks ago; hurdles bow.,[],,C A McBratney,"{'runs': 2, 'wins': 1, 'percent': 50}",100,
7,C&D winner won a Tramore claiming hurdle last time; needs to do more today but respected,Downpatrick,Lady Kasora,2026-05-22,2m2f185y,,11,-1527F,Good To Yielding,Tell Us This,Brian Hayes,166,[],17:52,Fenway Park Syndicate,,"Tote Guarantee, Never Beaten By SP Handicap Hurdle",IRE,117,gelding,Westerner,Won over C&D last July and came back to form when a comfortable winner of a Tramore claiming hurdle last time; needs to do more back in handicap company but yard is maintaining its good form so respected.,[],,Andrew McNamara,"{'runs': 8, 'wins': 2, 'percent': 25}",75,107
7,Course winner is rated 120 over fences so of interest back hurdling off 10lb lower,Downpatrick,Code Dancer,2026-05-22,2m2f185y,,11,-8431/,Good To Yielding,Seskin Flash,Keith Donoghue,166,[],17:52,Tinnahinch Construction Limited,,"Tote Guarantee, Never Beaten By SP Handicap Hurdle",IRE,111,gelding,Workforce,"A hurdle winner over 2m6f here last year; he has turned into a better chaser since (also winning here), rated 120; soundly beaten in that discipline at Punchestown last time but has to be of interest back hurdling off 10lb lower.",[],,J P Dempsey,"{'runs': 1, 'wins': 0, 'percent': 0}",100,58
6,Won a C&D handicap last time; raised 7lb but should be competitive off that mark,Downpatrick,Alwaysadoubt,2026-05-22,2m2f185y,,11,1-54U3,Good To Yielding,Sea Of Doubt,Josh Williamson,155,[],17:52,D Cleere,,"Tote Guarantee, Never Beaten By SP Handicap Hurdle",IRE,113,mare,Affinisea,Tends to run well at this venue and got off the mark under this rider in a C&D handicap last time; raised 7lb but should be competitive off that mark.,[],,Ian Patrick Donoghue,"{'runs': 22, 'wins': 1, 'percent': 5}",36,102
4,Has run some fine races in defeat in juvenile hurdles against smart rivals; considered,Downpatrick,Alsalwa,2026-05-22,2m2f185y,,11,-4225,Good To Yielding,Ill Be Handy,James Smith,164,[],17:52,Laois Limerick Syndicate,,"Tote Guarantee, Never Beaten By SP Handicap Hurdle",IRE,111,gelding,El Kabeir,Modest Flat maiden but has run some fine races in defeat in juvenile hurdles against some smart rivals; not as good in a Grade 3 last time with cheekpieces on; this is easier so is one to consider.,[],,Matthew J Smith,"{'runs': 2, 'wins': 0, 'percent': 0}",50,96
10,C&D winner on last hurdle start; up 6lb; not a bad seasonal bow on the Flat recently,Downpatrick,Highland Diva,2026-05-22,2m2f185y,,11,-142/4,Good To Yielding,Arcland,Eoghan Finegan,168,[],17:52,Exors of the Late E Blaney,,"Tote Guarantee, Never Beaten By SP Handicap Hurdle",IRE,113,gelding,Arcano,Dual Flat winner got off the mark over hurdles over C&D last September; raised 6lb for this first hurdle runs since; not a bad seasonal bow on the Flat recently.,[],,Gavin Cromwell,"{'runs': 52, 'wins': 5, 'percent': 10}",54,100
7,Beaten 13l in a Kilbeggan maiden hurdle last time; needs to show that wasn't a fluke,Downpatrick,Midnight Silver,2026-05-22,2m2f185y,,11,-4500/,Good To Yielding,Microscope,Michael Kenneally,156,[],17:52,I Buchanan,,"Tote Guarantee, Never Beaten By SP Handicap Hurdle",IRE,115,gelding,Telescope,Ran above his previous efforts when beaten 13l at 150-1 in a Kilbeggan maiden hurdle last time; needs to show that wasn't a fluke on handicap debut.,[],,Peter Buchanan,"{'runs': 0, 'wins': 0, 'percent': None}",,91
5,C&D winner last June was below form in two hurdle runs since; due to run Gowran Wednesday,Downpatrick,All The Rage,2026-05-22,2m2f185y,,11,-0P1/8,Good To Yielding,Bruant,Daniel King,161,[],17:52,ElizabethCarsonRacing Syndicate,,"Tote Guarantee, Never Beaten By SP Handicap Hurdle",IRE,108,gelding,Le Havre,Got off the mark over hurdles when winning a C&D novice hurdle last June; well below that level in two hurdle starts after; not a bad Navan Flat run recently; due to run in the 7.50 at Gowran Wednesday.,[],,A J Martin,"{'runs': 10, 'wins': 0, 'percent': 0}",50,77
6,Has run well enough in defeat lately at Kilbeggan and Sligo; has to find more dropped 1lb,Downpatrick,Qeasy,2026-05-22,2m2f185y,,11,6-2O09,Good To Yielding,Centaq,Alix Balfe,140,[],17:52,Kay McMahon Madden,,"Tote Guarantee, Never Beaten By SP Handicap Hurdle",IRE,112,gelding,Centaurian,Maiden has run well enough in defeat lately at Kilbeggan and Sligo (first-time cheekpieces) but has to find more dropped 1lb.,[],,Dermot A McLoughlin,"{'runs': 16, 'wins': 2, 'percent': 13}",25,95
6,20l runner-up in a C&D maiden h'dle last time; will have to build on that now handicapping,Downpatrick,Mount Abora,2026-05-22,2m2f185y,,11,2-P008,Good To Yielding,Aboras Mahler,J J Slevin,152,[],17:52,Frank Reynolds,,"Tote Guarantee, Never Beaten By SP Handicap Hurdle",IRE,99,mare,Mahler,Showed her first worthwhile form when a 20l runner-up in a C&D maiden hurdle last time; will have to build on that now handicapping.,[],,Stephen Carlin,"{'runs': 1, 'wins': 0, 'percent': 0}",100,76
6,Well beaten on return at Perth last time so will have to do a lot better,Downpatrick,Famusa,2026-05-22,2m2f185y,,11,4-P55/,Good To Yielding,Annie Agnew,Mr N McParlan,153,[],17:52,Caherty Stables Racing Syndicate,,"Tote Guarantee, Never Beaten By SP Handicap Hurdle",IRE,115,mare,Sir Percy,Juvenile hurdle winner in 2023 has run well in defeat at times since; well beaten on return at Perth last time so will have to do a lot better.,[],,Gerald Stephen Quinn,"{'runs': 4, 'wins': 0, 'percent': 0}",25,98
5,Third in a Leopardstown handicap in testing ground in March; well below that twice since,Downpatrick,Goodthyne Miss,2026-05-22,2m2f185y,,11,-P6370,Good To Yielding,The Dancen Kid,Darragh OKeeffe,151,[],17:52,John K Jones,,"Tote Guarantee, Never Beaten By SP Handicap Hurdle",IRE,115,gelding,Dansant,"Best run over hurdles when third in a Leopardstown handicap in testing ground in March; however, has been well below that level twice since and has to bounce back.",[],,Ross OSullivan,"{'runs': 25, 'wins': 4, 'percent': 16}",64,105
5,33-1 surprise win over C&D (good) a fortnight ago; entitled to go well from 5lb higher,Downpatrick,Jeanne Girl,2026-05-22,2m5f180y,,15,1-0308,Good To Yielding,Gangster Granny,Kevin Sexton,166,[],18:29,James Murdoch,,Frank And Brian Fitzsimons Memorial Handicap Hurdle,IRE,100,mare,Holy Roman Emperor,Two Flat wins; gained first hurdles win when springing 33-1 surprise over C&D (good) a fortnight ago (prominent throughout); entitled to go well from 5lb higher mark; shortlisted.,[],,C A McBratney,"{'runs': 2, 'wins': 1, 'percent': 50}",100,94
5,"Third to Gangster Granny lto, hung badly up the straight; player from 2lb higher",Downpatrick,The Lastonetogo,2026-05-22,2m5f180y,,15,3-0P8P,Good To Yielding,Artic Chief,Carl Millar,149,[],18:29,G Kieran Strain,,Frank And Brian Fitzsimons Memorial Handicap Hurdle,IRE,105,gelding,Arctic Cosmos,"Had shown nothing prior to excellent third behind Gangster Granny over C&D on latest, and possibly might have won but hung badly left entering the straight (beaten 1.25l); front-runner has a place chance again from 2lb higher.",[],,Liam Lennon,"{'runs': 2, 'wins': 0, 'percent': 0}",50,96
5,Effectively 7lb better off with Gangster Granny for C&D second latest; big player,Downpatrick,Ejayteekay,2026-05-22,2m5f180y,,15,2-9836,Good To Yielding,Annarubyrose,James Smith,160,[],18:29,C B Poots,,Frank And Brian Fitzsimons Memorial Handicap Hurdle,IRE,100,mare,Hillstar,"Placed in a Sligo maiden for Gavin Cromwell; highly promising stable debut when runner-up to Gangster Granny over C&D on latest, headed close home; effectively 7lb better off with the winner factoring in the rider's claim so should go well.",[],,Ian Patrick Donoghue,"{'runs': 22, 'wins': 1, 'percent': 5}",36,95
5,"Runner-up in course handicap (2m2f, good) latest, making most of the running; stamina Qs",Downpatrick,Cloudante,2026-05-22,2m5f180y,,15,2-68P0,Good To Yielding,Mercurial Sea,Paddy Cleary,158,[],18:29,Judith Long,,Frank And Brian Fitzsimons Memorial Handicap Hurdle,IRE,100,mare,Affinisea,"Fair form in bumpers early last season; best effort over hurdles yet when runner-up of 12 in course handicap (2m2f, good) two weeks ago, making most of the running; stamina not certain to hold out over this trip.",[],,Nigel Thomas Slevin,"{'runs': 3, 'wins': 1, 'percent': 33}",67,89
8,Only gave way late on over 26.5f at Perth nine days ago; should give her running,Downpatrick,Me Julie,2026-05-22,2m5f180y,,15,4-3P33,Good To Yielding,Bayonetta,Kevin Healy,161,[],18:29,Rodney Arthur,,Frank And Brian Fitzsimons Memorial Handicap Hurdle,IRE,102,mare,Leading Light,"Exposed mare; has won one of her 15 points but yet to win in 12 starts over hurdles, although has been placed on six occasions; only gave way late on over 26.5f at Perth nine days ago; should give her running again off lower Irish mark.",[],,Gerald Stephen Quinn,"{'runs': 4, 'wins': 0, 'percent': 0}",25,93
8,Placed over C&D off 13lb higher last year; 13-2 when tailed off behind Gangster Granny lto,Downpatrick,Sand Reef,2026-05-22,2m5f180y,,15,0-9468,Good To Yielding,Joya Del Mar,Ricky Doyle,157,[],18:29,Mrs T Giles-Fahey & Miss S Mangan,,Frank And Brian Fitzsimons Memorial Handicap Hurdle,IRE,106,mare,Ol Man River,A 19-race maiden over hurdles but a player judged on C&D third off 13lb higher in March 2025 and good fourth at Down Royal on return off 8lb higher; sent off 13-2 when well beaten behind Gangster Granny latest but she's becoming well treated now.,[],,Dermot A McLoughlin,"{'runs': 16, 'wins': 2, 'percent': 13}",25,90
6,Found less than what looked likely when seventh of 16 at Tramore (2m5f) last month,Downpatrick,Captain Carol,2026-05-22,2m5f180y,,15,-7P233,Good To Yielding,Yoursimplythebest,Mike OConnor,145,[],18:29,Eva Forde & Patrick Joseph Mulligan,,Frank And Brian Fitzsimons Memorial Handicap Hurdle,IRE,101,mare,Jukebox Jury,Showed next to nothing in maidens; placed on her first three handicaps before pulled up at Fairyhouse; found less than what looked likely when seventh of 16 at Tramore (2m5f) last month.,[],,Gerard Keane,"{'runs': 6, 'wins': 1, 'percent': 17}",33,54
6,Very weak form overall; needs a transformation but early days for top stable,Downpatrick,Hayes Princess,2026-05-22,2m5f180y,,15,-0P007,Good To Yielding,Milesfromthehonk,John Shinnick,144,[],18:29,Porch Pints Syndicate,,Frank And Brian Fitzsimons Memorial Handicap Hurdle,IRE,96,mare,Ocovango,Second runner for yard; weak form in maidens; pulled up at Cork on handicap debut; never sighted at Fairyhouse in December; needs a transformation but early days for top stable.,[],,Gordon Elliott,"{'runs': 52, 'wins': 9, 'percent': 17}",43,75
6,Now 0-16 but hit the frame over C&D twice for Tony Martin off higher marks; new yard,Downpatrick,Maughami,2026-05-22,2m5f180y,,15,-P7530,Good To Yielding,Gortmore Lady,E Walsh,152,[],18:29,Zoom Buddies Syndicate,,Frank And Brian Fitzsimons Memorial Handicap Hurdle,IRE,104,mare,Elusive Pimpernel,Now 0-16 but hit the frame over C&D twice for Tony Martin off higher marks; pulled up on chase debut at Tramore when last seen in November; betting will guide on yard debut; tongue-tied.,[],,Ciaran Murphy,"{'runs': 20, 'wins': 1, 'percent': 5}",10,87
9,Maiden chased home a clear winner over 3m at Wexford last summer; back from a break,Downpatrick,Shinahwil,2026-05-22,2m5f180y,,15,-60025,Good To Yielding,Phildante,Shane OCallaghan,147,[],18:29,Dominic Delaney,,Frank And Brian Fitzsimons Memorial Handicap Hurdle,IRE,103,mare,Getaway,Maiden chased home a clear winner over 3m at Wexford last summer; rounded off last year with okay sixth of 16 at Tramore (2m5f) in November; off the track 178 days.,[],,Eoin Doyle,"{'runs': 2, 'wins': 0, 'percent': 0}",50,86
9,C&D third in March from 2lb higher; place shout but hard to fancy for win purposes,Downpatrick,Anseo Agus Ansuid,2026-05-22,2m5f180y,,15,0-7384,Good To Yielding,Toor Moon,Niall Moore,144,[],18:29,James Nash,,Frank And Brian Fitzsimons Memorial Handicap Hurdle,IRE,104,gelding,Green Moon,"Longstanding maiden has plenty of placed efforts to his name over fences and hurdles, including a C&D third in March from 2lb higher; below best in two starts since; place shout but hard to fancy for win purposes.",[],,Ms M Flynn,"{'runs': 4, 'wins': 0, 'percent': 0}",,85
5,No show in maidens or a handicap; top connections and may have benefitted from the break,Downpatrick,Age Of Diplomacy,2026-05-22,2m5f180y,,15,-0699,Good To Yielding,Boston Queen,Alan OSullivan,154,[],18:29,D J Barry,,Frank And Brian Fitzsimons Memorial Handicap Hurdle,IRE,83,mare,Rajj,Beaten a cumulative distance of 131l in trio of maidens at 2m-2m2f on good and yielding ground; jumping issues evident when tailed off on handicap debut at Killarney; top connections and may have benefitted from the break.,[],,Gordon Elliott,"{'runs': 52, 'wins': 9, 'percent': 17}",43,63
10,Pulled up on her last visit to the track in a chase and pulled up last time over hurdles,Downpatrick,Putlands Bridge,2026-05-22,2m5f180y,,15,-PF4P9,Good To Yielding,Game And Glory,Dylan Robinson,156,[],18:29,J J Leckey,,Frank And Brian Fitzsimons Memorial Handicap Hurdle,IRE,101,mare,Fame And Glory,Dual hurdles winner but was pulled up on her last visit to the track in a chase and pulled up last time over hurdles at Thurles.,[],,P J Rothwell,"{'runs': 29, 'wins': 1, 'percent': 3}",24,
11,Sole win came over 2m5f at Roscommon in 2022; well beaten behind Gangster Granny lto,Downpatrick,Bonny River,2026-05-22,2m5f180y,,15,0-P/04,Good To Yielding,Lady Iseult,Alix Balfe,147,[],18:29,B P Beggan,,Frank And Brian Fitzsimons Memorial Handicap Hurdle,IRE,101,mare,Dylan Thomas,Sole win came over 2m5f at Roscommon in 2022; back from mammoth absence when pulled up at Down Royal last month; well beaten behind Gangster Granny over C&D on latest.,[],,Dermot A McLoughlin,"{'runs': 16, 'wins': 2, 'percent': 13}",25,75
6,Has shown ability including when runner-up in a course bumper; poor in handicaps so far,Downpatrick,Princesse Pauline,2026-05-22,2m5f180y,,15,-06802,Good To Yielding,Scary Askari,Shane Fitzgerald,161,[],18:29,S McParlan,,Frank And Brian Fitzsimons Memorial Handicap Hurdle,IRE,97,gelding,Bucks Boum,Has shown ability including when runner-up in a course bumper; made a respiratory noise in running when soundly beaten on handicap debut at Fairyhouse; never involved at Punchestown in December.,[],,S McParlan,"{'runs': 0, 'wins': 0, 'percent': None}",,39
9,Bolted up off career-low mark on return over C&D; sixth from 10lb higher lto; reserve,Downpatrick,Bella Nouf,2026-05-22,2m5f180y,,15,-61/80,Good To Yielding,Cozone,,169,"[{'date': '2020-02-14', 'type': 'Wind Surgery'}]",18:29,Debbie Kelly,,Frank And Brian Fitzsimons Memorial Handicap Hurdle,IRE,101,gelding,Pour Moi,Third reserve; bounced back with a bang when easily winning over C&D off career-low mark on return in March; failed to back that up from 10lb higher at Down Royal.,[],,Matthew J Smith,"{'runs': 2, 'wins': 0, 'percent': 0}",50,85
8,Sole win over C&D in October 2024 off 86; hasn't shown a lot in recent outings; reserve,Downpatrick,Larnalee,2026-05-22,2m5f180y,,15,5-0P66,Good To Yielding,Jimlis Cave,Calum Hogan,151,[],18:29,Geoffrey Ruddock,,Frank And Brian Fitzsimons Memorial Handicap Hurdle,IRE,101,gelding,Court Cave,First reserve; sole win was over C&D in October 2024 off 86; hasn't shown a lot in recent outings.,[],,R K Watson,"{'runs': 6, 'wins': 0, 'percent': 0}",,88
5,Yet to get closer than 49l behind the winner in 4 maiden runs; safe to rule out; reserve,Downpatrick,Milan Eve,2026-05-22,2m5f180y,,15,-0000U,Good To Yielding,Jetstream Jeff,,146,[],18:29,Oliver John Harrington,,Frank And Brian Fitzsimons Memorial Handicap Hurdle,IRE,77,gelding,Libertarian,Second reserve; yet to get closer than 49l behind the winner in four maiden runs; seems safe to rule out on handicap debut.,[],,Peter McCreery,"{'runs': 1, 'wins': 0, 'percent': 0}",,
7,Gowran hurdles win in October; last chase run full of promise; goes well fresh; big player,Downpatrick,Tulipe Star,2026-05-22,2m3f100y,,14,-FU1/P,Good To Yielding,Jerisk Star,Sean Flanagan,166,"[{'date': '2025-04-01', 'type': 'Wind Surgery'}]",19:00,Mrs Avril Doyle,,Down Royal Corporation Of Horsebreeders Beginners Chase,IRE,113,gelding,No Risk At All,Winner of Gowran handicap hurdle in October; rated 100 over hurdles; held when unseated at the last on chase debut in November; gave way before two out in Tramore beginners' next time; front-runner goes well fresh and could prove difficult to reel in on return.,[],,Liz Doyle,"{'runs': 6, 'wins': 0, 'percent': 0}",17,
5,Bolted up on stable/handicap hurdle debut nine days ago; high on the shortlist; chase bow,Downpatrick,Hidden Sapphire,2026-05-22,2m3f100y,,14,1-6806,Good To Yielding,Whispering Willow,Keith Donoghue,159,[],19:00,Daragh ODriscoll,,Down Royal Corporation Of Horsebreeders Beginners Chase,IRE,,mare,Marcel,"Left all known form behind when bolting up over hurdles at Punchestown (2m, good to yielding) on stable/handicap debut nine days ago; one place and three non-completions in points but high on the shortlist on chase bow.",[],,Gavin Cromwell,"{'runs': 52, 'wins': 5, 'percent': 10}",54,
6,Fair chase debut and bred to be a decent chaser; tongue-tied on return from break,Downpatrick,Auntie Mary,2026-05-22,2m3f100y,,14,-6835/,Good To Yielding,Auntie Lacey,Sean OKeeffe,159,[],19:00,Anne Coffey & Susan Spence,,Down Royal Corporation Of Horsebreeders Beginners Chase,IRE,104,mare,Getaway,"Point winner for Colin Bowe; maiden over hurdles; encouragement taken from chasing debut when midfield at Thurles in October (18.5f, good to yielding); dam half-sister to dual Grade 1-winning chaser Conflated; tongue-tied on return.",[],,Paul Nolan,"{'runs': 14, 'wins': 1, 'percent': 7}",36,77
7,Some decent form overall; 99-rated hurdler should be in the mix if she takes to fences,Downpatrick,Carrigmoorna Fame,2026-05-22,2m3f100y,,14,-55P9/,Good To Yielding,Saunton Surf,Mr O McGill,159,[],19:00,Gee Gees Syndicate,,Down Royal Corporation Of Horsebreeders Beginners Chase,IRE,,mare,Sea Moon,"Some decent form when trained in Britain; couple of fair efforts in handicap hurdles since joining this yard, including when fifth of 12 here (2m6f) last time; 99-rated hurdler should be in the mix if she takes to larger obstacles.","[{'horse': 'Saunton Surf', 'horse_id': 4977983, 'quote': ""She was a point-to-point and bumper winner before joining us and ran a great race at Ludlow in October when she was unlucky after being hampered. She ran on to be second  and Newcastle last time might have come too soon. We've done a few tests, checking her muscle enzymes as she can be a bit moody, and I don't think we've seen the best of her. We're still getting to know her and it could be that she's a spring horse, but the talent is there and she jumps and works well. She's a work in progress and might want a sounder surface, and it's up to me and the team to unlock what's under the bonnet. 13-12-23""}]",,Gary McGill,"{'runs': 0, 'wins': 0, 'percent': None}",,
7,Top-rated of these over fences; should be involved if the ground doesn't deteriorate,Downpatrick,Varnay,2026-05-22,2m3f100y,,14,-57043,Good To Yielding,Giant Haystacks,Danny Gilligan,166,[],19:00,Keep It Simple Syndicate,,Down Royal Corporation Of Horsebreeders Beginners Chase,IRE,106,gelding,Elusive Pimpernel,"Second runner for yard; top-rated of these over fences; third on sole point start; 1-13 over hurdles; tailed off on chase bow at Fairyhouse; improved fifth of 16 in Thurles handicap chase (2m2f, soft) in February; should be involved if the ground doesn't deteriorate.",[],,Ross OSullivan,"{'runs': 25, 'wins': 4, 'percent': 16}",64,79
6,Dual hurdles winner; rated 92 over timber so has a bit to find on chase debut but top yard,Downpatrick,Dexterite,2026-05-22,2m3f100y,,14,5-5119,Good To Yielding,King Gris,Sam Ewing,166,[],19:00,D Charlesworth,,Down Royal Corporation Of Horsebreeders Beginners Chase,IRE,,gelding,Gris De Gris,"Improved form after being switched to this yard, winning handicaps last December at Ayr and Hexham at around 2m4f on heavy; two moderate runs since including a fifth here; rated 92 over timber so has a bit to find on chase debut but hails from top yard.",[],,Gordon Elliott,"{'runs': 52, 'wins': 9, 'percent': 17}",43,
5,99-rated hurdler has run some good races in defeat; bred for chasing; player,Downpatrick,Carleys Hollow,2026-05-22,2m3f100y,,14,4-5460,Good To Yielding,Coolboy Christy,Tiernan Power Roche,166,[],19:00,Geesala Racing Group Syndicate,,Down Royal Corporation Of Horsebreeders Beginners Chase,IRE,,gelding,Feel Like Dancing,"Rated 99 over hurdles; promising fourth in Leopardstown novice handicap hurdle (2m3f, soft to heavy) in March before lesser effort at this venue; respectable fourth of 15 at Cork (2m3f, good) 12 days ago; 0-2 in points but bred to be a chaser; player.",[],,P J Rothwell,"{'runs': 29, 'wins': 1, 'percent': 3}",24,
5,Dam out of half-sister to Irish Grand National winner so an interesting chasing debutant,Downpatrick,Rebel Dream,2026-05-22,2m3f100y,,14,-85150,Good To Yielding,Pourquoi Poi,Darragh OKeeffe,166,[],19:00,P McGuire,,Down Royal Corporation Of Horsebreeders Beginners Chase,IRE,,gelding,Ocovango,"Won Punchestown handicap hurdle last August (2m4f, good to yielding) off 87; went backwards late on at Kilbeggan last time; dam out of half-sister to Irish Grand National winner Maid Of Money so an interesting chasing debutant.",[],,Paul W Flynn,"{'runs': 17, 'wins': 3, 'percent': 18}",53,
6,Best of four maiden hurdle runs was on debut; hurdles mark of 100 gives him a chance,Downpatrick,Moscovite,2026-05-22,2m3f100y,,14,-0066P,Good To Yielding,Double Power,Conor Stone-Walsh,166,[],19:00,Do The Math Syndicate,,Down Royal Corporation Of Horsebreeders Beginners Chase,IRE,,gelding,Lucky Speed,Record of 0-9 in points; best of four maiden hurdle runs was on debut at Leopardstown when sixth behind Frankie John; gained a mark of 100 over hurdles which gives him a squeak in this.,[],,Ian Patrick Donoghue,"{'runs': 22, 'wins': 1, 'percent': 5}",36,
8,Stays well; 90-rated hurdler may struggle over this trip on chase debut,Downpatrick,Minis Last,2026-05-22,2m3f100y,,14,-65412,Good To Yielding,Grace Faraday,James Smith,159,[],19:00,Drumlin Dreams Syndicate,,Down Royal Corporation Of Horsebreeders Beginners Chase,IRE,,mare,Flemensfirth,Stays well; gave a stout hurdles performance when scoring over 3m at Galway in October; beaten in excess of 20l in her most recent three races; 90-rated hurdler may struggle over this trip on chase debut.,[],,Anthony McCann,"{'runs': 9, 'wins': 0, 'percent': 0}",33,
6,Unseated at the fourth in C&D handicap two weeks ago; might find a couple too good here,Downpatrick,Verde Goodwood,2026-05-22,2m3f100y,,14,U-4446,Good To Yielding,Driveonwill,Donagh Meyler,166,[],19:00,Kiltale Racing Syndicate,,Down Royal Corporation Of Horsebreeders Beginners Chase,IRE,91,gelding,Affinisea,Now a 12-race maiden; ran a few decent races when in the frame in handicaps this year; unseated at the fourth in C&D handicap two weeks ago; might find a couple too good in this company.,[],,Ross OSullivan,"{'runs': 25, 'wins': 4, 'percent': 16}",64,53
8,Ballinrobe maiden hurdle winner in 2023; poor last year; chase bow; not easy to fancy,Downpatrick,Princess Raihana,2026-05-22,2m3f100y,,14,-P7/88,Good To Yielding,Art Of Silence,Eoghan Finegan,166,[],19:00,The Quiet Men Partnership,,Down Royal Corporation Of Horsebreeders Beginners Chase,IRE,,gelding,Marcel,Ballinrobe maiden hurdle winner in 2023; returned from absence last year with two moderate Flat runs; tailed off over hurdles at Gowran; pulled up at Fairyhouse; not easy to fancy on chase debut.,[],,Gerard Keane,"{'runs': 6, 'wins': 1, 'percent': 17}",33,
8,No time wasted in sending her chasing now but doesn't look like an obvious winner,Downpatrick,Justines Joy,2026-05-22,2m3f100y,,14,-7/00,Good To Yielding,Jampot Lane,Aidan Kelly,159,[],19:00,Dominic J Jones,,Down Royal Corporation Of Horsebreeders Beginners Chase,IRE,,mare,Kalanisi,Hinted at some ability in three maiden hurdles; no time wasted in sending her chasing but doesn't look like an obvious winner.,[],,Gearoid OLoughlin,"{'runs': 2, 'wins': 0, 'percent': 0}",,
6,Maiden from 10 starts; modest 80-rated hurdler looks set to struggle on her chase bow,Downpatrick,Labeille,2026-05-22,2m3f100y,,14,-0P680,Good To Yielding,Massabielle,P J OHanlon,159,[],19:00,J Weldon,,Down Royal Corporation Of Horsebreeders Beginners Chase,IRE,,mare,Mount Nelson,Maiden from 10 starts; modest 80-rated hurdler looks set to struggle on her chase bow.,[],,Dermot A McLoughlin,"{'runs': 16, 'wins': 2, 'percent': 13}",25,
6,"Highly progressive pointer, winning 4 of his last 5 and won his last two by a combined 54l",Downpatrick,Western Squadron,2026-05-22,2m7f150y,,7,11-211,Good To Yielding,West Of Idaho,Mr B ONeill,168,[],19:30,R Nicholas,,Down Royal Corporation Of Horsebreeders Maiden Hunters Chase,IRE,111,gelding,Idaho,"Highly progressive pointer, winning four of his last five starts and won his last two by a combined 54l; his only defeat this year was arguably his best run when runner-up to Cause For Comment (several of these behind); will take a lot of beating here.",[],,D M Christie,"{'runs': 1, 'wins': 0, 'percent': 0}",,23
6,Unlucky on debut when faller at the last; won next time at Necarne; can go well,Downpatrick,Code Pearl,2026-05-22,2m7f150y,,7,1-F,Good To Yielding,Everest The Brave,Mr D G Lavery,168,[],19:30,Gavin Cromwell Racing Limited,,Down Royal Corporation Of Horsebreeders Maiden Hunters Chase,IRE,,gelding,Shantaram,Was coming there to win when falling at the last in Cragmore point in January but made no mistake on first run for Gavin Cromwell when scoring by 1l at Necarne 13 days ago; should give West Of Idaho most to think about.,[],,Gavin Cromwell,"{'runs': 52, 'wins': 5, 'percent': 10}",54,
7,28l behind West Of Idaho when runner-up at Necarne a fortnight ago; cheekpieces are tried,Downpatrick,Claires Away,2026-05-22,2m7f150y,,7,2-1P13,Good To Yielding,Weespoof,Mr N McParlan,168,[],19:30,P J McBurney,,Down Royal Corporation Of Horsebreeders Maiden Hunters Chase,IRE,,gelding,Diamond Boy,Solid pointer who is 3-13 with six further placings; 28l behind West Of Idaho when runner-up at Necarne a fortnight ago; cheekpieces are tried now.,[],,Gerald Stephen Quinn,"{'runs': 4, 'wins': 0, 'percent': 0}",25,
7,Finally got first point win from eight tries at Stowlin on latest; plenty to find though,Downpatrick,Carrig Rua Lady,2026-05-22,2m7f150y,,7,1-3422,Good To Yielding,Cebu City,Mr R James,168,[],19:30,Mary N Kilduff,,Down Royal Corporation Of Horsebreeders Maiden Hunters Chase,IRE,81,gelding,Ocovango,"A win, four runner-ups and a third to his name from eight point runs, the victory on latest at Stowlin when keeping on well to score by 5l; entitled to respect off the back of that but still has plenty to find to trouble West Of Idaho.",[],,S G Carey,"{'runs': 3, 'wins': 0, 'percent': 0}",67,
6,Tall order here and was pulled up over C&D on his penultimate run; others preferred,Downpatrick,Kegster,2026-05-22,2m7f150y,,7,-6P51P,Good To Yielding,Sledgehammer,Mr T A Halford,168,[],19:30,C W J Farrell,,Down Royal Corporation Of Horsebreeders Maiden Hunters Chase,IRE,86,gelding,Affinisea,Narrow winner of a maiden point at Tyrella in February after two failures to complete; tailed off on hunter chase debut at Down Royal; pulled up over C&D next time after bad mistake; distant sixth at Tramore last month.,[],,C W J Farrell,"{'runs': 0, 'wins': 0, 'percent': None}",,77
7,Hard to fancy on the form of his run since returning to Colin McBratney,Downpatrick,Jennys Joy,2026-05-22,2m7f150y,,7,-P5317,Good To Yielding,Mister Frostie,Mr O McGill,168,[],19:30,Mrs Orla Cleary-OKane,,Down Royal Corporation Of Horsebreeders Maiden Hunters Chase,IRE,,gelding,Arctic Cosmos,Hints of ability in maiden hurdles for this stable; won a maiden point at Hexham last November; hard to fancy on the form of his run since returning to Colin McBratney.,[],,C A McBratney,"{'runs': 2, 'wins': 1, 'percent': 50}",100,
7,Well behind Sledgehammer in Tramore hunters'; holds very little chance here; tongue-tied,Downpatrick,Wood Grove,2026-05-22,2m7f150y,,7,-60325,Good To Yielding,Vodka Splash,Mr B Aherne,168,[],19:30,C E Moore,,Down Royal Corporation Of Horsebreeders Maiden Hunters Chase,IRE,47,gelding,Clovis Du Berlais,Sole win from 12 point starts at Ballindenisk in January; well behind Sledgehammer in Tramore hunters' chase; holds very little chance here; tongue-tied.,[],,Garry Aherne,"{'runs': 0, 'wins': 0, 'percent': None}",,
6,Was 2nd in this last year; outclassed at Punchestown last time; this is easier; a player,Downpatrick,Pink Hat,2026-05-22,3m4f165y,,8,-8112/,Good To Yielding,Cause For Comment,Mr P W Mullins,168,[],20:00,Mrs J M Mullins,,Albert Bartlett Hunters Chase,IRE,121,gelding,Cokoriko,Point winner was just denied by stablemate Asphalt Cowboy in this race last year when favourite; won a maiden hunter chase here over 3m in March but couldn't cope with the rise in class at Punchestown since; this is easier and stable selected.,[],,S G Carey,"{'runs': 3, 'wins': 0, 'percent': 0}",67,83
6,Easily won third point last time; respected on rules debut for a yard that does well here,Downpatrick,Glenda King,2026-05-22,3m4f165y,,8,-12F12,Good To Yielding,Fortune Lad,Mr B ONeill,168,[],20:00,Samuel John Hegarty,,Albert Bartlett Hunters Chase,IRE,,gelding,Soldier Of Fortune,"Won for the third time in points at Loughanmore last time, easily, albeit against only two rivals; still respected on rules debut for a yard that does well in these races and looks their first string.",[],,D M Christie,"{'runs': 1, 'wins': 0, 'percent': 0}",,
7,Third in an open race last time; ran well enough on sole chase start in 2024; needs more,Downpatrick,Monte Solaro,2026-05-22,3m4f165y,,8,-3U602,Good To Yielding,Montecam,Mr J W Hendrick,168,"[{'date': '2024-06-03', 'type': 'Wind Surgery'}]",20:00,Kevin E Doyle,,Albert Bartlett Hunters Chase,IRE,118,gelding,Camelot,Useful hurdler up to last season ran his best race in three points when third in an open race at Toomebridge last time; ran well enough on sole chase start in 2024 but has to do more.,"[{'horse': 'Montecam', 'horse_id': 4948264, 'quote': ""Kevin [Doyle] had him home for the summer and has sent him back in fantastic shape, and I can't help but think this will be an exciting year for us all. He won a maiden hurdle last season and has a mark of 121. He'll no doubt jump a fence, but we'll see which way he takes us short term. 22-10-24""}]",,W J Codd,"{'runs': 0, 'wins': 0, 'percent': None}",,
8,Won this last year but poor on his two recent starts; looks to be the yard's second string,Downpatrick,Party Belle,2026-05-22,3m4f165y,,8,-5P320,Good To Yielding,Asphalt Cowboy,Mr R James,168,[],20:00,Mary N Kilduff,,Albert Bartlett Hunters Chase,IRE,119,gelding,Getaway,"Two point wins plus two hunter chase wins, notably this race last year; however, has been poor on his two recent starts and looks to be the yard's second string.",[],,S G Carey,"{'runs': 3, 'wins': 0, 'percent': 0}",67,65
12,Ran well at times in defeat in points and hunter chases last season; has to do much better,Downpatrick,Kiss Jolie,2026-05-22,3m4f165y,,8,2-5/P0,Good To Yielding,Dorking Cock,Mr S Connor,168,[],20:00,Dorking Cock Syndicate,,Albert Bartlett Hunters Chase,IRE,117,gelding,Winged Love,Has won three over hurdles and fences; ran well at times in defeat in points and hunter chases last season but has to do much better today.,[],,S R B Crawford,"{'runs': 6, 'wins': 2, 'percent': 33}",50,63
8,Well held on both hunter chase outings this year; cheekpieces need to bring improvement,Downpatrick,Forest Heiress,2026-05-22,3m4f165y,,8,4-2743,Good To Yielding,Our Story,Mr B Aherne,168,[],20:00,Garry Aherne,,Albert Bartlett Hunters Chase,IRE,87,gelding,Shantaram,A record of only 2-16 in points and has been well held on both hunter chase outings this year; cheekpieces need to bring improvement.,[],,Garry Aherne,"{'runs': 0, 'wins': 0, 'percent': None}",,68
11,Well below his best in points last season and isn't easy to fancy on that form,Downpatrick,Mrs Wallensky,2026-05-22,3m4f165y,,8,O-66P5,Good To Yielding,Ramillies,Mr T C Kileff,168,[],20:00,Ramillies & Christie Family Syndicate,,Albert Bartlett Hunters Chase,IRE,116,gelding,Shantou,Second runner for yard; six-time point winner has been well below his best in that sphere last season and isn't easy to fancy on that form.,"[{'horse': 'Ramillies', 'horse_id': 2548824, 'quote': ""He seems to have improved and I think he'll progress for jumping fences as well. He probably wants nice ground, rather than heavy winter conditions, but he's another who could go well in our staying novice chasing division. 07-11-22""}, {'horse': 'Ramillies', 'horse_id': 2548824, 'quote': ""He's been first past the post in both of his races over fences this season, although he was demoted last time at Naas. That was over 3m1f and he could go for either the National Hunt Chase or Brown Advisory. 08-03-23""}]",,D M Christie,"{'runs': 1, 'wins': 0, 'percent': 0}",,
10,Won a hunter chase here in 2023 but can't be fancied on his point form of last season,Downpatrick,Reflexion,2026-05-22,3m4f165y,,8,-P5PU6,Good To Yielding,Gorthill,Mr N McParlan,168,[],20:00,Miss Maeve Carlin,,Albert Bartlett Hunters Chase,IRE,119,gelding,Rail Link,"Four point wins and won a 3m hunter chase here in 2023; however, can't be fancied on his point form of last season.",[],,Stephen Carlin,"{'runs': 1, 'wins': 0, 'percent': 0}",100,80
5,Point winner is a half-sister to a Group 2 Flat winner; looks a big player on bumper bow,Downpatrick,Shishangaan,2026-05-22,2m1f165y,,7,-1,Good To Yielding,Dinner Dance,Mr T A Halford,161,[],20:30,Francis Mangan,,Caherty Stables Racing Syndicate Point-To-Point INH Flat Race,IRE,,mare,Dansant,Won her sole point start at Aghabullogue in January on heavy ground for Patrick Kiely; makes rules debut for this top yard on different ground but should cope as a half-sister to Group 2 Flat scorer Safe Voyage; big player.,[],,Gordon Elliott,"{'runs': 52, 'wins': 9, 'percent': 17}",43,
4,"Just denied on point debut; sold for £70,000 since; from the family of Faugheen; player",Downpatrick,Isabellas Girl,2026-05-22,2m1f165y,,7,-2,Good To Yielding,Theemeraldempress,Mr B M Coonan,155,[],20:30,Ms D M McGuire/Oak Lodge Farm Ltd/G King/Garrett Dillon,,Caherty Stables Racing Syndicate Point-To-Point INH Flat Race,IRE,,filly,Walk In The Park,"Just denied on point debut for Sean Doyle at Loughanmore after making most of the running; sold for £70,000 since and makes bumper debut for a top yard; comes from the family of Faugheen; respected.",[],,Gavin Cromwell,"{'runs': 52, 'wins': 5, 'percent': 10}",54,
5,Point winner was 3rd in a Wexford bumper; can improve from that and be a major player,Downpatrick,Mary Wilkie,2026-05-22,2m1f165y,,7,3-1,Good To Yielding,Majestic Horizon,Miss P Elvin,168,[],20:30,N Stenhouse & P Farrell,,Caherty Stables Racing Syndicate Point-To-Point INH Flat Race,IRE,95,gelding,Wings Of Eagles,Won his sole point start at Rathcannon last winter for Cormac Doyle and the form has been franked on the track since; finished 2.5l in front of today's rival Brootally when third in a Wexford bumper recently; can improve from that and be a major player.,[],,P J Rothwell,"{'runs': 29, 'wins': 1, 'percent': 3}",24,63
6,Point winner ran well on bumper debut recently; should step forward from that; a player,Downpatrick,Cush Bach,2026-05-22,2m1f165y,,7,4-1/PP,Good To Yielding,Brootally,Mr D McGill,168,[],20:30,Peter Buchanan,,Caherty Stables Racing Syndicate Point-To-Point INH Flat Race,IRE,92,gelding,Wings Of Eagles,Won a point on fourth start last month on his first run in almost a year; solid bumper debut at Wexford early this month and should step forward from that so can be a player.,[],,Peter Buchanan,"{'runs': 0, 'wins': 0, 'percent': None}",,61
6,Led at the second-last when unseating in a point last time; could run above expectations,Downpatrick,Spot Of Gold,2026-05-22,2m1f165y,,7,-UUPU,Good To Yielding,Bearys Cross,Mr M J McGrath,168,[],20:30,Mrs H McGrath,,Caherty Stables Racing Syndicate Point-To-Point INH Flat Race,IRE,,gelding,Hillstar,Form figures in points aren't inspiring but was still in the lead at the second-last when unseating at Ballysteen last time; could run better than expectations.,[],,Roger Joseph McGrath,"{'runs': 0, 'wins': 0, 'percent': None}",,
5,Beaten 8l in a point last time and needs to find lots of improvement,Downpatrick,Brasilian Emperios,2026-05-22,2m1f165y,,7,5-4,Good To Yielding,Juarno,Mr S Connor,168,[],20:30,Mrs Jill Crawford,,Caherty Stables Racing Syndicate Point-To-Point INH Flat Race,IRE,,gelding,Marcel,The best of two point runs when beaten 8l at Necarne last time; there is a bumper winner in his pedigree but needs to find lots of improvement.,[],,S R B Crawford,"{'runs': 6, 'wins': 2, 'percent': 33}",50,
5,Pulled up then beaten a long way in two point runs so isn't easy to fancy on bumper debut,Downpatrick,Clogher Valley,2026-05-22,2m1f165y,,7,0-P,Good To Yielding,Im Too Busy,Mr J W Hendrick,168,[],20:30,R C A Latta,,Caherty Stables Racing Syndicate Point-To-Point INH Flat Race,IRE,,gelding,Poets Word,Pulled up then beaten a long way in two point runs so isn't easy to fancy on bumper debut.,[],,Yvonne Latta,"{'runs': 0, 'wins': 0, 'percent': None}",,
