date,region,course,going,off_time,distance,race_name,horse_name,field_size,draw,age,lbs,form,jockey,owner,race_class,rpr,sex,sire,dam,spotlight,comment,trainer,trainer_14_days,trainer_rtf,ts,stable_tour,stats,medical
2026-05-23,IRE,Curragh,Good,13:20,6f,Tally Ho Stud Irish EBF (C & G) Maiden,Sergei Diaghilev,8,5,2,131,,Ryan Moore,Westerberg & Mrs Magnier & M Tabor & D Smith,,,colt,Wootton Bassett,Embellish,"Wootton Bassett colt; second foal; brother to Group-placed 1m1f 2yo winner Endorsement (RPR 107), also Group-placed over 1m2f at 3 in 2026; dam unraced sister to winners Johannes Vermeer (7f 2yo Group 1; runner-up in Melbourne Cup) and Elizabeth Browning (1m1f Group 2); trip looks on the short side on his breeding but Ballydoyle first-choice on jockey bookings.",Brother to Group-placed 1m1f 2yo winner Endorsement; Moore's pick,A P OBrien,"{'runs': 46, 'wins': 7, 'percent': 15}",74,,[],,[]
2026-05-23,IRE,Curragh,Good,13:20,6f,Tally Ho Stud Irish EBF (C & G) Maiden,Folsom Blues,8,3,2,131,,Dylan Browne McMonagle,Al Shiraaa Racing Limited,,,colt,Blue Point,Liwa Palace,"Blue Point colt is closely related to 7f AW 2yo winner Greek Mythology (RPR 99), half-brother to 7f/1m winner Atlantic Coast (inc 2yo Group 3/Australia; 104); dam Group-placed 9.5f winner (95), half-sister to useful 1m2f winner Groundbreaking; yard in top form so newcomer has to be respected.",Blue Point colt related to some decent 2yos; yard in top form so has to be respected,Joseph Patrick OBrien,"{'runs': 60, 'wins': 10, 'percent': 17}",63,,[],,[]
2026-05-23,IRE,Curragh,Good,13:20,6f,Tally Ho Stud Irish EBF (C & G) Maiden,Bold Commander,8,2,2,131,,Wayne Lordan,Derrick Smith & Mrs John Magnier & Michael Tabor,,,colt,No Nay Never,Alphabet,"No Nay Never brother to 5f/6f 2yo winner First Approach (RPR 89), half-brother to winners Lisboa (1m2f; 84) and Sound It Out (Australian 7f-1m); dam Group-placed 6f winner (109), closely related to useful 7f/1m winner Aerion Power; seemingly Ballydoyle second-choice but don't rule out.",Brother to 5f/6f 2yo winner First Approach,A P OBrien,"{'runs': 46, 'wins': 7, 'percent': 15}",74,,[],,[]
2026-05-23,IRE,Curragh,Good,13:20,6f,Tally Ho Stud Irish EBF (C & G) Maiden,Switching Sides,8,6,2,131,,Shane Foley,Newtown Anner Stud Farm Ltd,,,colt,Kodiac,Zero Turn,"Kodiac colt bought back for 52,000euros as a yearling; dam placed 1m3f/1m4f (RPR 76), half-sister to 6f 2yo Group 2 winner Besharah; needs checking in the market on debut.","Kodiac colt, out of a Galileo half-sister to 6f 2yo Group 2 winner Besharah",Mrs John Harrington,"{'runs': 26, 'wins': 4, 'percent': 15}",73,,[],,[]
2026-05-23,IRE,Curragh,Good,13:20,6f,Tally Ho Stud Irish EBF (C & G) Maiden,Winnies Wish,8,4,2,131,,Gary Carroll,Derek Kierans,,,colt,Coulsty,Bonnefio,"Coulsty colt a 10,000euros foal and 35,000euros yearling; brother to 7f 2yo winner Madbadanddangerous (RPR 86), half-brother to winners Marvelosa (10.4f; 84) and Mulsanne (US 1m turf); dam unraced sister to 1m4f Listed winner, closely related to Gold Cup winner Courage Mon Ami; debutant respected from a yard with a decent recent 2yo winner.",Debutant respected from a yard with a decent recent 2yo winner,Gavin Cromwell,"{'runs': 45, 'wins': 6, 'percent': 13}",64,,[],,[]
2026-05-23,IRE,Curragh,Good,13:20,6f,Tally Ho Stud Irish EBF (C & G) Maiden,South Dakota,8,1,2,131,,Jack Cleary,M Tabor & D Smith & Mrs J Magnier & Westerberg,,,colt,St Marks Basilica,Palace,"St Mark's Basilica half-brother to winners High Definition (1m 2yo inc Group 2, RPR 120), Innisfree (1m Group 3/7f 2yo; 110) and Royal Aide (1m3f/11.7f Flat, 86; 3m/3m1f hurdle); dam 1m and 8.4f (Listed) winner (104); seemingly the Ballydoyle third-choice but worth a look for future reference.",Half-brother to 2yo Group 2 winner High Definition,A P OBrien,"{'runs': 46, 'wins': 7, 'percent': 15}",74,,[],,[]
2026-05-23,IRE,Curragh,Good,13:20,6f,Tally Ho Stud Irish EBF (C & G) Maiden,I Ready,8,8,2,131,,Robert Whearty,Philip Carney,,,gelding,Invincible Army,Bask In Glory,"Invincible Army gelding; 10,000 yearling; second foal; dam runner-up 6f 2yo (RPR 74), half-sister to winners Insignia Of Rank (1m Listed) and Mayleaf Shine (useful 5f inc 2yo); speedily bred sort but this likely a strong maiden.",Speedily bred sort but this likely a strong maiden,Paul W Flynn,"{'runs': 16, 'wins': 2, 'percent': 13}",50,,[],,[]
2026-05-23,IRE,Curragh,Good,13:20,6f,Tally Ho Stud Irish EBF (C & G) Maiden,Dhikola,8,7,2,131,0,Ronan Whelan,Walerc Limited/M J Wasylocha/Tony Cantwell/Paul J Nolan,,,colt,Ardad,Laurel Wreath,"Ardad colt cost 45,000GBP as a yearling; third foal; closely related to Spanish 1m winner Running Hot, half-brother to 6f turf 2yo/1m AW winner Priapos (RPR 84); dam 5.7f winner (76), half-sister to winners Global Applause (5f Listed inc 2yo) and Auditor (useful 5f-7f inc 2yo); never recovered from bad start on recent Navan debut; best watched for now.",Never recovered from bad start on recent Navan debut; best watched for now,John S ODonoghue,"{'runs': 9, 'wins': 2, 'percent': 22}",44,,[],,[]
2026-05-23,IRE,Curragh,Good,13:55,1m4f,Sherry FitzGerald Country Homes Orby Stakes (Listed Race),Purview,10,3,4,136,-1522/,Colin Keane,Juddmonte Farms Inc,1,118,colt,Kingman,Variable,"Smart, lightly raced 4yo; never quite fulfilled Leopardstown's Derby Trial second this time last year although did end the campaign on a winning note in 1m2f Cork Listed in September in ready fashion; looks the type to make an even better 4yo upped to this trip; very interesting player.",Smart last year and promises to make an even better 4yo upped to this trip; big player,D K Weld,"{'runs': 9, 'wins': 0, 'percent': 0}",56,94,[],,[]
2026-05-23,IRE,Curragh,Good,13:55,1m4f,Sherry FitzGerald Country Homes Orby Stakes (Listed Race),Nyra,10,4,4,133,-32312,Dylan Browne McMonagle,Scott C Heider,1,116,filly,Isfahan,Nightlight Angel,"German import, having been bought for 875,000euros at Arqana in December; 1-9 for previous yard, winning Group 3 in Hamburg over 1m3f (good) and better form when beaten a neck in Group 2 at Baden-Baden and final start when third in 1m4f Group 1 Gran Premio del Jockey Club in Milan; McMonagle's choice of Joseph O'Brien's quartet so has to be respected.",Ex-German trained filly; Group 1-placed in Italy; choice of Joseph O'Brien's four,Joseph Patrick OBrien,"{'runs': 60, 'wins': 10, 'percent': 17}",63,,"[{'horse': 'Nyra', 'horse_id': 7426955, 'quote': ""She was placed in the German Oaks last year and has some nice form lines. We like what we see of her and we're aiming to start her around the second half of May. 22-04-26""}]",,[]
2026-05-23,IRE,Curragh,Good,13:55,1m4f,Sherry FitzGerald Country Homes Orby Stakes (Listed Race),Trustyourinstinct,10,1,6,138,7-6711,Declan McDonogh,John P McManus,1,119,gelding,Churchill,Gussy Goose,"Good form early last season, recording back-to-back wins here in today's event and Group 3 International Stakes over 1m2f; subsequent Leopardstown efforts were below best below best, as was last month's seasonal return here in 1m2f Group 3 Alleged Stakes dominated by two stablemates; entitled to come on for that.",Last year's winner well below best on recent return; entitled to improve for that,Joseph Patrick OBrien,"{'runs': 60, 'wins': 10, 'percent': 17}",63,105,"[{'horse': 'Trustyourinstinct', 'horse_id': 5079029, 'quote': ""He showed some really good form last year, winning a Group 3 at Leopardstown over a mile and a half and just touched off in a Group 2 in Italy in October. We were happy with his run when third in the Devoy Stakes, but the set-up of the race wasn't ideal for him. Depending on ground, he could go for the Mooresbridge next. 24-04-25""}, {'horse': 'Trustyourinstinct', 'horse_id': 5079029, 'quote': ""He won two races on the Flat for us and he will start off in the next month in a juvenile hurdle. We're looking forward to getting him out over hurdles and his schooling has been good. 27-11-23""}]",,[]
2026-05-23,IRE,Curragh,Good,13:55,1m4f,Sherry FitzGerald Country Homes Orby Stakes (Listed Race),Snapretend,10,8,4,128,22-311,J M Sheridan,J P Farrell,1,110,filly,Make Believe,Pedisnap,"Very useful filly has returned this term with 0.5l defeats by Moody at Listed level at both Cork (1m4f) and Gowran (1m6f), each time forcing it; this a much deeper race than those however so will do well to sneak a place.",Two narrow defeats at this level recently; this looks a much deeper race though,Joseph Patrick OBrien,"{'runs': 60, 'wins': 10, 'percent': 17}",63,69,[],,[]
2026-05-23,IRE,Curragh,Good,13:55,1m4f,Sherry FitzGerald Country Homes Orby Stakes (Listed Race),Arouet,10,9,4,133,-212,W J Lee,Timothy Michael Ryan,1,105,colt,Galiway,Sapotille,"Lightly raced last year at 3, winning minor Roscommon contest and chased home a very smart type in Leopardstown Listed over this trip; recently landed odds in Cork 4yo maiden hurdle, an unusual prep for one from this yard; cheekpieces fitted for Flat return and bit to find on ratings.",Recent maiden hurdle winner; cheekpieces fitted for Flat return and bit to find on ratings,P Twomey,"{'runs': 12, 'wins': 3, 'percent': 25}",58,84,[],,[]
2026-05-23,IRE,Curragh,Good,13:55,1m4f,Sherry FitzGerald Country Homes Orby Stakes (Listed Race),Emit,10,2,4,136,34-221,Ronan Whelan,Flaxman Stables Ireland Ltd,1,120,gelding,Too Darn Hot,Light Of Joy,"Consistent last season, going close in 1m2f Group 3 Gallinule Stakes on this weekend and later in year twice runner-up in Longchamp Group contests over 1m7f; both runs this term at 1m6f, latest when respectable third to Scandinavia in Navan Listed; possible fitness edge on some of these.",Possible fitness edge on some of these but ideally wants further at this stage,Joseph Patrick OBrien,"{'runs': 60, 'wins': 10, 'percent': 17}",63,55,"[{'horse': 'Emit', 'horse_id': 6265717, 'quote': ""He finished off last year well and he'll probably go down the staying route. It was a nice run when he was fourth on his comeback and I expect him to step forward nicely from that. We're looking at going to Navan or Chester next. 22-04-26""}]",,[]
2026-05-23,IRE,Curragh,Good,13:55,1m4f,Sherry FitzGerald Country Homes Orby Stakes (Listed Race),Cristal Clere,10,6,8,136,-15225,Seamie Heffernan,John J Nallen,1,112,gelding,Harzand,Lady Catherine,Third career win came on final start last season in 1m Listowel Listed in testing conditions under a positive ride (just a day after being well beaten in handicap); balance of form is over shorter than this so others preferred on seasonal return.,Absent since 1m Listed win in September; this trip stretches him,John J Nallen,"{'runs': 4, 'wins': 0, 'percent': 0}",50,85,[],,[]
2026-05-23,IRE,Curragh,Good,13:55,1m4f,Sherry FitzGerald Country Homes Orby Stakes (Listed Race),Puppet Master,10,10,4,133,-4914/,Ben Coen,Patrick Sheanon,1,113,gelding,Camelot,Realtra,"Ex Ballydoyle-trained; won Lingfield Derby Trial last year but well held in both Irish Derby and Irish St Leger; bought for 78,000gns and soundly beaten on yard debut in Grade 2 Leopardstown hurdle at Christmas; tried in a tongue-tie here and plenty on his plate in what looks a hot Listed race.",Last year's Lingfield Derby Trial winner didn't progress;  tried in tongue-tie,Ciaran Murphy,"{'runs': 19, 'wins': 1, 'percent': 5}",11,100,"[{'horse': 'Puppet Master', 'horse_id': 6166366, 'quote': ""He's a good staying colt who showed he was tough and hardy when winning the Lingfield Derby Trial. Ryan liked him that day and the plan was always to come here next. He seems well and seems to stay well. 13-06-25""}]",,[]
2026-05-23,IRE,Curragh,Good,13:55,1m4f,Sherry FitzGerald Country Homes Orby Stakes (Listed Race),Lady Lilac,10,7,4,128,553-61,Gary Carroll,B Quinn,1,98,filly,Inns Of Court,Lilac Mist,Fairly useful handicapper over shorter trips; big jump in trip here and out of her depth.,Fairly useful handicapper over shorter trips; big jump in trip here and out of her depth,Joseph G Murphy,"{'runs': 14, 'wins': 0, 'percent': 0}",36,92,[],,[]
2026-05-23,IRE,Curragh,Good,13:55,1m4f,Sherry FitzGerald Country Homes Orby Stakes (Listed Race),Chally Chute,10,5,8,138,-121/0,Donagh OConnor,Ms Julie White,1,112,gelding,Fast Company,Edith Somerville,"In the form of his life last year, winning 1m4f Roscommon Listed on seasonal debut and better again upped to 2m at this venue, unlucky narrow defeat in Irish Cesarewitch and ready winner of Group 3 Loughbrown Stakes in November on heavy; ideally wants it softer and this looks a tough enough task on seasonal return but has to be respected.",Better than ever last year; runs well fresh but ideally wants it softer,Ross OSullivan,"{'runs': 25, 'wins': 4, 'percent': 16}",68,101,[],,[]
2026-05-23,IRE,Curragh,Good,14:30,1m2f,Keadeen Hotel Handicap (Premier Handicap),Fiver Friday,21,4,6,130,1-3054,Jack Kearney,Philip D Gilmore,,102,mare,The Gurkha,Wild Storm,"Now 11lb higher than for C&D win in March, an emphatic success gained at the main expense of the Irish Lincoln winner Ribee; has maintained progress with a wide-margin win in a handicap hurdle at Bellewstown; strong contender.","Now 11lb higher than for C&D win in March, has maintained progress with a win over hurdles",Gavin Cromwell,"{'runs': 45, 'wins': 6, 'percent': 13}",64,88,[],,[]
2026-05-23,IRE,Curragh,Good,14:30,1m2f,Keadeen Hotel Handicap (Premier Handicap),Iowa City,21,8,4,137,4-313/,Nicola Burns,Ballylinch Stud,,103,filly,Territories,Iowa Falls,"Joined this yard for E210,000 after showing useful form in France; won a rated race over the extended mile at the Galway festival (soft); fair third of seven in a Listed race at Cork on final start last year; fourth at the same level at Naas on return; talented apprentice booked; may prove the pick of stable's three runners; leading chance.","Has shown enough in Listed races to suggest she could go close, talented apprentice booked",P Twomey,"{'runs': 12, 'wins': 3, 'percent': 25}",58,90,[],,[]
2026-05-23,IRE,Curragh,Good,14:30,1m2f,Keadeen Hotel Handicap (Premier Handicap),In My Teens,21,16,4,138,-2212,Gary Carroll,John P McManus,,104,filly,Camelot,Jers Girl,Consistent last season; ended with C&D second behind today's rival Retracement on handicap debut; jumping let her down in juvenile hurdles; sharpened for return to the Flat by a handicap run at the Punchestown festival.,"Consistent last season, ended with C&D second, sharpened by a hurdles run at Punchestown",Gavin Cromwell,"{'runs': 45, 'wins': 6, 'percent': 13}",64,84,"[{'horse': 'In My Teens', 'horse_id': 7622789, 'quote': ""She's run well in four starts on the Flat and will go juvenile hurdling. She's done a good bit of schooling and jumps well. 04-11-25""}]",,[]
2026-05-23,IRE,Curragh,Good,14:30,1m2f,Keadeen Hotel Handicap (Premier Handicap),Perry Mason,21,9,5,131,3419-2,Leigh Roche,Maurice Andrew Ahern,,100,gelding,Advertise,Precious Ramotswe,"Has shown a liking for this track, gained a second 1m success here in March; suited by soft ground; holding his form well on the evidence of Cork third; would benefit from any easing.","Has shown a liking for this track, suited by soft ground, would benefit from any easing",Maurice Andrew Ahern,"{'runs': 2, 'wins': 0, 'percent': 0}",50,95,[],,[]
2026-05-23,IRE,Curragh,Good,14:30,1m2f,Keadeen Hotel Handicap (Premier Handicap),Iron Fist,21,17,4,132,20-161,Shane Foley,Anamoine Limited,,103,gelding,New Bay,Velvetina,"Two soft ground wins last term; found 1m inadequate here on seasonal debut; much better when second at Cork, with Apercu back in fourth; could be in the mix.","Found 1m inadequate here on seasonal debut. much better at Cork, could be in the mix",Mrs John Harrington,"{'runs': 26, 'wins': 4, 'percent': 15}",73,74,"[{'horse': 'Iron Fist', 'horse_id': 6046682, 'quote': ""He ran an absolute cracker when second at Cork on Friday. He seemed to really enjoy stepping up to a mile and a quarter and it looks a really nice trip for him. There should be some good races in him through the summer. He showed on Friday that he doesn't mind that bit of nicer ground, which opens up plenty of options. 27-04-26""}]",,[]
2026-05-23,IRE,Curragh,Good,14:30,1m2f,Keadeen Hotel Handicap (Premier Handicap),Deressa,21,10,4,132,-08461,Colin Keane,Mel Sutcliffe,,104,filly,Zarak,Deremah,"Ex-Dermot Weld, won her first two starts last season, both at Gowran over a slightly shorter trip than this; highly tried later in the season; interesting recruit to this yard.","Ex-Dermot Weld, won her first two starts last season, interesting recruit to this yard",P Twomey,"{'runs': 12, 'wins': 3, 'percent': 25}",58,90,[],,[]
2026-05-23,IRE,Curragh,Good,14:30,1m2f,Keadeen Hotel Handicap (Premier Handicap),Fixation,21,12,4,122,2-2162,Patrick McGettigan,JP Murtagh Racing,,97,gelding,Tamayuz,Infatuation,Won over the extended version of this trip at Dundalk last November on stable debut; should be suited by this return to a longer trip after two seconds over 1m; good claimer aboard.,"Should be suited by this return to a longer trip after two seconds over 1m, good claimer",J P Murtagh,"{'runs': 24, 'wins': 4, 'percent': 17}",46,87,[],,[]
2026-05-23,IRE,Curragh,Good,14:30,1m2f,Keadeen Hotel Handicap (Premier Handicap),Perfect Your Craft,21,1,4,131,-71518,W J Lee,Cheeky Pups Syndicate,,106,filly,Mastercraftsman,Pandora,"Winner of three of her six races for Ralph Beckett; clear chance on best form, though issue complicated by the fact that she is one of three runners for a stable in superb form.","Winner of three of her six races for Ralph Beckett, obvious chance with yard in super form",P Twomey,"{'runs': 12, 'wins': 3, 'percent': 25}",58,92,"[{'horse': 'Perfect Your Craft', 'horse_id': 6509775, 'quote': ""She's done well over the winter and will probably go for a trial. The ground will be important as she wants a bit of juice. Her win on her debut at Salisbury came on heavy and she learned plenty that day. She'll stay very well. 28-04-25""}]",,[]
2026-05-23,IRE,Curragh,Good,14:30,1m2f,Keadeen Hotel Handicap (Premier Handicap),Retracement,21,13,5,128,-01486,Ben Coen,Richard McNally,,102,gelding,Australia,Piccadilly Filly,"Fifth behind Apercu in this event 12 months ago; C&D winner on penultimate start last season, beating subsequent improver Fiver Friday; final outing over 1m4f was too bad to be true.","C&D winner on penultimate start last season, final outing over 1m4f was too bad to be true",J P Murtagh,"{'runs': 24, 'wins': 4, 'percent': 17}",46,90,[],,[]
2026-05-23,IRE,Curragh,Good,14:30,1m2f,Keadeen Hotel Handicap (Premier Handicap),Cloud Seeker,21,5,5,132,02-476,Andrew Slattery,Pat Garvey,,105,gelding,Masar,Influent,"Five-time winner, beaten a short head by Apercu in this race last season; back from a spell in Bahrain; generally reliable performer at 1m2f/1m4f.","Back from a spell in Bahrain, five-time winner, generally reliable performer at 1m2f/1m4f",Andrew Slattery,"{'runs': 40, 'wins': 4, 'percent': 10}",55,91,[],,[]
2026-05-23,IRE,Curragh,Good,14:30,1m2f,Keadeen Hotel Handicap (Premier Handicap),Apercu,21,20,6,132,84-570,Chris Hayes,Team Valor,,104,mare,Elzaam,Nutshell,"Four turf wins, including this race last year, beating Cloud Seeker by a short head; not far behind Iron Fist on seasonal debut at Cork; out of her comfort zone in a Listed race at Gowran last time; respected now on the same mark as 12 months ago.","Not far behind Iron Fist at Cork, out of her comfort zone in a Listed race last time",A Oliver,"{'runs': 9, 'wins': 2, 'percent': 22}",67,71,"[{'horse': 'Apercu', 'horse_id': 5396360, 'quote': ""She will probably go for the Northfields Handicap. She won nicely at Naas and she stepped up to a mile and half at the Curragh and finished sixth, which I was a bit disappointed with as I thought she had a great chance. I'm not quite sure she got the trip, so we're bringing her back in distance. She'll be near the bottom of the handicap but she has a fair chance of getting in. 11-09-24""}]",,[]
2026-05-23,IRE,Curragh,Good,14:30,1m2f,Keadeen Hotel Handicap (Premier Handicap),Dawn Rising,21,7,9,141,8-2540,J M Sheridan,John P McManus,,107,gelding,Galileo,Devoted To You,"No wins last season but strong form in defeat in big staying handicaps; fourth in the amateur handicap at Galway, fifth in the Irish Cesarewitch and signed off with a fine second in the Cesarewitch; runs over an inadequate trip here on second start of the season.","Group 2 course winner at 2m, fine second in last year's Cesarewitch, inadequate trip here",Joseph Patrick OBrien,"{'runs': 60, 'wins': 10, 'percent': 17}",63,98,"[{'horse': 'Dawn Rising', 'horse_id': 2394610, 'quote': 'He needs to find his form again but I think it usually takes him a few runs, so hopefully he might bounce back at Ascot.  13-06-25'}, {'horse': 'Dawn Rising', 'horse_id': 2394610, 'quote': ""He had a nice run at Leopardstown in the Saval Beg and wasn't beaten far, so hopefully he'll run a nice race in the Queen Alexandra Stakes. 16-06-23""}]",,[]
2026-05-23,IRE,Curragh,Good,14:30,1m2f,Keadeen Hotel Handicap (Premier Handicap),Flame Of Forest,21,2,4,121,0-2217,Wayne Lordan,Lios An Tseagal Syndicate/Gary Devlin,,107,gelding,Kodiac,Chilly Morning,Fair form at 7f/1m in Britain; appeared not to stay this trip at Newcastle in January; tough task against that background.,"Fair form at 7f/1m in Britain, appeared not to stay this trip at Newcastle in January",Miss Natalia Lupini,"{'runs': 5, 'wins': 0, 'percent': 0}",80,66,[],,[]
2026-05-23,IRE,Curragh,Good,14:30,1m2f,Keadeen Hotel Handicap (Premier Handicap),Playin Cool,21,18,4,123,8-134,Luke McAteer,J Browne,,101,gelding,Belardo,Colour Play,Ended last season with a 1m1f maiden win on heavy ground at Leopardstown; may step up from his 1m run here in March; needs to reverse form with Perry Mason; finished in front of Calm The Jets and Iron Fist.,"Ended last season with a 1m1f maiden win, may step up from his 1m run here in March",John James Feane,"{'runs': 1, 'wins': 0, 'percent': 0}",,94,[],,[]
2026-05-23,IRE,Curragh,Good,14:30,1m2f,Keadeen Hotel Handicap (Premier Handicap),War Rooms,21,3,5,126,8-0765,Seamie Heffernan,Wear A Pink Ribbon Syndicate,,104,gelding,Churchill,Apticanti,Third in the 2024 Dante and generally kept good company on the Flat in Britain; started brightly in Ireland last spring; has become disappointing; plenty to prove at this stage.,"Third place in 2024 Dante is becoming a distant memory, plenty to prove at this stage",Gerard Keane,"{'runs': 8, 'wins': 1, 'percent': 13}",25,89,[],,[]
2026-05-23,IRE,Curragh,Good,14:30,1m2f,Keadeen Hotel Handicap (Premier Handicap),Calm The Jets,21,14,4,121,89-1,Rory Cleary,Douglas Taylor,,98,gelding,Bated Breath,Tremelo Pointe,Landed a 1m maiden at Dundalk on debut early last year; did not appear last turf season; fair run over 1m here on turf debut; needs to settle better than at Cork a month ago.,"1m AW winner, fair run over 1m here on turf debut, needs to settle better than at Cork",C W J Farrell,"{'runs': 1, 'wins': 0, 'percent': 0}",,81,[],,[]
2026-05-23,IRE,Curragh,Good,14:30,1m2f,Keadeen Hotel Handicap (Premier Handicap),Dar Toungi,21,19,8,133,00-546,Robbie Colgan,Youeseh Partnership,,106,gelding,Kendargent,Toungi,"No hint so far of the form that brought him eight wins in France, including a Listed race over this trip two seasons ago; has beaten only one opponent in each of his two Irish starts; headgear tried now.","No hint so far of the form that brought him eight wins in France, headgear tried now",A J Martin,"{'runs': 6, 'wins': 1, 'percent': 17}",50,52,[],,[]
2026-05-23,IRE,Curragh,Good,14:30,1m2f,Keadeen Hotel Handicap (Premier Handicap),Dutch Gold,21,6,6,119,000-08,Jamie Powell,Albert Dravins & Exors of the Late Eamonn Scanlon,,103,gelding,Galileo Gold,Dutch Monarch,"A long time since he showed his best form; the most recent of his two wins was in 2023; towards the rear in three outings this season; 6lb out of the handicap, can be ruled out.","Towards the rear in three outings this season, 6lb out of the handicap, can be ruled out",Noel Meade,"{'runs': 21, 'wins': 3, 'percent': 14}",38,31,[],,[]
2026-05-23,IRE,Curragh,Good,14:30,1m2f,Keadeen Hotel Handicap (Premier Handicap),Railwayview Lady,21,15,4,123,8-0215,Declan McDonogh,Railway View Racing Syndicate,,105,filly,Mastercraftsman,Cliff Face,"Sprang 125-1 shock in a 1m2f Navan maiden last September, proved that was no fluke later in the month when going down narrowly on handicap debut over 1m5f at Down Royal; progress not maintained in two subsequent outings; cheekpieces on now.","Struck form last autumn, progress not maintained in two subsequent outings, cheekpieces on",A Oliver,"{'runs': 9, 'wins': 2, 'percent': 22}",67,76,[],,[]
2026-05-23,IRE,Curragh,Good,14:30,1m2f,Keadeen Hotel Handicap (Premier Handicap),Pillar Of Hope,21,21,8,120,88-421,Rory Mulligan,P Sweeney,,105,gelding,Awtaad,Great Hope,Five turf wins include a 1m4f course success during a solid 2025 campaign; below his best in two outings this term; mid-field behind today's Perry Mason on the first occasion.,"Course 1m4f winner during a solid 2025 campaign, below his best in two outings this term",P Sweeney,"{'runs': 3, 'wins': 0, 'percent': 0}",,61,[],,[]
2026-05-23,IRE,Curragh,Good,14:30,1m2f,Keadeen Hotel Handicap (Premier Handicap),Yulia,21,11,4,127,5-3112,Dylan Browne McMonagle,Mrs R G Hillen,,99,filly,Camelot,Cosmique,"Two wins in France (on soft and AW); has won over 1m7f, and had never raced at under 1m4f until recent Irish debut at Sligo; unplaced favourite after starting slowly and meeting trouble in running; trip is a concern, but unwise to discount.","French import who stays considerably further than this, no luck in running on Irish debut",Joseph Patrick OBrien,"{'runs': 60, 'wins': 10, 'percent': 17}",63,38,[],,[]
2026-05-23,IRE,Curragh,Good,15:05,6f,Weatherbys Ireland Greenlands Stakes (Group 2),Powerful Glory,11,10,4,134,-158/1,Jamie Spencer,Sheikh Rashid Dalmook Al Maktoum,1,125,colt,Cotai Glory,Wouldntitbelovely,"Looked smart when landing the Group 2 Mill Reef Stakes at Newbury (6f, heavy) on final juvenile start; beat only one rival in his first two races last term; produced massive shock (200-1) when beating the favourite Lazaat in 6f Group 1 at Ascot last October (good); wind-surgery evidently the key to that success; little mileage on the clock, fascinating prospect for this season.","Won Ascot Group 1 at 200-1, little mileage on the clock, fascinating prospect this term",Richard & Peter Fahey,"{'runs': 60, 'wins': 8, 'percent': 13}",47,118,[],,"[{'date': '2025-06-04', 'type': 'Wind Surgery'}]"
2026-05-23,IRE,Curragh,Good,15:05,6f,Weatherbys Ireland Greenlands Stakes (Group 2),Montassib,11,4,8,131,4-573/,Billy Loughnane,The Montassib Partnership,1,116,gelding,Exceed And Excel,Felwah,"Late-maturing type won the Group 1 Sprint Cup at Haydock (good) in 2024; did not appear last year until September and failed to recapture his best form in three runs, only fifth behind Spycatcher when favourite at Doncaster on last of them; reversed that form (and had James's Delight behind) when fourth in a 6f Listed race at the same venue eight weeks ago.","Late-maturing type won the Group 1 Sprint Cup at Haydock in 2024, not at best in 2025",William Haggas,"{'runs': 52, 'wins': 12, 'percent': 23}",60,107,[],,[]
2026-05-23,IRE,Curragh,Good,15:05,6f,Weatherbys Ireland Greenlands Stakes (Group 2),Bucanero Fuerte,11,8,5,131,57-731,David Egan,AMO Racing Limited & Giselle De Aguiar,1,125,horse,Wootton Bassett,Frida La Blonde,"Group 1-winning juvenile over C&D; returned from aborted stud career last year and won a 5f Listed race at Naas (good) and a C&D Group 3 (6f, good); fine third in the Group 1 Flying Five before failing to run to expectations at the Breeders' Cup; well below best on soft on seasonal debut at Cork; better over 5f at Naas, but needs more to make an impact here.","Group 1-winning juvenile over C&D, Group 1-placed here last season, fair chance if on song",Robson De Aguiar,"{'runs': 13, 'wins': 1, 'percent': 8}",62,84,[],,[]
2026-05-23,IRE,Curragh,Good,15:05,6f,Weatherbys Ireland Greenlands Stakes (Group 2),Comanche Brave,11,2,4,131,533-31,Ryan Moore,Muhaideb A Almuhaideb,1,123,colt,Wootton Bassett,Ishvana,"Useful form at 7m/1m last season, fifth in the Irish 2,000 Guineas, third in the Jersey Stakes, odds-on for 7f Naas win; kept on for third in 7f Group 2 in Saudi Arabia in February; ran as well as could have been expected when fifth of eight behind the spectacular Ka Ying Rising at Sha Tin last month; trip possibly a little sharp for him.","Useful form at 7m/1m last season, hard to be sure he has the speed to match some of these",Donnacha Aidan OBrien,"{'runs': 22, 'wins': 2, 'percent': 9}",68,103,[],,[]
2026-05-23,IRE,Curragh,Good,15:05,6f,Weatherbys Ireland Greenlands Stakes (Group 2),Spycatcher,11,6,8,131,0-1139,Sam James,Highclere TBredracing-Adriana Zaefferer,1,126,gelding,Vadamos,Damask,Won a 6f Listed at Doncaster early last season (good to soft); ended 2025 in top form with convincing wins in Group 3 at Chantilly (very soft) and a Listed race at Doncaster (Montassib fifth); failed to uphold form with Montassib at the same venue on seasonal debut.,"Failed to uphold previous form with Montassib at Doncaster on seasonal debut, likes soft",K R Burke,"{'runs': 45, 'wins': 8, 'percent': 18}",56,120,"[{'horse': 'Spycatcher', 'horse_id': 3140869, 'quote': ""He's a great old horse who loves running fresh and he did it nicely in the Cammidge Trophy on his return. I'm not sure where we'll go next because the higher the grade the softer he needs the ground. Realistically he's a Group 3 horse but on heavy ground who knows what he might achieve. 11-04-25""}, {'horse': 'Spycatcher', 'horse_id': 3140869, 'quote': ""He's a horse I have always liked and after suffering a mid-summer injury we had him gelded and I brought him back at Thirsk last month, expecting him to come on for the run, so it was a pleasant surprise to see him romp home from the useful Mount Athos. We had planned to turn him around quickly at Haydock on Saturday but the ground was a bit quick for him. He will not run on any ground with the word ‘firm' in the going description. He is a nice horse who has more good races in him now he has matured. Prior to his last run he had never seen the 7f out, as he was too keen, but the long break and the cut have seen him come back a more mature horse and that trip looks more to his liking now. 07-05-23""}]",,[]
2026-05-23,IRE,Curragh,Good,15:05,6f,Weatherbys Ireland Greenlands Stakes (Group 2),Jamess Delight,11,3,5,131,6-0015,Dylan Browne McMonagle,Paul & Clare Rooney,1,120,gelding,Invincible Army,Heavens Peak,"Won this event on good ground last year, battling well to beat another British challenger, with Big Gossey a little unlucky in a close third; struggled in two Group 1s in the autumn, including the Ascot event won by Powerful Glory; out of the money, along with the shorter-priced Spycatcher, on seasonal debut at Doncaster in March; this is a deeper race than last year's.","Won this event on good ground last 12 months ago, this is a deeper race than last year's",Clive Cox,"{'runs': 23, 'wins': 5, 'percent': 22}",52,91,"[{'horse': 'Jamess Delight', 'horse_id': 5034730, 'quote': ""We were thrilled with his Group 2 success in the Greenlands Stakes at the Curragh. I'm delighted how he's been able to move through the ranks and he's come back really fresh and well. If we had any rain in the meantime it would be in his favour. 10-06-25""}, {'horse': 'Jamess Delight', 'horse_id': 5034730, 'quote': ""He put up a pleasing performance to win at Newbury last month on his debut in the colours of Paul and Clare Rooney, who we've had some great days with in the past. James's Delight is out of a Pivotal mare and I thought that may count on his debut where the ground was on the soft side. He showed a great attitude and I was impressed with his positive response in the closing stages. He has qualified for the Goffs sales race at Naas in Ireland later on and we will obviously seriously consider that option. He is a horse to look forward to. 02-08-23""}]",,[]
2026-05-23,IRE,Curragh,Good,15:05,6f,Weatherbys Ireland Greenlands Stakes (Group 2),Big Gossey,11,9,9,131,910-25,W J Lee,Allegro Syndicate,1,121,gelding,Gutaifan,Toy Show,"Splendid veteran showed he retained enthusiasm when winning the 7f Gladness Stakes in March, his ninth Curragh win on his 50th visit; found 5f too sharp at Naas last time; runs in this event for the fourth consecutive year, second at 25-1 in 2023, ninth in 2024, third behind James Delight at 33-1 last season; asking a lot now in a strong edition.","Durable course specialist, twice placed in this race, asking a lot now in a strong edition",Charles OBrien,"{'runs': 3, 'wins': 0, 'percent': 0}",33,77,[],,[]
2026-05-23,IRE,Curragh,Good,15:05,6f,Weatherbys Ireland Greenlands Stakes (Group 2),Chicago Critic,11,7,5,131,4626-4,Ben Coen,Sam Mencoff & Tony Smurfit,1,119,gelding,Night Of Thunder,Criticism,All three wins have come at 1m; back after a spell in the Emirates; not far off best when touched off by Elnajmm in the 7f Group 2 Al Fahidi Fort in January; beaten 3l in fourth behind the same horse in a Group 3 last time; blinkered first time now; not appealing at this trip.,"All three wins have come at 1m, back after a spell in the Emirates, trip looks inadequate",J P Murtagh,"{'runs': 24, 'wins': 4, 'percent': 17}",46,112,[],,[]
2026-05-23,IRE,Curragh,Good,15:05,6f,Weatherbys Ireland Greenlands Stakes (Group 2),Fregada,11,5,4,128,9-072/,Ronan Whelan,Ms Charlotte Musgrave,1,108,filly,Kodiac,Violets Gift,C&D maiden winner at two; found wanting in two stakes races last year; same over 7f in a Group 3 at Leopardstown on seasonal debut.,"Found wanting in two stakes races last year, same over 7f in a Group 3 on seasonal debut",John James Feane,"{'runs': 1, 'wins': 0, 'percent': 0}",,88,[],,[]
2026-05-23,IRE,Curragh,Good,15:05,6f,Weatherbys Ireland Greenlands Stakes (Group 2),Valiant Force,11,11,5,131,90051-,Donagh OConnor,AMO Racing Limited & Giselle De Aguiar,1,118,horse,Malibu Moon,Viguis Heart,"Sole win on turf in the 2023 Norfolk Stakes; has won five conditions races at Dundalk since, the most recent over 5f in February; has struggled since then, most recently last Sunday at Naas; out of his depth here.","Norfolk Stakes winner in 2023, five AW wins, out of his depth here judged on recent form",Robson De Aguiar,"{'runs': 13, 'wins': 1, 'percent': 8}",62,66,[],,[]
2026-05-23,IRE,Curragh,Good,15:05,6f,Weatherbys Ireland Greenlands Stakes (Group 2),Marvelman,11,1,4,131,9-0133,NON-RUNNER,Bond Thoroughbred Limited,1,125,colt,Invincible Spirit,Varamini,Non-runner,Non-runner,Andrew Balding,"{'runs': 63, 'wins': 9, 'percent': 14}",63,,[],,[]
2026-05-23,IRE,Curragh,Good,15:40,1m,"Tattersalls Irish 2,000 Guineas (Group 1)",Gstaad,10,8,3,128,2-1222,Ryan Moore,Derrick Smith & Mrs John Magnier & Michael Tabor,1,132,colt,Starspangledbanner,Mosa Mine,"Beat stablemate True Love on debut before landing the Coventry Stakes; second in three consecutive Group 1 races, including the National Stakes and the Dewhurst; ended the campaign by overcoming a wide trip in the Breeders' Cup Juvenile Turf at Del Mar (1m, firm); has evidently trained on and can go one better than in the 2,000 Guineas by upholding form with Distant Storm.","Crowned last season with Breeders' Cup win, can uphold Newmarket form with Distant Storm",A P OBrien,"{'runs': 46, 'wins': 7, 'percent': 15}",74,126,"[{'horse': 'Gstaad', 'horse_id': 7395230, 'quote': ""He was always a hardy horse and won the Breeders' Cup Juvenile Turf on his final start of the season. When he finished second in the Dewhurst, Christophe made the decision to take him back after he jumped, and was caught in the middle of two. When he came back, they all came back and there ended up being no pace. We felt there was more to come from him after that and he went and won in America, coasting around and not doing a lot when he got there. I wouldn't be afraid to let him flow because he isn't a keen horse but has a long stride and a big action. He's being trained for a Guineas. Ryan rode him at the Curragh on Sunday and he had it in his head he could be one for Newmarket. But we'll see how Puerto Rico and Albert Einstein are over the next few weeks. 31-03-26""}]",,[]
2026-05-23,IRE,Curragh,Good,15:40,1m,"Tattersalls Irish 2,000 Guineas (Group 1)",Distant Storm,10,6,3,128,3-3131,Billy Loughnane,Godolphin,1,125,colt,Night Of Thunder,Date With Destiny,"E1,900,000 breeze-up purchase last spring; very smart juvenile form, aside from when pulling too hard in the Acomb; impressed in winning a 1m Group 3 event at Newmarket in September before a fine third placing (1 1/2l behind Gstaad) in the Dewhurst; now has an 8l deficit to overturn in another clash with Gstaad following his distant 2,000 Guineas third; first-time cheekpieces.","Not far off Gstaad in the Dewhurst, 8l behind him in the 2,000 Guineas, likely second-best",Charlie Appleby,"{'runs': 16, 'wins': 5, 'percent': 31}",69,117,[],,[]
2026-05-23,IRE,Curragh,Good,15:40,1m,"Tattersalls Irish 2,000 Guineas (Group 1)",Thesecretadversary,10,1,3,128,51-512,Seamie Heffernan,Cayton Park Stud & Mrs John Magnier,1,123,colt,St Marks Basilica,Too Soon To Panic,"Chesham Stakes runner-up and Listed winner at Tipperary before a respectable effort in a 1m Canadian Grade 1 on final 2yo start; won going away from Power Blue (gave 3lb) in Group 3 at Leopardstown (7f, good to yielding) on reappearance; pulled very hard in the 2,000 Guineas; fifth was a decent outcome in the circumstances; can make his presence felt if settling better.","Ran with credit the 2,000 Guineas despite pulling too hard, place chance if settling well",J A Stack,"{'runs': 7, 'wins': 1, 'percent': 14}",57,104,[],,[]
2026-05-23,IRE,Curragh,Good,15:40,1m,"Tattersalls Irish 2,000 Guineas (Group 1)",Alparslan,10,3,3,128,1-611,Sam James,Mohamed Saeed Al Shehhi,1,123,colt,Dandy Man,Laciredeski,"Won Leicester novice event by 5l on debut and landed a valuable sales event over an extended 6f at this venue last September; finished 4l behind runner-up Gstaad when a 50-1 shot in the Dewhurst; reversed the form of that race with fourth-placed Zavateri when landing the Greenham at Newbury (7f, good) on reappearance; missed the 2,000 Guineas.","Reversed Dewhurst form with Zavateri in the Greenham, needs to do likewise with Gstaad",K R Burke,"{'runs': 45, 'wins': 8, 'percent': 18}",56,111,"[{'horse': 'Alparslan', 'horse_id': 7436355, 'quote': ""A smart, strong-travelling horse who progressed nicely last year. He acquitted himself well in the Dewhurst as he didn't handle the undulations at Newmarket. He'll go to Newbury for a trial to see how he gets on with the trip and grade, and then we'll see about one of the Guineas. 31-03-26""}]",,[]
2026-05-23,IRE,Curragh,Good,15:40,1m,"Tattersalls Irish 2,000 Guineas (Group 1)",Power Blue,10,7,3,128,72-135,David Egan,Amo Racing Limited,1,122,colt,Space Blues,Visions,"Productive juvenile campaign over sprint distances culminated in Group 1 win here from True Love in the 6f Phoenix Stakes (good); respectable second to Thesecretadversary (received 3lb), in 7f Group 3 at Leopardstown on reappearance; by no means a bad effort in the 2,000 Guineas on his first attempt at this trip, but probably more of a sprinting type.","Top-class 6f form at two, not disgraced in the 2,000 Guineas, more of a sprinting type",Robson De Aguiar,"{'runs': 13, 'wins': 1, 'percent': 8}",62,102,"[{'horse': 'Power Blue', 'horse_id': 7204797, 'quote': ""He's run some very good races, including when second to Albert Einstein last time, and we think he'll go very close in the Coventry. He and Arizona Blaze are probably our best chances. 13-06-25""}]",,[]
2026-05-23,IRE,Curragh,Good,15:40,1m,"Tattersalls Irish 2,000 Guineas (Group 1)",Pacific Avenue,10,5,3,128,223-17,Jamie Spencer,Godolphin,1,117,colt,Dubawi,Lumiere,"A useful 7f/1m winner last season; made the early running in the Dewhurst, runner-up in a 1m Listed event at Meydan in February; beaten favourite in a four-runner contest at Goodwood on return to Britain; supporting role now.","Beaten favourite at Goodwood since Listed second in Meydan, supporting role now.",Charlie Appleby,"{'runs': 16, 'wins': 5, 'percent': 31}",69,110,[],,[]
2026-05-23,IRE,Curragh,Good,15:40,1m,"Tattersalls Irish 2,000 Guineas (Group 1)",Go Just Do It,10,4,3,128,1-234,Dylan Browne McMonagle,Michael Hilary Burke,1,116,colt,Kingman,Ship Of Dreams,"Made the frame in three races at this venue last season, all won by Ballydoyle-trained colts; most meaningful form when third of five in a 7f Group 2 won by Constitution River; odds-on for a comfortable maiden win at Gowran on reappearance; massive rise in class for his first attempt at this trip.","Maiden winner at Gowran, takes a massive rise in class for his first attempt at this trip.",Joseph Patrick OBrien,"{'runs': 60, 'wins': 10, 'percent': 17}",63,86,[],,[]
2026-05-23,IRE,Curragh,Good,15:40,1m,"Tattersalls Irish 2,000 Guineas (Group 1)",Take Charge Star,10,2,3,128,52-613,Ben Coen,Maribeth Sandford,1,110,colt,Starspangledbanner,Freedonia,Maiden winner over 7f at Gowran last September and a creditable sixth of 30 in the Goffs Million; had no luck in running in the Tetrarch Stakes over C&D earlier in the month; 97-rated colt faces an unenviable task; tongue-tie fitted.,"Trouble in running last time, 97-rated colt faces an unenviable task, tongue-tie fitted",J P Murtagh,"{'runs': 24, 'wins': 4, 'percent': 17}",46,97,[],,[]
2026-05-23,IRE,Curragh,Good,15:40,1m,"Tattersalls Irish 2,000 Guineas (Group 1)",Bamako Beach,10,9,3,128,2-2,Colin Keane,Bamako Beach Partnership,1,98,colt,Sands Of Mali,Joyous,Beaten a neck on both maiden starts over 7f; can win races; this is highly ambitious.,"Beaten a neck on both maiden starts over 7f, can win races, this is highly ambitious.",M D OCallaghan,"{'runs': 10, 'wins': 1, 'percent': 10}",20,72,[],,[]
2026-05-23,IRE,Curragh,Good,15:40,1m,"Tattersalls Irish 2,000 Guineas (Group 1)",Neolithic,10,10,3,128,313-17,Wayne Lordan,Westerberg & Mrs Magnier & M Tabor & D Smith,1,122,colt,Sioux Nation,Starlite Sienna,"Won a 6f conditions race at Naas last season; Listed-placed twice at this venue this season, on either side of a Gowran win (7f, soft); supporting role here.","Listed-placed twice at this venue this season, supporting role for Gstaad likely the plan",A P OBrien,"{'runs': 46, 'wins': 7, 'percent': 15}",74,104,[],,[]
2026-05-23,IRE,Curragh,Good,16:15,1m2f,Heider Family Stables Gallinule Stakes (Group 3),Causeway,9,6,3,131,11-14,Ryan Moore,Michael Tabor & Derrick Smith & Mrs John Magnier,1,120,colt,Wootton Bassett,Heaven Of Heavens,"Left Gowran debut effort behind to win a 7f maiden here last October on very soft ground; won the Madrid handicap at Naas (7f, soft) on seasonal return off 94; preferred by Ryan Moore to his higher-rated stablemate Neolithic in a 1m Listed race here 19 days ago; won comfortably and can continue on the upgrade; pedigree suggests this trip will be within his range.",Can maintain the progression of this season's two wins on his first attempt at this trip,A P OBrien,"{'runs': 46, 'wins': 7, 'percent': 15}",74,106,"[{'horse': 'Causeway', 'horse_id': 8144075, 'quote': ""He won the Madrid Handicap on his return at Naas this month. He was tough and learned a lot from that. He took a run to find his form last year as he was a little bit lazy. I think he'll be very comfortable going a mile and could get further. He can go into a winners' race now and we'll go gentle with him and let him mature. 31-03-26""}]",,[]
2026-05-23,IRE,Curragh,Good,16:15,1m2f,Heider Family Stables Gallinule Stakes (Group 3),Drop Dead Gorgeous,9,5,3,128,31,Wayne Lordan,Michael Tabor & Derrick Smith & Mrs John Magnier,1,114,filly,Dubawi,Youresothrilling,Regally-bred Dubawi filly; mentioned in positive terms by trainer before a smart debut win over 1m at Naas in March; combination of inexperience and trouble in running proved her undoing in a 1m fillies Group 3 here 19 days ago; remains a high-class prospect; this trip likely to suit.,"Impressed on debut, recent Group 3 defeat can be excused, remains a high-class prospect",A P OBrien,"{'runs': 46, 'wins': 7, 'percent': 15}",74,92,"[{'horse': 'Drop Dead Gorgeous', 'horse_id': 8187994, 'quote': ""She's a lovely, big filly and it was nice to get her started this month at Naas, where she won a mile maiden.  She has an entry in the Park Express on Friday but it could come a bit soon. She's going to be an absolutely beautiful filly next year, she's big and strong, and she's a baby still. She'll work on Tuesday and that'll tell us if she could run on Friday. It's possible as she did take her race very well. 31-03-26""}]",,[]
2026-05-23,IRE,Curragh,Good,16:15,1m2f,Heider Family Stables Gallinule Stakes (Group 3),Shaihaan,9,3,3,131,41-427,Chris Hayes,Al Shaqab Racing,1,113,colt,Night Of Thunder,Sea Of Faith,Improved from his debut when chasing home Pierre Bonnard over 1m at Dundalk last August; found the competition too hot in the Group 2 Beresford Stakes; made a fine start to the season when beating two subsequent winners in a C&D maiden; got upset in the stalls when failing to build on that in the Derby Trial at Leopardstown.,"Looked useful when winning a C&D maiden, got upset in the stalls in the Derby Trial",Donnacha Aidan OBrien,"{'runs': 22, 'wins': 2, 'percent': 9}",68,88,[],,[]
2026-05-23,IRE,Curragh,Good,16:15,1m2f,Heider Family Stables Gallinule Stakes (Group 3),Shosholoza,9,4,3,131,8-51,Dylan Browne McMonagle,Rectory Road Hldgs Ltd/E Palmer/W Slattery/Mrs A M OBrien,1,109,colt,Australia,Ecosse,Beat a subsequent winner by a wide margin on heavy ground at Tipperary on his debut last October; creditable fifth behind Pierre Bonnard in Group 1 at Saint-Cloud only three weeks later; plenty to prove now after failing to feature in the Ballysax at Leopardstown on reappearance.,Plenty to prove after failing to feature in the Ballysax at Leopardstown on reappearance,Joseph Patrick OBrien,"{'runs': 60, 'wins': 10, 'percent': 17}",63,97,"[{'horse': 'Shosholoza', 'horse_id': 8205594, 'quote': ""He had two very good runs last season, winning a maiden impressively and running well in a Group 1 in France. It was our plan to take our time with him on his return at Leopardstown but that didn't suit at all the way the race set up. We might look at the [Group 3] Gallinule back at the Curragh and give him a positive ride. 22-04-26""}]",,[]
2026-05-23,IRE,Curragh,Good,16:15,1m2f,Heider Family Stables Gallinule Stakes (Group 3),Amadeus Mozart,9,2,3,131,2-1,Ronan Whelan,Michael Tabor & Derrick Smith & Mrs John Magnier,1,105,colt,Wootton Bassett,Pendant,Made a winning debut in a 7f maiden here last June; no match for Godolphin's Maho Bay in a novice event at Newmarket last month; the winner was a beaten favourite in the Lingfield Derby Trial.,"Course maiden winner over 7f, well beaten at Newmarket on return, outsider of stable trio",A P OBrien,"{'runs': 46, 'wins': 7, 'percent': 15}",74,89,"[{'horse': 'Amadeus Mozart', 'horse_id': 7525341, 'quote': ""He won his only race last year in a 7f maiden at the Curragh in June. He's out of a Galileo mare and is the type for a Derby trial. 31-03-26""}]",,[]
2026-05-23,IRE,Curragh,Good,16:15,1m2f,Heider Family Stables Gallinule Stakes (Group 3),South Island,9,9,3,131,6-8162,Gavin Ryan,P SmithMagnierTaborD SmithWesterberg,1,107,colt,Wootton Bassett,Amarena,Course 1m1f  maiden winner on the fourth of five starts at two; limitations revealed in two Group 3 Leopardstown events won by the Aidan O'Brien-trained Dante third Christmas Day.,Limitations revealed in two Group 3 Leopardstown events won by Ballydoyle's Christmas Day,Donnacha Aidan OBrien,"{'runs': 22, 'wins': 2, 'percent': 9}",68,87,[],,[]
2026-05-23,IRE,Curragh,Good,16:15,1m2f,Heider Family Stables Gallinule Stakes (Group 3),Mr Vettori,9,8,3,131,52-120,Shane Foley,Newtown Anner Stud Farm Ltd,1,99,colt,Lope De Vega,Celestial Object,Won a heavy-ground maiden at Gowran last October after 50-1 second to subsequent Group 1 winner Hawk Mountain at this venue; made a satisfactory return when second of four in a conditions event at Cork; out of his depth in the Chester Vase.,Out of his depth in the Chester Vase and will need a clear career-best to make an impact,Mrs John Harrington,"{'runs': 26, 'wins': 4, 'percent': 15}",73,89,"[{'horse': 'Mr Vettori', 'horse_id': 7682457, 'quote': 'He ran a great race when second at Cork on Friday. He took a blow inside the furlong pole but rallied back. He looks a nice horse going forward. We might step him up into black-type company and a mile and a quarter looks a nice trip for him at the moment. The Leopardstown Derby Trial might come up nicely for him or we could look at Chester. 27-04-26'}]",,[]
2026-05-23,IRE,Curragh,Good,16:15,1m2f,Heider Family Stables Gallinule Stakes (Group 3),Alphecca,9,7,3,128,97-113,Gary Carroll,Gerard Kervick & Crampscastle Bloodstock Ltd,1,104,filly,Sioux Nation,Nepali,Useful form on easy ground last autumn; Killarney maiden winner in early October and won a valuable restricted contest over 7f at Naas six days later; unplaced in a handicap on her seasonal debut; conditions race at Cork last month; well held by Drop Dead Gorgeous on running in a Group 3 fillies' event here last time,Well held by Drop Dead Gorgeous on running in a Group 3 fillies' event here last time,Joseph G Murphy,"{'runs': 14, 'wins': 0, 'percent': 0}",36,83,[],,[]
2026-05-23,IRE,Curragh,Good,16:15,1m2f,Heider Family Stables Gallinule Stakes (Group 3),Zia Zabel,9,1,3,131,1-42,W J Lee,Peter Trainor,1,97,colt,Ghaiyyath,Experte,"Ran twice at two; has matured along the right lines, judged on his victory in a conditions race at Cork last month; however, this is likely to prove too taxing.","Good winner of a conditions race at Cork last month, this is likely to prove too taxing",Miss Natalia Lupini,"{'runs': 5, 'wins': 0, 'percent': 0}",80,97,[],,[]
2026-05-23,IRE,Curragh,Good,16:50,7f,NorthStandard Handicap,Substance,14,4,3,126,14-60,Dylan Browne McMonagle,Stonestreet Stables LLC,,95,colt,Supremacy,Miranda Frost,"Similar level of form in trio of maidens at 6f-1m on varying ground; won with plenty to spare over slightly further than this at Roscommon on handicap debut; up 10lb, may remain competitive.","Won with plenty to spare at Roscommon on handicap debut, up 10lb, may remain competitive",Joseph Patrick OBrien,"{'runs': 60, 'wins': 10, 'percent': 17}",63,79,[],,[]
2026-05-23,IRE,Curragh,Good,16:50,7f,NorthStandard Handicap,Quiet Mutiny,14,12,3,138,2-1,Gary Carroll,Ben Halsall,,80,filly,Starman,Emerald Loch,Beat dual Group 1 winner Precise on debut in a 7f maiden at Fairyhouse last June on her only juvenile start; looked in need of further when staying on into a distant second behind the impressive Royal Bay Cen in a Listed sprint at Cork early this month; potentially a cut above these rivals; Cork third Oh Cecilia now rated 101 after fine Group 3 second at Naas.,"Beat dual Group 1 winner Precise on debut, again shaped well in a Listed sprint on return",Gavin Cromwell,"{'runs': 45, 'wins': 6, 'percent': 13}",64,49,[],,[]
2026-05-23,IRE,Curragh,Good,16:50,7f,NorthStandard Handicap,Gavoo,14,5,3,137,4-1530,Luke McAteer,A Touch Of Leather Syndicate,,93,gelding,Elzaam,Daddys Gal,"Two wins last season were over 6f; well beaten at Galway on his only attempt at 7f; kept on for fourth place over 6f at Naas on seasonal debut (Nakamura, seventh); worth another shot at the extra furlong on that evidence.","Two wins last season were over 6f, kept on over that trip at Naas on seasonal debut",David Marnane,"{'runs': 16, 'wins': 3, 'percent': 19}",69,89,[],,[]
2026-05-23,IRE,Curragh,Good,16:50,7f,NorthStandard Handicap,Star Of Sapphire,14,1,3,127,-12,Colin Keane,G Matthews,,96,filly,Starman,Wall Of Sapphire,"Made a promising debut over 5f at Bellewstown last July; not seen again after winning a 6f maiden at Navan ten days later; hard to assess, and may need this.","Not seen again after winning a 6f maiden at Navan last July, hard to assess, may need this",Noel Meade,"{'runs': 21, 'wins': 3, 'percent': 14}",38,84,[],,[]
2026-05-23,IRE,Curragh,Good,16:50,7f,NorthStandard Handicap,Seoul Force,14,7,3,126,-1453,Shane Foley,Forz Europe Ltd,,97,colt,Wootton Bassett,Korea,"Ran in good company in Ballydoyle-dominated maidens at this venue before 7f Dundalk maiden win last November; lacks a recent outing, but stable's current form is a positive.","Ran in good company in turf maidens before 7f Dundalk maiden win, lacks a recent outing",Mrs John Harrington,"{'runs': 26, 'wins': 4, 'percent': 15}",73,85,"[{'horse': 'Seoul Force', 'horse_id': 7551791, 'quote': ""He was very good in breaking his maiden at Dundalk. Seven furlongs looks a nice trip for him and we'll aim him for a three-year-olds-only handicap on Irish Guineas weekend. 27-04-26""}]",,[]
2026-05-23,IRE,Curragh,Good,16:50,7f,NorthStandard Handicap,Morehampton,14,10,3,136,4-0531,Ben Coen,Miss Scarlett Mullion,,98,gelding,Sea The Moon,Donnybrook,Finished behind stablemate Nakamura in last year's Birdcatcher Nursery; likely to show the benefit of a run in a conditions race at Gowran last month but others have stronger claims.,"Finished behind stablemate Nakamura in last year's Birdcatcher Nursery, others preferred",J P Murtagh,"{'runs': 24, 'wins': 4, 'percent': 17}",46,78,[],,[]
2026-05-23,IRE,Curragh,Good,16:50,7f,NorthStandard Handicap,Zenford,14,6,3,123,33-3,Rory Mulligan,Newtown Anner Stud Farm Ltd,,101,gelding,Beckford,Lady Zen,"One of the less exposed runners in the field; placed in three maidens, the first of which was in a Leopardstown contest won by Unauthorized last October; has the advantage of race fitness over that rival now.","One of the less exposed runners in the field, placed in three maidens, yard runs three",J P Murtagh,"{'runs': 24, 'wins': 4, 'percent': 17}",46,96,[],,[]
2026-05-23,IRE,Curragh,Good,16:50,7f,NorthStandard Handicap,Nakamura,14,14,3,132,78-411,Patrick McGettigan,Brunabonne Syndicate,,94,gelding,Kodi Bear,Ahab,Did plenty of racing at two; winner of two 6f nurseries on easy ground and ran well to take fourth in the Birdcatcher at Naas; a bit high in the ratings since then; needs to step up on the form of a recent Cork run.,"Winner of two 6f nurseries on easy ground, a bit high in the ratings since then",J P Murtagh,"{'runs': 24, 'wins': 4, 'percent': 17}",46,83,[],,[]
2026-05-23,IRE,Curragh,Good,16:50,7f,NorthStandard Handicap,Glitter And Glory,14,11,3,122,12-330,Keithen Kennedy,Glamour & Glory Syndicate,,86,filly,Lucky Vega,Golddragon Reef,"Only poor run at two was when out of her depth in a valuable sales race at this venue; consistent performer at Dundalk, not without a chance if reproducing her AW winter form; trainer also runs another AW winner, Seoul Force.","Consistent performer at Dundalk, not without a chance if reproducing her AW winter form",Mrs John Harrington,"{'runs': 26, 'wins': 4, 'percent': 15}",73,76,"[{'horse': 'Glitter And Glory', 'horse_id': 7466836, 'quote': ""She's progressed nicely and broke her maiden over seven furlongs at Dundalk last month. She's on a bit of a break and the plan is to go to the fillies' handicap on Irish Guineas weekend. 27-04-26""}]",,[]
2026-05-23,IRE,Curragh,Good,16:50,7f,NorthStandard Handicap,Invincible Will,14,2,3,130,82-013,Jack Kearney,Andrew & William Treacy Partnership,,96,gelding,Invincible Army,Lady Nancy,"Solid nursery performer on easy ground, winning over C&D last September; good effort on return when second at Cork (1m, soft to heavy);  well beaten on good going at Naas; trainer would seem to have a better chance with the high-class Quiet Mutiny.","Best form has been with plenty of cut in the ground, well beaten on good going at Naas",Gavin Cromwell,"{'runs': 45, 'wins': 6, 'percent': 13}",64,93,[],,[]
2026-05-23,IRE,Curragh,Good,16:50,7f,NorthStandard Handicap,Unauthorized,14,9,3,128,-1587,Rory Cleary,Ms M Connolly,,89,colt,Starspangledbanner,Hergame,"Ended last season with a maiden win at Leopardstown; opening handicap mark seems fair; however, he is not guaranteed to uphold Leopardstown form with Zenford who was making his debut then and has run twice this season.","Ended last season with a maiden win at Leopardstown, opening handicap mark seems fair",Aidan Melia,"{'runs': 0, 'wins': 0, 'percent': None}",,62,[],,[]
2026-05-23,IRE,Curragh,Good,16:50,7f,NorthStandard Handicap,Golden Trigger,14,3,3,131,-133,Wayne Lordan,EKM Syndicate,,94,colt,Ghaiyyath,Piccadilly Filly,"Maiden winner over this trip at Dundalk on third and final start at two; no turf experience, should be able to adjust.","Maiden winner over this trip at Dundalk, no turf experience, should be able to adjust",Miss Natalia Lupini,"{'runs': 5, 'wins': 0, 'percent': 0}",80,,[],,[]
2026-05-23,IRE,Curragh,Good,16:50,7f,NorthStandard Handicap,Coincidental Glory,14,8,3,119,502-13,Reese Holohan,Total Recall Racing Club & J Fairhurst & Cyril McMullan,,94,gelding,Cotai Glory,Coincidently,Has shown his best form at Dundalk and needs to improve on this season's turf form; best placing on truf was in a 1m claimer at Gowran.,Has shown his best form at Dundalk and needs to improve on this season's turf form,Adrian McGuinness,"{'runs': 17, 'wins': 3, 'percent': 18}",47,81,[],,[]
2026-05-23,IRE,Curragh,Good,16:50,7f,NorthStandard Handicap,Down The Glen,14,13,3,119,46-128,Chris Hayes,Anna Mary Kehoe,,94,gelding,Gleneagles,Annie B,7f Galway nursery winner on heavy ground last season; longer trip stretched his stamina at Sligo; fair sixth over 1m here on seasonal debut; longer trip stretched his stamina at Sligo.,"Nursery winner on heavy ground last season, longer trip stretched his stamina at Sligo",Ross OSullivan,"{'runs': 25, 'wins': 4, 'percent': 16}",68,33,[],,[]
2026-05-23,IRE,Curragh,Good,17:25,6f,Irish Stallion Farms EBF Habitat Handicap (Premier Handicap),Tango Flare,23,8,7,139,9-2170,Rory Mulligan,R J McSharry,,107,gelding,Fulbright,Magadar,"Finished last season in excellent form with C&D win in the Bold Lad off 91 and good second in Navan Listed; probably needed last month's Naas comeback run, more expected of here and rider's claim a positive.",Last season's Bold Lad winner over C&D; all the better for recent Naas comeback run,Patrick T Foley,"{'runs': 6, 'wins': 1, 'percent': 17}",50,83,[],,[]
2026-05-23,IRE,Curragh,Good,17:25,6f,Irish Stallion Farms EBF Habitat Handicap (Premier Handicap),Sir Les Patterson,23,6,5,135,401-14,Jack Kearney,Shamrock Thoroughbreds,,101,gelding,Zoustar,Evil Spell,"Improved on the AW last winter with two wins at this trip (beat City House second occasion); turf return came at Newmarket early this month, showing plenty of pace until weakening final furlong in finishing creditable fourth in very valuable contest; remains on a handy mark compared to AW so has to be respected.",Newmarket fourth remains on a handy mark compared to AW so has to be respected,Stephen Thorne,"{'runs': 6, 'wins': 1, 'percent': 17}",33,77,[],,[]
2026-05-23,IRE,Curragh,Good,17:25,6f,Irish Stallion Farms EBF Habitat Handicap (Premier Handicap),Aviatrice,23,21,4,129,-11237,Luke McAteer,N Molloy,,105,filly,Phoenix Of Spain,Virtudes,"Ended last year on a roll with successive AW wins at Dundalk over further, second occasion in fillies Listed over 1m; earlier in the campaign had finished third over C&D; runs off 7lb lower turf mark.",Dual AW winner when last seen in autumn; runs off 7lb lower turf mark,David Marnane,"{'runs': 16, 'wins': 3, 'percent': 19}",69,86,[],,[]
2026-05-23,IRE,Curragh,Good,17:25,6f,Irish Stallion Farms EBF Habitat Handicap (Premier Handicap),Unique Journey,23,13,4,139,42-117,Colin Keane,N W T Dalzell/James Morgan/Karl Kirwan/Mrs John Murphy,,103,gelding,Caravaggio,Surround,"Three wins include twice over C&D last October; promising C&D comeback second in March, stiffer task in Listed company last time; one to consider back in handicap company, especially given his record here.",Dual C&D winner in October; struggled in Listed latest but considered back in a handicap,Daniel James Murphy,"{'runs': 6, 'wins': 0, 'percent': 0}",17,92,[],,[]
2026-05-23,IRE,Curragh,Good,17:25,6f,Irish Stallion Farms EBF Habitat Handicap (Premier Handicap),Go Athletico,23,12,8,124,307-75,Adam Caffrey,J Fairhurst & Cyril McMullan,,105,gelding,Goken,Byburg,"Rated 108 in his prime so has dropped a long way, but won Scurry Handicap (beating Fort Vega and Back Down Under) here last summer and last month's Naas third (three of today's rivals behind) was a good effort; can't rule out.",Scurry winner last summer and recent Naas third encouraging,Adrian McGuinness,"{'runs': 17, 'wins': 3, 'percent': 18}",47,70,[],,[]
2026-05-23,IRE,Curragh,Good,17:25,6f,Irish Stallion Farms EBF Habitat Handicap (Premier Handicap),The Highway Rat,23,19,8,140,-64374,Sam Coen,Mrs S M L Oliver,,105,gelding,Dandy Man,Suzette De Bavay,Five AW wins and two turf wins have been at Navan over 5f; last year's highlight was fine third in Rockingham here; absent since October and may just need this.,Best form is at 5f; absent since October and may just need this,A Oliver,"{'runs': 9, 'wins': 2, 'percent': 22}",67,98,"[{'horse': 'The Highway Rat', 'horse_id': 3332129, 'quote': ""He'll probably come back for the Bold Lad Sprint Handicap on Sunday week at the Curragh. He hasn't run since May as he came out of Naas a bit jarred, which was unusual and disappointing. He's had his break since and is fresh and well. He looks to be fully himself. It's his first run back but he normally runs well fresh. We were going to run him this weekend at Navan but we decided we'd go straight for the Curragh. 11-09-24""}]",,[]
2026-05-23,IRE,Curragh,Good,17:25,6f,Irish Stallion Farms EBF Habitat Handicap (Premier Handicap),Moltophino,23,11,5,126,-05454,Chris Hayes,Agricola Ficomontanino & Leaf Stud,,105,gelding,Profitable,Seraphina,"Runner-up six times before belatedly opening account in this race last year off 79 (4lb out of handicap); some good runs afterwards in defeat, although well below best final start behind Tango Flare in Bold Lad over C&D; lacks a recent run this time around but Hayes stays loyal.",Last year's winner off 6lb lower; lacks a recent run this time around,John Andrew Kinsella,"{'runs': 0, 'wins': 0, 'percent': None}",,92,[],,[]
2026-05-23,IRE,Curragh,Good,17:25,6f,Irish Stallion Farms EBF Habitat Handicap (Premier Handicap),Indigo Dream,23,4,4,124,223-13,Shane Foley,Eleanora Kennedy,,99,filly,Havana Grey,Chloris,"Sole win came on AW but four times runner-up on turf including last month over this trip at Naas (Go Athletico third) her first attempt at the distance; unchanged mark, could go well.",Staying-on Naas second on first attempt at 6f latest augurs well,Ross OSullivan,"{'runs': 25, 'wins': 4, 'percent': 16}",68,71,[],,[]
2026-05-23,IRE,Curragh,Good,17:25,6f,Irish Stallion Farms EBF Habitat Handicap (Premier Handicap),Bodhi Bear,23,14,4,136,81-090,Seamie Heffernan,Mrs J Barrett,,101,gelding,Starspangledbanner,Wild Child,Took his mark to a career-high when winning seasonal return here in March over 5f (soft-to-heavy) off 87; stiff task and ran as well as could be expected in good-class Naas Listed following month; has form at 6f/7f so respected back in handicap company.,Winner here in March and creditable run since in Listed; respected back in handicap class,J A Stack,"{'runs': 7, 'wins': 1, 'percent': 14}",57,94,[],,[]
2026-05-23,IRE,Curragh,Good,17:25,6f,Irish Stallion Farms EBF Habitat Handicap (Premier Handicap),City House,23,10,5,136,450247,Ronan Whelan,Dooley Thoroughbreds & J Fairhurst,,103,gelding,Night Of Thunder,Impala,"Smart turf form at up to 7f in Bahrain for George Scott early last year; standout runs for current yard this year when second to Sir Les Patterson on the AW and latest when close fourth of 13 at Chester early this month, extended 7f looking to stretch him; return to stiff 6f could suit.",Couple of good runs this term; return to stiff 6f could suit,Adrian McGuinness,"{'runs': 17, 'wins': 3, 'percent': 18}",47,94,[],,"[{'date': '2024-08-12', 'type': 'Wind Surgery'}]"
2026-05-23,IRE,Curragh,Good,17:25,6f,Irish Stallion Farms EBF Habitat Handicap (Premier Handicap),Genesis,23,18,5,119,41-056,Wesley Joyce,M Foley,,99,gelding,Prince Of Lir,Diamond Rio,"Two-time AW winner gained a breakthrough turf win over C&D early this month (good) off 71; close Naas fourth was another step in the right direction, despite getting upset in stalls; 2lb wrong here.",Still-improving 5yo 2lb wrong here but not one to rule out,Michael Mulvany,"{'runs': 9, 'wins': 1, 'percent': 11}",67,94,[],,[]
2026-05-23,IRE,Curragh,Good,17:25,6f,Irish Stallion Farms EBF Habitat Handicap (Premier Handicap),Bishopton,23,5,4,128,1-2761,Wayne Lordan,William Jones/D W Sloan/Milena C Mocchetti/Kabin Racing Synd,,103,gelding,Invincible Spirit,Edaraat,"Progressed well last year over 7f, winning twice; resumed progress on return in March when defying top-weight at Dundalk off 84; drops in trip with cheekpieces now fitted; wants decent ground.",Progressive AW performer at 7f; drops in trip with cheekpieces now fitted,Miss Natalia Lupini,"{'runs': 5, 'wins': 0, 'percent': 0}",80,70,[],,[]
2026-05-23,IRE,Curragh,Good,17:25,6f,Irish Stallion Farms EBF Habitat Handicap (Premier Handicap),Headmaster,23,17,4,127,7-1800,Dylan Browne McMonagle,John Lynam,,106,gelding,Dubawi,One Master,"Two 7f wins in Britain last year for Willie Haggas included final start in Newbury handicap (soft) in first-time tongue-tie; bought for 48,000gns and okay comeback run (tired late on) behind a stablemate at Naas last month for which he is entitled to come on for but has a bit to find with several of these on that run.",Entitled to come on for recent comeback run and yard debut; best form at 7f though,Edward Lynam,"{'runs': 2, 'wins': 0, 'percent': 0}",50,87,[],,[]
2026-05-23,IRE,Curragh,Good,17:25,6f,Irish Stallion Farms EBF Habitat Handicap (Premier Handicap),Barbapapa,23,22,7,123,-31565,Conor Cusack,K Haughey & Kieran T Byrne,,102,gelding,Starspangledbanner,Eloge,"Three-time AW winner, whose sole turf win came over 7f at Leopardstown; absent since November but ran well on seasonal return when third in this race last year (to Moltophino) off today's mark; 7lb claim could prove useful.",Last year's third off same mark; 7lb rider's claim could prove useful on seasonal return,Henry De Bromhead,"{'runs': 42, 'wins': 11, 'percent': 26}",67,86,[],,[]
2026-05-23,IRE,Curragh,Good,17:25,6f,Irish Stallion Farms EBF Habitat Handicap (Premier Handicap),Back Down Under,23,1,5,122,6-9033,Leigh Roche,Back Down Under Syndicate,,106,mare,Australia,Back On Top,"Both wins have been at this track, including early last season over this trip (soft) and better form when third to Go Athletico in Scurry from out of handicap; reportedly coming into season when disappointing joint-favourite on C&D seasonal return in March, more expected of now.","Dual C&D winner; excuses on seasonal return, more expected of now",Padraig Roche,"{'runs': 5, 'wins': 0, 'percent': 0}",40,91,[],,[]
2026-05-23,IRE,Curragh,Good,17:25,6f,Irish Stallion Farms EBF Habitat Handicap (Premier Handicap),I Bid You Ajou,23,9,5,121,282-7U,Reese Holohan,Pabiroco Syndicate,,101,gelding,Shalaa,Ajou,All three wins at Fairyhouse last season came at this trip on decent ground; back to form on favoured ground at Leopardstown early this month when beaten a short-head in three-way photo; 3lb rise takes him back to a career-high mark but capable 7lb claimer booked.,Narrow Leopardstown loss takes him back to career-high mark but capable 7lb claimer booked,Mark Fahey,"{'runs': 10, 'wins': 3, 'percent': 30}",60,91,[],,[]
2026-05-23,IRE,Curragh,Good,17:25,6f,Irish Stallion Farms EBF Habitat Handicap (Premier Handicap),Tinas Indian,23,2,5,137,4-1338,Joseph Harnett,C F Harrington & James John Hughes,,103,gelding,Calyx,Indian Maiden,"Both wins have come here, notably minor conditions event (7f, heavy) last November; first run since when fourth of 5 in good-class Gowran conditions event last month; yard going well but 6f on decent ground may prove on the lively side.",Best form at 7f; yard going well but 6f on decent ground may prove on the lively side,Mark Fahey,"{'runs': 10, 'wins': 3, 'percent': 30}",60,85,[],,[]
2026-05-23,IRE,Curragh,Good,17:25,6f,Irish Stallion Farms EBF Habitat Handicap (Premier Handicap),Erosandpsyche,23,20,8,139,09-027,Gary Carroll,P B Dreeling,,106,gelding,Sepoy,Sciolina,Capable of smart form on his day but hasn't won since August 2022 and two runs so far this season leave him with a fair bit to find despite reduced mark; visor back on.,Two runs so far this season leave him with a fair bit to find despite reduced mark,Daniel James Murphy,"{'runs': 6, 'wins': 0, 'percent': 0}",17,71,[],,[]
2026-05-23,IRE,Curragh,Good,17:25,6f,Irish Stallion Farms EBF Habitat Handicap (Premier Handicap),Fort Vega,23,16,6,135,-52122,Rory Cleary,Mrs K Lavery,,105,gelding,Lope De Vega,Prudente,"Better than ever last summer, winning at Cork and career-best when second in Scurry Handicap here over extended 6f; bit keen and not quite at same level in Listed at Galway festival when last seen; may just need this comeback run.",Scurry second has been absent since Galway festival; may just need this,Ms Sheila Lavery,"{'runs': 7, 'wins': 0, 'percent': 0}",29,94,[],,[]
2026-05-23,IRE,Curragh,Good,17:25,6f,Irish Stallion Farms EBF Habitat Handicap (Premier Handicap),Gerrits Gem,23,15,6,124,0-4291,Terry Casey,Gerrit OReilly,,101,gelding,Belardo,Oonagh,"All three wins for Kieran Cotter came at Cork (6f-1m) and ended last term with solid C&D fourth behind Unique Journey; dropped out to finish last on seasonal return at Cork early this month, a run which should bring him on.",Best form at Cork but ran well over C&D last term; better for recent comeback run,J G Coogan,"{'runs': 2, 'wins': 0, 'percent': 0}",,87,[],,[]
2026-05-23,IRE,Curragh,Good,17:25,6f,Irish Stallion Farms EBF Habitat Handicap (Premier Handicap),Sarahmae,23,3,4,120,608-64,Keithen Kennedy,Mary B Hogan & Michael M OBrien,,105,filly,Magna Grecia,Emirates Joy,"Three-time winner over 5f on varying ground types but hasn't been at her best so far this season, first two over C&D; cheekpieces now tried.","Below best so far this season, first two over C&D; cheekpieces now tried",Denis Gerard Hogan,"{'runs': 20, 'wins': 0, 'percent': 0}",30,54,[],,[]
2026-05-23,IRE,Curragh,Good,17:25,6f,Irish Stallion Farms EBF Habitat Handicap (Premier Handicap),Shadow Of The Moon,23,7,4,120,8-120,Patrick McGettigan,P J Towell,,101,filly,Havana Grey,Treasured,Lightly raced 4yo won Down Royal maiden (7f) in September; absent until no show after slow start on handicap debut here last month over 5f; inexperience remains a concern.,Lightly raced 4yo blew the start on last month's handicap bow; inexperience a negative,John James Feane,"{'runs': 1, 'wins': 0, 'percent': 0}",,93,[],,[]
2026-05-23,IRE,Curragh,Good,17:25,6f,Irish Stallion Farms EBF Habitat Handicap (Premier Handicap),Dmaniac,23,23,4,133,251-13,Paddy Harnett,Rebecca May,,101,gelding,Washington DC,Mania,Ended last season with C&D win and repeated the feat on seasonal return in March off 9lb higher; career-best when upped to 7f at Cork early this month when a clear second (beaten a neck) to an improver on favoured soft ground; still-improving 4yo would appreciate any softening in the ground.,Dual C&D winner; still-improving 4yo would appreciate any softening in the ground,Martin Hassett,"{'runs': 4, 'wins': 0, 'percent': 0}",50,90,[],,[]
2026-05-23,IRE,Curragh,Good,17:55,1m2f,O'Driscolls Irish Whiskey Irish EBF Maiden,Count Bezukhov,17,8,3,134,3,Dylan Browne McMonagle,Westerberg Ireland,,83,colt,Wootton Bassett,Miss Yoda,"Wootton Bassett colt; dam 1m-11.6f winner (inc 2yo/AW/Group 1 German Oaks; RPR 103), closely related to French 1m winner Mia Sunshine; eyecatching Leopardstown debut (1m4f) earlier this month when coming from some way back to finish third to odds-on stablemate Cannes under considerate handling; surprising he drops in trip here; cheekpieces tried.",Eyecatching recent Leopardstown debut; likely big player despite drop in trip,Joseph Patrick OBrien,"{'runs': 60, 'wins': 10, 'percent': 17}",63,70,[],,[]
2026-05-23,IRE,Curragh,Good,17:55,1m2f,O'Driscolls Irish Whiskey Irish EBF Maiden,The Shandyman,17,10,3,134,-27,J M Sheridan,Creighton Family,,80,gelding,Cracksman,Perfect,"Cracksman gelding a 90,000euros yearling; dam French 7f turf 2yo/1m2f AW winner, family of Arc winner Peintre Celebre; nicely improved on second start last autumn, only outstayed late over 1m in median auction maiden here (yielding); good chance he'll stay this trip and a definite player.",Second here last autumn; good chance he'll stay this trip and a definite player,W P Mullins,"{'runs': 28, 'wins': 8, 'percent': 29}",70,58,[],,[]
2026-05-23,IRE,Curragh,Good,17:55,1m2f,O'Driscolls Irish Whiskey Irish EBF Maiden,Sakoku,17,11,3,129,,Ben Coen,Newtown Anner Stud Farm Ltd,,,filly,Sea The Stars,Fawz,Sea The Stars filly is fifth foal of an unraced half-sister to 1m2f Listed winner Aghareed (dam of outstanding 1m/1m2f performer Baaeed and top-class 1m2f-1m6f performer Hukum); grandam won Breeders' Cup Filly & Mare Turf; yard going well and seemingly the pick of the yard's two debutantes so has to be wroth a market check.,Seemingly the pick of the yard's two debutantes so has to be wroth a market check,J P Murtagh,"{'runs': 24, 'wins': 4, 'percent': 17}",46,,[],,[]
2026-05-23,IRE,Curragh,Good,17:55,1m2f,O'Driscolls Irish Whiskey Irish EBF Maiden,Lonely Island,17,3,3,134,5-7,Colin Keane,Lonely Island Partnership,,86,colt,Hello Youmzain,Grey Hyppy,Failed to make much impact on debut at Dundalk last December but more encouraging turf debut at Killarney recently when forcing it; bred to appreciate this longer trip so one to consider.,More encouraging turf debut at Killarney recently; bred to appreciate this longer trip,M D OCallaghan,"{'runs': 10, 'wins': 1, 'percent': 10}",20,63,[],,[]
2026-05-23,IRE,Curragh,Good,17:55,1m2f,O'Driscolls Irish Whiskey Irish EBF Maiden,Numantia,17,13,3,134,,Paddy Harnett,Reeves Thoroughbred Racing & Barry Fowler,,,colt,St Marks Basilica,Bewitched,"St Mark's Basilica colt cost 180,000euros as a yearling; half-brother to six winners inc Pablo Escobarr (1m2f-1m4f inc 2yo/AW/Group 3; RPR 113), Roberto Escobarr (1m2f-2m inc Group 3; 113) and Oddnadatta (Group-placed 7f 2yo; 103); dam 5f-7f winner (inc AW 2yo/Group 3; 113); nicely-bred debutant has to be considered.",Half-brother to a couple of Group winners; nicely-bred debutant has to be considered,Donnacha Aidan OBrien,"{'runs': 22, 'wins': 2, 'percent': 9}",68,,[],,[]
2026-05-23,IRE,Curragh,Good,17:55,1m2f,O'Driscolls Irish Whiskey Irish EBF Maiden,Echo Inferno,17,4,3,134,-0,Shane Foley,Silverton Hill Partnership,,63,gelding,Too Darn Hot,Solar Echo,"Too Darn Hot gelding cost 200,000gns as a yearling; half-brother to winners Sylphid (French 1m1f 2yo; RPR 102), Hosaamm (1m2f Flat, 99; 2m hurdle) and Advertorial (1m4f AW; 51); dam 1m1f winner (83), sister to Gold Cup second Nayef Road; soon beaten on sole 2yo outing in Tipperary maiden in August; gelded over the winter.",Soon beaten on sole 2yo outing in Tipperary maiden in August; gelded over the winter,Mrs John Harrington,"{'runs': 26, 'wins': 4, 'percent': 15}",73,48,[],,[]
2026-05-23,IRE,Curragh,Good,17:55,1m2f,O'Driscolls Irish Whiskey Irish EBF Maiden,Saxony Charms,17,16,3,129,,W J Lee,Team Valor International LLC & A Oliver,,,filly,Saxon Warrior,Pleasantry,"Saxon Warrior filly cost 47,000euros as a yearling; half-sister to winners Fajjaj (Group-placed 7f 2yo/1m2f; RPR 109), Repartee (6f inc 2yo/Listed; 104) and Parlance (7f AW 2yo; 87); dam unraced half-sister to top miler Kingman; Billy Lee rides, newcomer worth a market check.","Billy Lee rides, newcomer worth a market check",A Oliver,"{'runs': 9, 'wins': 2, 'percent': 22}",67,,[],,[]
2026-05-23,IRE,Curragh,Good,17:55,1m2f,O'Driscolls Irish Whiskey Irish EBF Maiden,Theorist,17,12,3,134,9-35,Declan McDonogh,Mrs J S Bolger,,78,gelding,Teofilo,Pianota,"Teofilo gelding shaped with promise on both AW runs last winter but dropped away quickly on seasonal return over this trip at Cork last month, having forced it; bit to prove now.",Winter AW promise but Cork comeback run raises questions,J S Bolger,"{'runs': 10, 'wins': 2, 'percent': 20}",40,38,[],,[]
2026-05-23,IRE,Curragh,Good,17:55,1m2f,O'Driscolls Irish Whiskey Irish EBF Maiden,Royal Bones,17,6,3,134,,Scott McCullagh,Newtown Anner Stud Farm Ltd,,,gelding,Lope De Vega,Lady Bones,"Lope De Vega half-brother to winners Laganore (6f-1m2f inc Italian Group 1; RPR 111), Lady Anner (7f; 99), Dundory (1m-1m4f; 83) and Alfheim (1m4f/1m6f AW; 72); dam unraced half-sister to HK 1m2f/1m4f Group 1 winner Blazing Speed; well-bred newcomer but Foley rides Echo Inferno.",Well-bred newcomer but Foley rides Echo Inferno,Mrs John Harrington,"{'runs': 26, 'wins': 4, 'percent': 15}",73,,[],,[]
2026-05-23,IRE,Curragh,Good,17:55,1m2f,O'Driscolls Irish Whiskey Irish EBF Maiden,Glen Echo,17,9,3,134,70,Gary Carroll,Lindsay Laroche,,65,gelding,Gleneagles,Illumined,No show in recent maidens at Navan and Leopardstown; eligible for a mark after this.,No show in recent maidens at Navan and Leopardstown; eligible for a mark after this,Gavin Cromwell,"{'runs': 45, 'wins': 6, 'percent': 13}",64,60,[],,[]
2026-05-23,IRE,Curragh,Good,17:55,1m2f,O'Driscolls Irish Whiskey Irish EBF Maiden,Vanir,17,1,3,129,,Seamie Heffernan,Newtown Anner Stud Farm Ltd,,,filly,Teofilo,Shurooq,"Teofilo half-sister to winners Slick (US 1m turf inc 2yo; RPR 107) and Rukaana (7f/1m Flat, inc 2yo/AW, 80; 2m hurdle); dam maiden sister to 6.5f 2yo winner, half-sister to 7f Listed winner Mankib, out of 1,000 Guineas winner Natagora; seemingly stable second-choice, likely all the better for the experience.","Seemingly stable second-choice, likely all the better for the experience",J P Murtagh,"{'runs': 24, 'wins': 4, 'percent': 17}",46,,[],,[]
2026-05-23,IRE,Curragh,Good,17:55,1m2f,O'Driscolls Irish Whiskey Irish EBF Maiden,Walk In Provence,17,5,3,129,,N G McCullagh,Merriebelle Irish Farm Limited,,,filly,Frankel,Walk In Marrakesh,"Frankel filly is half-sister to 5f winner Correspondence (RPR 73); dam 7f/7.4f 2yo winner (inc Listed; 99), sister to 7f winner Procrastinate, half-sister to 7f/1m winner Competizione; one of three newcomers for the Murtagh yard, Sakoku seemingly the preferred.","Frankel filly one of three newcomers for the Murtagh yard, Sakoku seemingly the preferred",J P Murtagh,"{'runs': 24, 'wins': 4, 'percent': 17}",46,,[],,[]
2026-05-23,IRE,Curragh,Good,17:55,1m2f,O'Driscolls Irish Whiskey Irish EBF Maiden,Amethyst Stone,17,2,3,134,60,James Ryan,Vincent Gaul,,65,gelding,Almanzor,Hurbling,Hasn't counted in maidens at Navan and Leopardstown this term; more likely one for handicaps.,Hasn't counted in maidens at Navan and Leopardstown; more likely one for handicaps,G M Lyons,"{'runs': 21, 'wins': 2, 'percent': 10}",57,52,[],,[]
2026-05-23,IRE,Curragh,Good,17:55,1m2f,O'Driscolls Irish Whiskey Irish EBF Maiden,Niobite,17,14,3,134,,Donagh OConnor,Zephyr Syndicate,,,gelding,Zoustar,Serafina Sunset,"Zoustar brother to 7.3f 2yo winner Wholetthedogsout (RPR 61), half-brother to French 1m7f hurdle winner Crimson Velvet; dam unraced half-sister to Listed-placed winners Clear Impression (6f) and Al Fareej (5f); debutant likely best watched.",Brother to 7.3f 2yo winner Wholetthedogsout; debutant likely best watched,Patrick J Flynn,"{'runs': 6, 'wins': 1, 'percent': 17}",17,,[],,[]
2026-05-23,IRE,Curragh,Good,17:55,1m2f,O'Driscolls Irish Whiskey Irish EBF Maiden,Matada,17,17,3,134,00,Robert Whearty,Matthew Rogers,,40,gelding,Galiway,Gokena,Beaten a long way in maidens at Navan and Gowran; upped in trip.,Beaten a long way in maidens at Navan and Gowran; upped in trip,Gavin Cromwell,"{'runs': 45, 'wins': 6, 'percent': 13}",64,23,[],,[]
2026-05-23,IRE,Curragh,Good,17:55,1m2f,O'Driscolls Irish Whiskey Irish EBF Maiden,Stabannon,17,7,3,134,,Robbie Colgan,Donal Kinsella,,,gelding,Circus Maximus,Cosmic Fire,"Circus Maximus gelding a 3,500euros foal and 4,000euros yearling; closely related to two winners inc Lady Of Luxury (1m4f AW; RPR 59), half-brother to three winners inc Ray's The Bar (7f-9.5f inc 2yo/US; 98) and Cosmic City (prolific 1m4f-2m1f inc AW; 89); dam 11.5f winner; unlikely source of a first-time out maiden winner.",Cheaply bought Circus Maximus gelding; unlikely source of a first-time out maiden winner,Donal Kinsella,"{'runs': 1, 'wins': 0, 'percent': 0}",100,,[],,[]
2026-05-23,IRE,Curragh,Good,17:55,1m2f,O'Driscolls Irish Whiskey Irish EBF Maiden,Will You Stop,17,15,3,134,5,Andrew Slattery,Mrs Monica Aherne,,65,gelding,Saxon Warrior,Roman Venture,"Saxon Warrior half-brother to winners Gulya (French 7f; RPR 93) and Marroof (KSA 6f/1m); dam unraced sister to Irish 2,000 Guineas winner Romanised; promising recent debut in decent Gowran maiden when staying on fifth (second has won since) over 1m; shaped as though this longer trip will suit.",Promising Gowran debut; shaped as though this longer trip will suit,Andrew Slattery,"{'runs': 40, 'wins': 4, 'percent': 10}",55,60,[],,[]
2026-05-23,GB,Haydock,Good To Soft,13:45,1m2f100y,William Hill Epic Boost British EBF Hedge Of Oak Stakes (Listed Race),Friendly Soul,9,8,5,128,/11171,Oisin Murphy,George Strawbridge,1,127,mare,Kingman,In Clover,"She's won five of her six starts, the latest victory coming in the Group 1 Prix de l'Opera at Longchamp (1m2f, very soft) in October 2024; absent since and she needs to prove she retains her ability, but she probably won't need to be at her very best to come out on top in this line-up.",Absent since 2024 but this Group 1 winner won't need to be at her very best to win today,John & Thady Gosden,"{'runs': 29, 'wins': 6, 'percent': 21}",69,,[],,[]
2026-05-23,GB,Haydock,Good To Soft,13:45,1m2f100y,William Hill Epic Boost British EBF Hedge Of Oak Stakes (Listed Race),Wemightakedlongway,9,7,4,128,7-6424,Sean Levey,Cayton Park Stud Limited,1,126,filly,Australia,Dont Ask Me At All,"Last season's best performances came in Group 1s when runner-up in the Irish Oaks at the Curragh (1m4f, good) and very close fourth in the Prix de l'Opera at Longchamp (1m2f, very soft); flopped on last month's reappearance at Cork, which is disconcerting, but she's a leading player if leaving that performance behind in first-time cheekpieces.",Disconcerting flop on last month's reappearance but leading player judged on 3yo form,Joseph Patrick OBrien,"{'runs': 60, 'wins': 10, 'percent': 17}",63,110,"[{'horse': 'Wemightakedlongway', 'horse_id': 6429642, 'quote': ""She was second in the Irish Oaks and made the frame in three other Group 1s, so winning a Group 1 is the aim this season. She was disappointing on her reappearance but we were happy enough we'd left something to work on and she'll come forward a lot. 22-04-26""}]",,[]
2026-05-23,GB,Haydock,Good To Soft,13:45,1m2f100y,William Hill Epic Boost British EBF Hedge Of Oak Stakes (Listed Race),Revoir,9,6,4,128,-73225,Rossa Ryan,J H Richmond-Watson,1,116,filly,Study Of Man,Regardez,"0-7 since winning on 2yo debut in October 2024 but she finished close-up in a few Listed/Group 3 races last season (1m2f-1m4f, various ground) and she might be the type to improve with age; not ruled out on reappearance.",Went close in Listed/Group 3 races last season; might be the type to improve with age,Ralph Beckett,"{'runs': 41, 'wins': 8, 'percent': 20}",66,101,"[{'horse': 'Revoir', 'horse_id': 6560235, 'quote': ""It's staggering we didn't manage to win a race with her last year. She's talented and it's down to us to campaign her right in races over ten or 12 furlongs. The Daisy Warwick will probably come too soon, but there's the Hedge of Oak at Haydock next month. After that, the likes of the Lester Piggott and Lancashire Oaks could come into play. 27-04-26""}]",,[]
2026-05-23,GB,Haydock,Good To Soft,13:45,1m2f100y,William Hill Epic Boost British EBF Hedge Of Oak Stakes (Listed Race),Noche Clasica,9,9,4,128,1-1311,Kevin Stott,The Rogues Gallery,1,117,filly,Night Of Thunder,Isabel De Urbina,"Made it 3-4 in handicaps when winning on last month's reappearance at Musselburgh (1m1f, good); up in trip/grade today but she powered ahead once in the clear last time and it's hard to identify where the ceiling of her ability lies; has won on good to soft (unraced on softer); dam was two-time 1m4f Listed winner; interesting contender.",Made it 3-4 in handicaps with impressive win at Musselburgh; up in grade but of interest,Edward Bethell,"{'runs': 27, 'wins': 1, 'percent': 4}",52,100,[],,[]
2026-05-23,GB,Haydock,Good To Soft,13:45,1m2f100y,William Hill Epic Boost British EBF Hedge Of Oak Stakes (Listed Race),Dreamasar,9,4,4,128,1-413,Kieran Shoemark,Hot To Trot Racing 2 & J Fill,1,108,filly,Masar,Livias Dream,"Made it 2-4 when scoring easily on this month's handicap and seasonal debut at Salisbury (1m2f, good to firm; unraced on slow ground); had just three rivals to beat and takes a steep rise in grade today, but this half-sister to her stable's Group 1 winner Dreamloper could have plenty more to offer.",This is much tougher than Salisbury handicap but she could have plenty more to offer,Ed Walker,"{'runs': 36, 'wins': 4, 'percent': 11}",46,73,"[{'horse': 'Dreamasar', 'horse_id': 7639439, 'quote': ""She's a lightly raced filly from a family we know well, as a half-sister to Dreamloper, and has progressed encouragingly. I hope she can climb the ladder in handicaps before hunting black type. I think she'll stay 1m2f. 22-04-26""}]",,[]
2026-05-23,GB,Haydock,Good To Soft,13:45,1m2f100y,William Hill Epic Boost British EBF Hedge Of Oak Stakes (Listed Race),Consecrated,9,2,4,128,-73641,Cieren Fallon,Cheveley Park Stud,1,110,filly,Frankel,Sacre Caroline,"Impressive win on debut at Newbury (7f, good) last April; 0-4 since (including in two Listed races) and has something to find in today's company, but this lightly raced half-sister to connections' Group 2 winner Sacred is in top hands and may be able to take a sizeable step forward at some point.",0-4 since easy debut win but possible she'll take sizeable step forward at some point,William Haggas,"{'runs': 52, 'wins': 12, 'percent': 23}",60,99,[],,[]
2026-05-23,GB,Haydock,Good To Soft,13:45,1m2f100y,William Hill Epic Boost British EBF Hedge Of Oak Stakes (Listed Race),Sand Gazelle,9,1,4,128,7-7210,Tyler Heard,The Thoroughbred Racing Corporation Ltd,1,119,filly,Frankel,Desirous,"Listed winner at York (1m2f, good) last July and runner-up in Group 3 at the Curragh (1m1f, good to yielding) in August; down the field on the Rowley Mile at Newmarket on both starts since, most recently her reappearance but that may not be her track; could bounce back with a bold show in first-time cheekpieces; unraced on ground slower than good to soft.",Listed winner last July; perhaps unsuited by Newmarket's Rowley Mile on last two starts,John & Thady Gosden,"{'runs': 29, 'wins': 6, 'percent': 21}",69,106,[],,[]
2026-05-23,GB,Haydock,Good To Soft,13:45,1m2f100y,William Hill Epic Boost British EBF Hedge Of Oak Stakes (Listed Race),Cheshire Dancer,9,5,5,128,0-7412,Jason Hart,Manor House Stables Syndicate,1,119,mare,Phoenix Of Spain,Kristal Xenia,"22-1 winner of the Group 3 Valiant Stakes at Ascot (1m, good) last July and good fourth in US Grade 3 (1m, firm) next time; of interest on that form but tailed off in first-time cheekpieces (retained) on reappearance at Newmarket (1m1f, good to firm) three weeks ago; unraced on slow ground.",Group 3 winner at Ascot last July but tailed off on reappearance at Newmarket 3 weeks ago,Hugo Palmer,"{'runs': 17, 'wins': 2, 'percent': 12}",41,110,"[{'horse': 'Cheshire Dancer', 'horse_id': 5237864, 'quote': ""The plan last year was to try to get her into the Sandringham, which we failed to do, as she went to Kempton and ran the only bad race of her life. This year the plan would be to head to the Kensington Palace Stakes, so she'll probably have one run before she goes there. She's a good-looking filly with a lovely pedigree, so I'd be hopeful we can get some black type with her. 09-04-25""}, {'horse': 'Cheshire Dancer', 'horse_id': 5237864, 'quote': ""She looked like she wanted further when running in Saturday's Sun Chariot. It was a Group 1 gallop from end-to-end and we weren't quite up to that grade on that occasion. Before that, she'd run a career-best every time this year, including when winning a Group 3 at Ascot. Her owners might keep her in training as a five-year-old, which would be great, as Group horses are hard to come by. If she was to get some Group 1 form that would enhance her paddock value - she's a very good-looking mare. She's a very special filly, owned by a syndicate of fairly normal racing fans. 08-10-25""}]",,[]
2026-05-23,GB,Haydock,Good To Soft,13:45,1m2f100y,William Hill Epic Boost British EBF Hedge Of Oak Stakes (Listed Race),Sparks Fly,9,3,6,133,40-183,NON-RUNNER,David Lowe,1,120,mare,Muhaarar,Stepping Out,"Four-time Listed winner who made Group 3 breakthrough at Saint-Cloud (1m, very soft) last October; ran well when 2l fourth in Group 2 Huxley Stakes at Chester (10.3f, good) recently; may be vulnerable to stronger stayers at this trip and she carries a 5lb penalty, but might not be far away.",Group 3 winner in France last October and might not be far away despite a 5lb penalty,David Loughnane,"{'runs': 18, 'wins': 0, 'percent': 0}",28,70,"[{'horse': 'Sparks Fly', 'horse_id': 4808597, 'quote': ""She was a real flag-bearer for us last year, winning eight races in all. To win her first race off 59 in May and then win a Listed race by 12 lengths and finish off on 107 was phenomenal. Once she started winning she kept pulling out more and more. She looks like she's strengthened up loads and I think we'll have a bit of fun again this year. Soft ground is paramount for her. The only bad run she had was at York and I was kicking myself for running as I walked the track and it was too quick, but we thought we have to try her on quick ground at some stage. We know now it's not her gig. As soon as she got back on to soft, she relished it again and finished off the season really strongly. We were struggling for a race to start her off this time and ended up running her over 7f at Haydock, which is too short but we needed to get a run into her. She's got loads of options but it's down to the weather. There's the Group 3 Princess Elizabeth at Epsom on Saturday and then Royal Ascot. If we don't get the ground, we'll have to go to France or Ireland. She's working the house down at home and is ready to rock and roll. 30-05-24""}]",,[]
2026-05-23,GB,Haydock,Good To Soft,14:20,1m37y,William Hill Silver Bowl Handicap (Heritage Handicap),Princling,17,2,3,123,1-22,Cieren Fallon,A E Oppenheimer,2,113,colt,Kingman,Frankellina,"Runner-up last October on both 2yo starts (7f, AW/good), on the second occasion in a novice contest at Newmarket that has worked out very well; reappeared with ready win at 1-4 at Wetherby (1m, good to firm) and there's every chance this unexposed colt will be superior to this opening mark.",Considerable promise on all three starts; may well be superior to this opening mark,William Haggas,"{'runs': 52, 'wins': 12, 'percent': 23}",60,85,[],,[]
2026-05-23,GB,Haydock,Good To Soft,14:20,1m37y,William Hill Silver Bowl Handicap (Heritage Handicap),Langstone,17,1,3,123,11-5,Clifford Lee,Teme Valley & Aura Racing,2,110,gelding,Mayson,Volition,"Reappeared having been gelded and left sole 2yo run (6f, soft) well behind to win at Doncaster (7f, good to soft); improved again to follow up in Kempton novice (7f, AW), doing well to score having been carried left; could be on an advantageous mark for this handicap debut, especially now at 1m.",Novice wins on last two starts; could be on an advantageous mark for this handicap debut,Clive Cox,"{'runs': 23, 'wins': 5, 'percent': 22}",52,65,[],,[]
2026-05-23,GB,Haydock,Good To Soft,14:20,1m37y,William Hill Silver Bowl Handicap (Heritage Handicap),Crest Of Fire,17,11,3,122,1-2342,Edward Greatrex,Crest Racing Ix,2,111,gelding,Phoenix Of Spain,Chicita Banana,"Having made the running he was beaten just a neck on nursery debut at Doncaster (1m, good to soft) last September, which was the second leg of a four-timer for the winner; reappeared with 10l win at 2-5 in maiden at Southwell (1m, AW) in March and he could be well treated off an unaltered mark.",The form of his sole nursery run reads well and he easily won an AW maiden on his return,Jack Channon,"{'runs': 22, 'wins': 1, 'percent': 5}",50,89,[],,[]
2026-05-23,GB,Haydock,Good To Soft,14:20,1m37y,William Hill Silver Bowl Handicap (Heritage Handicap),Laureate Crown,17,5,3,134,11-658,Oisin Murphy,Mrs Fitri Hay,2,108,gelding,Victor Ludorum,Petit Trianon,"Reappeared at Wolverhampton (8.6f, AW) in March having been gelded and won a small-field handicap, and he improved again to follow up at Sandown (1m, good); this hold-up horse travelled well last time and could have more left in the tank, provided the ground suits (unproven on slow surface).",Travelled well when winning at Sandown and he could have more left in the tank,Hugo Palmer,"{'runs': 17, 'wins': 2, 'percent': 12}",41,91,"[{'horse': 'Laureate Crown', 'horse_id': 7806379, 'quote': ""He's a nice horse. He won well on his debut and then we probably overfaced him a bit. He's been gelded since his last run and he'll improve given time because he's a very big horse. 08-10-25""}]",,[]
2026-05-23,GB,Haydock,Good To Soft,14:20,1m37y,William Hill Silver Bowl Handicap (Heritage Handicap),Blue Courvoisier,17,6,3,119,42-21,Lauren Young,A D Spence & I Madueke,2,109,colt,Sea The Stars,Priceless,"Reappeared with close second on handicap debut at Newmarket (1m, good) last month and 3l fourth of 11 at Ascot (1m, good) since; remains lightly raced but he needs to take a step forward if he's to win today.",Solid efforts on both starts this spring; remains lightly raced but needs a step forward,Clive Cox,"{'runs': 23, 'wins': 5, 'percent': 22}",52,104,[],,[]
2026-05-23,GB,Haydock,Good To Soft,14:20,1m37y,William Hill Silver Bowl Handicap (Heritage Handicap),Astrazar,17,4,3,121,9-1142,Kieran Shoemark,Dubai Thoroughbred Racing,2,107,gelding,Starman,Zara Mac,"Won Ffos Las maiden (7.3f, heavy) last September on seventh start when going beyond 6f for first time, and he followed up in a valuable EBF final at York (7f, good); denied a clear run when mid-division in handicap at Newbury (7f, good) on reappearance and the step up to 1m looks a good move; chance.",Won final two 2yo starts and denied clear run on reappearance; 1m can suit; chance,Ed Walker,"{'runs': 36, 'wins': 4, 'percent': 11}",46,92,"[{'horse': 'Astrazar', 'horse_id': 7471062, 'quote': ""He's been gelded since winning twice in a busy first season and could be a progressive handicapper.  He's been training well. Things didn't go his way on his return at Newbury but he ran well in defeat. His trip will be 7f to a mile and we hope he could make into a horse for the Britannia at Royal Ascot. 22-04-26""}]",,[]
2026-05-23,GB,Haydock,Good To Soft,14:20,1m37y,William Hill Silver Bowl Handicap (Heritage Handicap),Vincenzo Peruggia,17,8,3,127,72-013,Rossa Ryan,Amo Racing Limited,2,106,colt,Lope De Vega,Sliabh Luachra,"Won at Beverley (7.4f, good to firm) on the second of his three 2yo starts and reappeared with close second of six in handicap at Musselburgh (1m, good to soft; unraced on softer); however, soundly beaten at Newmarket (1m, good to firm) since and needs to bounce back.",Reappeared with close second at Musselburgh but soundly beaten at Newmarket since,Charlie Johnston,"{'runs': 44, 'wins': 6, 'percent': 14}",41,102,[],,[]
2026-05-23,GB,Haydock,Good To Soft,14:20,1m37y,William Hill Silver Bowl Handicap (Heritage Handicap),Jamestown,17,16,3,121,224,Nathan Crosse,MRC International,2,106,gelding,Ulysses,Posh Claret,"Promising fourth on debut at Dundalk (7f, AW) in March and runner-up on next two starts (7f/1m, soft/good), most recently short-headed at Naas on handicap debut in a race that is working out well; this Irish challenger is respected up 4lb for last time.",Short-headed on handicap debut at Naas in race that is working out well; respected up 4lb,David Marnane,"{'runs': 16, 'wins': 3, 'percent': 19}",69,94,[],,[]
2026-05-23,GB,Haydock,Good To Soft,14:20,1m37y,William Hill Silver Bowl Handicap (Heritage Handicap),Sovereign Ocean,17,15,3,127,-161,Paul Mulrennan,Fabio Manservigi,2,105,colt,Ten Sovereigns,Sea Of Reality,"Won for Iain Jardine on debut at Musselburgh (7f, good) last July then 11l sixth of seven in the Acomb at York (7f, good to firm); won in a small field on his stable/handicap debut at Wolverhampton (7f, AW) in December and this likeable type is open to further improvement; not ruled out.",Did it nicely in small field on stable debut; 2-3 and open to further improvement,Marco Botti,"{'runs': 15, 'wins': 2, 'percent': 13}",53,72,"[{'horse': 'Sovereign Ocean', 'horse_id': 7861440, 'quote': ""He went to Musselburgh for his debut and went off at 33-1 but we went there thinking he'd run well and we weren't surprised when he won. He wasn't showing us a lot at the start of the year but we were really chuffed with the way he was working before his first run and then he took a massive step forward. Going for the Acomb at York was a tough ask but we'd had an offer after his debut, which wasn't quite enough, and we were looking to increase his value. He'll have an entry in the horses in training sale. 10-09-25""}]",,[]
2026-05-23,GB,Haydock,Good To Soft,14:20,1m37y,William Hill Silver Bowl Handicap (Heritage Handicap),Penny Time,17,10,3,123,21D1,Jason Hart,Vsgo Partners,2,108,colt,Mehmas,Penny Pepper,All three starts over 1m on AW; first past the post on debut at Kempton in March (disqualified; rider weighed in light) then won easily at Southwell before 4l second of 12 in another novice there; improvement is needed if he's to make a winning turf/handicap debut but that can't be ruled out.,Promising start to career (all three runs over 1m on AW); improvement needed but possible,Hugo Palmer,"{'runs': 17, 'wins': 2, 'percent': 12}",41,,[],,[]
2026-05-23,GB,Haydock,Good To Soft,14:20,1m37y,William Hill Silver Bowl Handicap (Heritage Handicap),Sir Albert,17,12,3,135,5-9311,Jason Watson,Mrs A Althani,2,104,colt,No Nay Never,Al Joza,"2-2 in nurseries last summer (7f, good/heavy) and returned with close Listed fifth at Lingfield (7f, AW) in February; has top weight in this hot handicap but the step up to 1m may eke out something extra; each-way chance.","Close Listed 5th (7f, AW) on sole run this year; step up to 1m may eke out something extra",Andrew Balding,"{'runs': 63, 'wins': 9, 'percent': 14}",63,91,[],,[]
2026-05-23,GB,Haydock,Good To Soft,14:20,1m37y,William Hill Silver Bowl Handicap (Heritage Handicap),Suspended Sentence,17,9,3,129,5-4114,Callum Rodriguez,G C Myddelton C F E Hill & Partner,2,102,colt,Without Parole,Silver Act,"Won Ripon novice (1m, good to firm) last August on third start then followed up in four-runner nursery at Sandown (1m, soft), before creditable Listed fourth in France (1m, soft); he may have needed last month's comeback run at Sandown (1m, good to firm) but he's not obviously well treated.",Good form on soft last September; may have needed comeback but not obviously well treated,Michael Bell,"{'runs': 19, 'wins': 1, 'percent': 5}",58,85,[],,[]
2026-05-23,GB,Haydock,Good To Soft,14:20,1m37y,William Hill Silver Bowl Handicap (Heritage Handicap),Special Dividend,17,13,3,123,-7311,Sean Levey,Commercium II,2,102,gelding,Ardad,Dabble,"Won last summer on first two starts (6f, AW) then kept on for third of 18 in nursery at York (7f, good to firm) that worked out nicely; well beaten in Newmarket Group 3 (7f, good) on final 2yo start (gelded since) but retains potential and he's worth a second look in a first-time tongue-tie.",Worth a second look in view of his good third of 18 in a nursery at York last August,Dr Richard Newland & Jamie Insole,"{'runs': 23, 'wins': 2, 'percent': 9}",43,81,[],,"[{'date': '2026-03-04', 'type': 'Wind Surgery'}]"
2026-05-23,GB,Haydock,Good To Soft,14:20,1m37y,William Hill Silver Bowl Handicap (Heritage Handicap),Synners Kid,17,7,3,127,6-1190,Kevin Stott,Hdr Synners Kid Syndicate,2,100,gelding,Ten Sovereigns,Along The Shore,"Won for Joseph O'Brien on nursery debut at Naas (1m, yielding to soft) last September and easily followed up at Bellewstown (1m, soft), both in a tongue-tie; having shot up the weights he reappeared with a respectable sixth of ten on stable debut at Ascot (7f, good) recently and could build on that back on slow ground with the tongue-tie reapplied; not discounted.",2-2 in slow-ground nurseries last autumn; could build on his respectable comeback run,Lemos De Souza,"{'runs': 8, 'wins': 2, 'percent': 25}",50,85,[],,[]
2026-05-23,GB,Haydock,Good To Soft,14:20,1m37y,William Hill Silver Bowl Handicap (Heritage Handicap),St Anton,17,14,3,121,13-223,NON-RUNNER,Stall Perlen,2,111,colt,Mehmas,Jeva,"Close third on handicap/seasonal debut at Newmarket (1m, good) last month and won there (1m, good to firm) next time; showed promise on good to soft last September (unraced on softer); he has a progressive profile and has gone up just 3lb for last time; could again be involved.",Won at Newmarket three weeks ago and this progressive colt has gone up just 3lb,Richard Hannon,"{'runs': 53, 'wins': 8, 'percent': 15}",64,101,"[{'horse': 'St Anton', 'horse_id': 7204799, 'quote': ""He's a big colt who strengthened up through the spring and I thought he ran a super race at Newmarket last week, probably just needing it in terms of race fitness. He'll take a bit of beating if we can get him into something like the Britannia. He should get a trip in time, which is unusual for the sire. 21-04-26""}]",,[]
2026-05-23,GB,Haydock,Good To Soft,14:20,1m37y,William Hill Silver Bowl Handicap (Heritage Handicap),Lighting Thunder,17,3,3,125,12-2,NON-RUNNER,Sheikh Juma Dalmook Al Maktoum,2,106,colt,Night Of Thunder,Hostess,"Runner-up at Yarmouth (1m, good to soft) last September on sole 2yo start and filled same position in big-field maiden at Newbury (1m, good) on return; had to work pretty hard to win at 1-4 at Nottingham (1m, good) last time but has potential off his opening mark; cheekpieces go on.",Had to work hard to win at 1-4 at Nottingham but has potential off his opening mark,John & Thady Gosden,"{'runs': 29, 'wins': 6, 'percent': 21}",69,,[],,[]
2026-05-23,GB,Haydock,Good To Soft,14:20,1m37y,William Hill Silver Bowl Handicap (Heritage Handicap),Winding Stream,17,17,3,125,62-1,NON-RUNNER,Abdulla Al Mansoori,2,106,colt,Almanzor,Joie De Vivre,"Won at Southwell (7f, AW) last October on sole 2yo start and returned with good second at Kempton (1m, AW); failed to settle in front and weakened in 1m2f Group 3 Classic Trial at Sandown (1m2f, good) four weeks ago; goes handicapping off a fair mark and could run well back down in trip.",Failed to settle and weakened in 1m2f Classic Trial; could run well back down in trip,Richard Hughes,"{'runs': 25, 'wins': 5, 'percent': 20}",36,,[],,[]
2026-05-23,GB,Haydock,Good To Soft,14:58,6f,William Hill Sandy Lane Stakes (Group 2),Venetian Sun,8,3,3,125,0-3111,Clifford Lee,Tony Bloom & Ian McAleavy,1,124,filly,Starman,Johara,"Top 6f 2yo, completing a notable hat-trick with wins in Group 3 at Royal Ascot, Group 2 at Newmarket (July) and Group 1 at Deauville (all good/good to firm); seemed fine at 7f (ran on after meeting trouble) when third in the Moyglare at the Curragh (yielding) on her final start but shaped like a non-stayer when stepped up to 1m for 1,000 Guineas at Newmarket on reappearance; remains open to progress back at 6f; leading claims.","3-3 at 6f, including Group 1; failed to stay 1m on return; leading claims back at 6f",K R Burke,"{'runs': 45, 'wins': 8, 'percent': 18}",56,110,"[{'horse': 'Venetian Sun', 'horse_id': 7556688, 'quote': ""The top two-year-old filly in Britain last year. I think she was every bit as good as Aidan's [O'Brien] fillies who came on strong late on, whereas we were on the go quite early, and she beat the colts in the Morny. On her last start in the Moyglare, she was beaten two out and it wasn't her true running. She's wintered really well and the plan is to go straight to the Guineas. The key question is whether she'll stay a mile, but if ever a filly was going to, it would be her - I think she's got an 80-90 per cent chance. If that doesn't come to fruition, we can revert back to sprinting. 31-03-26""}]",,[]
2026-05-23,GB,Haydock,Good To Soft,14:58,6f,William Hill Sandy Lane Stakes (Group 2),Division,8,4,3,128,3-5111,Cieren Fallon,Wathnan Racing,1,118,colt,Kingman,Pepita,"Raced at 6f; won three times last year, notably a York Listed race (good; also won on good to soft); improved again when coming with a strong late run (started slowly) for 0.5l third to Coppull in Ascot Group 3 (good to firm) on reappearance three weeks ago; probably capable of better again.",Listed win at 2; improved again promising third to Coppull on Ascot return; more to come,William Haggas,"{'runs': 52, 'wins': 12, 'percent': 23}",60,101,[],,[]
2026-05-23,GB,Haydock,Good To Soft,14:58,6f,William Hill Sandy Lane Stakes (Group 2),Coppull,8,6,3,128,1-3513,Rossa Ryan,David W Armstrong,1,123,colt,Bated Breath,Springwood Drive,"Won the Group 2 Richmond Stakes at Glorious Goodwood (6f, good) last July and rounded off his juvenile campaign with a close third in the Group 1 Middle Park at Newmarket (6f, good to firm); showed he's trained on well with a win in 6f Ascot Group 3 (good to firm) on reappearance, with reopposing Division 0.5l behind in third (Brussels sixth); likely to go well for yard which won this with Harry Angel in 2017.","Landed 6f Ascot Group 3 on return, with two of today's rivals behind; should go well again",Clive Cox,"{'runs': 23, 'wins': 5, 'percent': 22}",52,112,[],,[]
2026-05-23,GB,Haydock,Good To Soft,14:58,6f,William Hill Sandy Lane Stakes (Group 2),Brussels,8,1,3,128,6-2224,Sean Levey,Mrs John Magnier/Michael Tabor/Derrick Smith/Westerberg,1,123,colt,Wootton Bassett,Fond Words,"Runner-up twice in Group 1 company as a juvenile, including in the Middle Park at Newmarket with Coppull narrowly behind in third; however, he made an underwhelming start to his 3yo career when only sixth to Coppull (Division third) in 6f Ascot Group 3 on reappearance 22 days ago; possible he simply needed the run but arrives with a point to prove.",Second in Middle Park last year but over 4l behind Coppull and Division on Ascot return,A P OBrien,"{'runs': 46, 'wins': 7, 'percent': 15}",74,106,"[{'horse': 'Brussels', 'horse_id': 7588034, 'quote': ""He was consistent last season and finished second in the Middle Park and the Breeders' Cup Juvenile Turf Sprint. He'll be on the three-year-old sprint programme on the way to the Commonwealth Cup. We were happy with him on Sunday morning, he just wants better ground. 31-03-26""}]",,[]
2026-05-23,GB,Haydock,Good To Soft,14:58,6f,William Hill Sandy Lane Stakes (Group 2),Rock On Thunder,8,5,3,128,-62291,Kevin Stott,Exors Of The Late Sheikh Mohammed Obaid,1,118,colt,Night Of Thunder,Boston Rocker,"Raced at 6f; smart 2yo, notably second in the Gimcrack at York; below par tackling going softer than good for the first when sixth in the Mill Reef at Newbury on final start, which is a bit of a concern should the ground here remain on the soft side; on a positive note, his yard has won this twice since 2019, including with Inisherin in these silks two years ago.",Gimrack second; yard no stranger to success in this but going softer than good a worry,Kevin Ryan,"{'runs': 39, 'wins': 5, 'percent': 13}",44,108,[],,[]
2026-05-23,GB,Haydock,Good To Soft,14:58,6f,William Hill Sandy Lane Stakes (Group 2),Five Ways,8,2,3,128,7-4114,Jason Watson,Dr J A E Hobby,1,111,colt,Kameko,Rosie Briar,"AW Group 3 winner last September and bettered that form when 2.75l fourth to Wise Approach (Brussels second, Coppull third) in Group 1 Middle Park at Newmarket (6f, good to firm) later that month; late headway for seventh of 14 in 5f Group 3 back at Newmarket on reappearance; likely to benefit from the return to 6f but whether he's quite good enough remains to be seen.",Won Group 3 and 4th in Group 1 as 2yo; late headway on 5f reappearance; return to 6f helps,Andrew Balding,"{'runs': 63, 'wins': 9, 'percent': 14}",63,96,[],,[]
2026-05-23,GB,Haydock,Good To Soft,14:58,6f,William Hill Sandy Lane Stakes (Group 2),Spicy Marg,8,7,3,125,8-1401,Oisin Murphy,Elb Bloodstock Ltd,1,118,filly,Starspangledbanner,Main Desire,"Proved a useful sprinter last season, notably winning over 5f at Glorious Goodwood in the summer and over 6f at Newmarket (good-ground Listed contest) final outing; finished in front of Venetian Sun when creditable eighth in the 1,000 Guineas on her reappearance; while she shouldn't be inconvenienced by the drop back to 6f it remains to be seen whether she can confirm that superiority over Karl Burke's filly at the shorter distance.","Finished in front of Venetian Sun in 1,000 Guineas but far from sure to back sprinting",Michael Bell,"{'runs': 19, 'wins': 1, 'percent': 5}",58,111,"[{'horse': 'Spicy Marg', 'horse_id': 7488306, 'quote': ""She's one of the top-rated two-year-old fillies in Britain. After she won at Newmarket in early May everything was working backwards from Royal Ascot and the Queen Mary. We ducked a couple of options at York and Carlisle with a view that we're saving our powder. We think she's very smart. With the ground, I wouldn't mind it fast but if it was very soft that would be an unknown. We really like her and she's my trainer's pick. 09-06-25""}]",,[]
2026-05-23,GB,Haydock,Good To Soft,14:58,6f,William Hill Sandy Lane Stakes (Group 2),Aqpan,8,8,3,128,861-22,Paul Mulrennan,Nurlan Bizakov,1,107,colt,Blue Point,Testimony,"AW maiden winner but limitations seemingly exposed at Group 3 and Listed level at Newbury since, including dropped to 6f last weekend.",Useful AW winner but limitations seemingly exposed at Group 3/Listed level last twice,Roger Varian,"{'runs': 24, 'wins': 6, 'percent': 25}",63,80,"[{'horse': 'Aqpan', 'horse_id': 8455182, 'quote': ""I think he was beaten by two very good horses in his two races last season. He wasn't tuned-up 100 per cent for his return at Southwell on Saturday and was only really getting into top gear late on, but I thought he was a good winner at the line. He holds an entry in the French 2,000 Guineas and we have to put his credentials on trial now, possibly in the Greenham. We don't know how good he is, but hopefully he's a colt we can be bold and ambitious with. He'll get a mile no problem and I think he's quite smart. 01-04-26""}]",,[]
2026-05-23,GB,Haydock,Good To Soft,15:30,5f,William Hill Temple Stakes (Group 2),Night Raider,13,6,5,132,1-0546,Clifford Lee,Wathnan Racing,1,128,gelding,Dark Angel,Dorraar,"Not beaten far in two 5f Group 1s last August/September (good to firm/yielding) and he finally got off the mark on turf when making all in the Group 3 Palace House Stakes at Newmarket (5f, good to firm) three weeks ago; that was his first run since being gelded and he could be tough to reel in.",Made all in Palace House on first run since being gelded and he could be tough to reel in,K R Burke,"{'runs': 45, 'wins': 8, 'percent': 18}",56,112,"[{'horse': 'Night Raider', 'horse_id': 5186089, 'quote': ""He's just come back to us after a little operation. He's a very quick horse who has been gelded, which will help him because he was edgy. He'll be entered in the five-furlong sprints, although I still think he can stay six. 31-03-26""}]",,"[{'date': '2024-07-09', 'type': 'Wind Surgery'}]"
2026-05-23,GB,Haydock,Good To Soft,15:30,5f,William Hill Temple Stakes (Group 2),Asfoora,13,5,7,134,0-1717,Oisin Murphy,Noor Elaine Farm Pty Ltd,1,124,mare,Flying Artie,Golden Child,"Carries a 5lb penalty today and she was down the field on her comeback at Newmarket three weeks ago; however, she may have needed that run and is entitled to respect having won two 5f Group 1s last season, namely the Nunthorpe at York (good to firm) and the Prix de l'Abbaye at Longchamp (very soft).",Two Group 1 wins last season and could leave her recent reappearance run well behind,Lemos De Souza,"{'runs': 8, 'wins': 2, 'percent': 25}",50,107,[],,[]
2026-05-23,GB,Haydock,Good To Soft,15:30,5f,William Hill Temple Stakes (Group 2),Shagraan,13,4,5,132,3-1214,Rossa Ryan,J & A Young (Racing) Limited,1,122,gelding,Sioux Nation,Annie Fior,"His form took a surge forward towards the end of last season with 5f Listed wins for Mick Appleby at Beverley (good to firm) and Ascot (soft); reappeared with 3l third of 14 to Night Raider on stable debut in the Group 3 Palace House at Newmarket (5f, good to firm) and he's open to improvement on this second start of the season; one to consider.",Two Listed wins last August/October and could build on this month's Palace House third,Clive Cox,"{'runs': 23, 'wins': 5, 'percent': 22}",52,113,"[{'horse': 'Shagraan', 'horse_id': 5079227, 'quote': ""He's a strong and competitive colt by a great sire in Sioux Nation. He made a pleasing second start when an impressive winner at Windsor over 6f, where he travelled strongly throughout. We upped him in class to Listed level last month for the Rose Bowl at Newbury where he stepped up with his performance in finishing a good second. On his homework I think 6f is his strip but he is sharp and ideally he would probably be at his best over 5½f, which leads me to think of the Flying Childers, which we won with Caturra in 2021, who had previously won the Rose Bowl on his way to that Group 2 success. This fellow is definitely going the right way and he runs in the Group 3 Molecomb Stakes at Glorious Goodwood on Wednesday. 02-08-23""}]",,[]
2026-05-23,GB,Haydock,Good To Soft,15:30,5f,William Hill Temple Stakes (Group 2),Mgheera,13,11,6,129,6-5682,Kieran Shoemark,Lord Lloyd Webber And Arthur Mitchell,1,126,mare,Zoustar,Blue Aegean,"Made it 2-2 for the yard (good/good to soft) when winning this last year and some good runs in defeat subsequently, including in Group 1s; could improve for her recent reappearance sixth at Longchamp; might be thereabouts.",Won this last year and some good runs in defeat subsequently; might be thereabouts,Ed Walker,"{'runs': 36, 'wins': 4, 'percent': 11}",46,111,"[{'horse': 'Mgheera', 'horse_id': 4735708, 'quote': ""She's in great nick and has done everything right since joining us from France for this season, winning at Longchamp and then in the Temple Stakes. I'm really excited to see her step up in grade. She'll have to improve again but you wouldn't rule it out. 10-06-25""}, {'horse': 'Mgheera', 'horse_id': 4735708, 'quote': ""She stays in training and we have three shots with her before she retires to Australia. She'll follow the same campaign as last year in the Prix de Saint-Georges and Temple Stakes - both of which she won in 2025 - before the King Charles III at Royal Ascot. She seems as good as ever, if not better, and I'm sure we can make those races count. 22-04-26""}]",,[]
2026-05-23,GB,Haydock,Good To Soft,15:30,5f,William Hill Temple Stakes (Group 2),Jakajaro,13,7,5,132,11-755,Edward Greatrex,Mrs Fitri Hay,1,117,gelding,Too Darn Hot,Summer Flower,"He's got back on track in a major way in 5f handicaps this spring, winning at Newmarket then impressively making all in a big field at York last week (both on good ground; effective on soft early in career); back up in grade this afternoon but this thriving 5yo could be capable of another bold bid.",Impressively made all in big-field handicap at York last week; could make another bold bid,Robert Cowell,"{'runs': 13, 'wins': 2, 'percent': 15}",38,105,"[{'horse': 'Jakajaro', 'horse_id': 5043820, 'quote': ""His win at York last week was really good. He won decisively and certainly merits going up in class now, as he did that very well. He's entered in the King Charles III but will probably go next to the Temple Stakes on Saturday as long as the ground is good or softer. We'll see about Royal Ascot after that. He's moving in the right direction, which is really positive. The race he won at York was won last year by American Affair, who went on to win the King Charles III. There will be options but I think he is slightly more ground-dependent, in that it's got to be good or slower for him. It's 11 years since we won the King Charles III (or the King's Stand as it was then), and it would be great to win it again if we could. 20-05-26""}]",,[]
2026-05-23,GB,Haydock,Good To Soft,15:30,5f,William Hill Temple Stakes (Group 2),Getreadytorumble,13,1,4,132,3-3122,Callum Rodriguez,Norman Court Stud,1,114,gelding,Rumble Inthejungle,El Che,"4yo who made his debut last May and progressed very nicely, his campaign culminating in Listed third at Ascot (5f, soft) in October; returned with Listed third at Naas (5f, good) where he might have won with a clear run; others have better form but he's unexposed and could have more to offer.",Others have better form but he was unlucky when Listed third at Naas on reappearance,Jack Channon,"{'runs': 22, 'wins': 1, 'percent': 5}",50,98,[],,[]
2026-05-23,GB,Haydock,Good To Soft,15:30,5f,William Hill Temple Stakes (Group 2),Jm Jungle,13,9,6,132,4-0613,Jason Hart,MPS Racing Ltd & The Ayrshire Tradesmen,1,125,gelding,Bungle Inthejungle,The Shrew,"6yo who rose through the ranks last season and won the Group 2 King George Stakes at Goodwood (5f, good to soft) in August; reappeared with respectable fourth of 14 to Night Raider in the Palace House at Newmarket (5f, good to firm) three weeks ago and he could show the benefit of that outing today.",Group 2 winner last August and he could improve for his comeback fourth at Newmarket,John & Sean Quinn,"{'runs': 13, 'wins': 2, 'percent': 15}",38,106,"[{'horse': 'Jm Jungle', 'horse_id': 4274011, 'quote': ""He's another who did well in Bahrain and he arrived back in such good form that we decided to keep going for now, so he'll either head for the Scottish Sprint Cup at Musselburgh or a valuable race at Bath a week later. He gave Jason [Hart] a good feel on his last run in Bahrain and he could still be improving. He's an out-and-out 5f horse. 20-03-24""}]",,[]
2026-05-23,GB,Haydock,Good To Soft,15:30,5f,William Hill Temple Stakes (Group 2),American Affair,13,10,6,132,0-1511,Paul Mulrennan,Barraston Racing & J S Goldie,1,127,gelding,Washington DC,Classy Anne,"Highly progressive in 2025, winning the Group 1 King Charles III Stakes at Royal Ascot (5f, good to firm); also won on good to soft last year; it was his first run since when down the field at York recently and he may have needed it, but a dramatic transformation is required just ten days on.",5f Group 1 winner at Royal Ascot last June; well beaten ten days ago on sole outing since,Jim Goldie,"{'runs': 42, 'wins': 7, 'percent': 17}",50,106,"[{'horse': 'American Affair', 'horse_id': 5029048, 'quote': ""He's very talented. We hoped he would bounce back the way he did at Musselburgh and he'll improve for it. We're excited. He'll probably go to York for a 5f handicap next but I've put him in the Temple Stakes and the King Charles at Royal Ascot. We'll probably stick to 5f at the moment. I think he's up to that class over five and he's a simpler ride over that trip. He appears very fast and seems to be comfortable at that pace. 07-05-25""}]",,[]
2026-05-23,GB,Haydock,Good To Soft,15:30,5f,William Hill Temple Stakes (Group 2),Frost At Dawn,13,8,5,129,0-0342,Sean Levey,Abdulla Al Mansoori,1,126,mare,Frosted,Hawana,"Made all in Listed race here (6f, good to firm) last May and placed in two 5f Group 1s subsequently; in the mix on best form and she's a lot better than she showed at Newmarket on her return, but has to leave that heavy defeat well behind; cheekpieces go on; slight doubt about slow ground.",Placed in two Group 1s last season but has to leave heavy reappearance defeat well behind,William Knight,"{'runs': 14, 'wins': 2, 'percent': 14}",57,106,[],,[]
2026-05-23,GB,Haydock,Good To Soft,15:30,5f,William Hill Temple Stakes (Group 2),Beautiful Diamond,13,12,5,129,93-218,Kevin Stott,Sheikh Rashid Dalmook Al Maktoum,1,121,mare,Twilight Son,Babylon Lane,"Three Listed wins, latest at Ayr (5.5f, soft) last September; returned with Listed third at Bath (5f, good) but well beaten in Longchamp Group 3 (5f, soft) since; fifth in this race in 2024; may again be vulnerable.",Three-time Listed winner but below par in France last time; may be vulnerable,K R Burke,"{'runs': 45, 'wins': 8, 'percent': 18}",56,76,"[{'horse': 'Beautiful Diamond', 'horse_id': 5104283, 'quote': ""She's done really well physically from three to four and will head to the Palace House at the Guineas meeting to start her season. She was on the tails of some good sprinters last year and I think she's got a chance of being bang there in those Group races. She looks all speed and beyond Newmarket we can look at races like the Temple. 11-04-25""}]",,[]
2026-05-23,GB,Haydock,Good To Soft,15:30,5f,William Hill Temple Stakes (Group 2),Khaadem,13,13,10,135,9-0313,Jason Watson,Mrs Fitri Hay,1,119,gelding,Dark Angel,White Daffodil,"Won the 6f Group 1 at Royal Ascot in 2023 and 2024 and added 5.5f Grade 2 win at Keeneland last October; however, this 10yo wasn't at his best at Meydan in March on his sole run this year, and the drop back to 5f and the forecast slow ground are likely negatives.",Two-time Group 1 winner but this 10yo was below his best on sole run this year,Charles Hills,"{'runs': 12, 'wins': 3, 'percent': 25}",58,85,"[{'horse': 'Khaadem', 'horse_id': 2027498, 'quote': ""He needed his return at York and was drawn on the wrong side. He looks a picture of health and seems in just as good a form going there as he did last year when he won the same race. He enjoys being ridden a bit differently from time to time and came from the back last year but he's undoubtedly a fast horse, who has won a King George over five furlongs at Goodwood in the past. 13-06-24""}, {'horse': 'Khaadem', 'horse_id': 2027498, 'quote': ""He wintered in Dubai and I was delighted with his first run back here when third in the Listed Cathedral Stakes at Salisbury late last month. We rode him a little differently there as he was held up to come with a late run, which I think suited him. He has an entry in the Queen Elizabeth II Jubilee Stakes on Saturday, and I'm currently wanting to give it a go. Glorious Goodwood will again be on our radar as he has a real liking for the course having won the Stewards' Cup and King George. 21-06-23""}]",,[]
2026-05-23,GB,Haydock,Good To Soft,15:30,5f,William Hill Temple Stakes (Group 2),Argentine Tango,13,2,3,121,44-736,Duran Fentiman,Bearstone Stud Limited,1,115,filly,Mattmu,Showdanse,"2yo Listed winner at Newmarket last June and has run well when fourth in Group 3/Listed races on her two starts this spring, but she would be a shock winner today.","2yo Listed winner last June and in good heart this spring, but she would be a shock winner",Tim Easterby,"{'runs': 96, 'wins': 9, 'percent': 9}",39,97,[],,[]
2026-05-23,GB,Haydock,Good To Soft,15:30,5f,William Hill Temple Stakes (Group 2),First Instinct,13,3,4,129,9-0145,NON-RUNNER,Dunchurch Lodge Stud Company,1,123,filly,Bated Breath,Proportional,"Close third in the Group 2 Sandy Lane on this card 12 months ago (6f, good) and she won a Group 3 at Newbury (5f, good to soft) last September; drawn badly when down the field in the Abbaye at Longchamp last October and she may have needed her comeback run at Newmarket; she's not discounted.",Group 3 winner at Newbury last September and she may have needed comeback run at Newmarket,William Haggas,"{'runs': 52, 'wins': 12, 'percent': 23}",60,114,[],,[]
2026-05-23,GB,Haydock,Good To Soft,16:05,2m46y,William Hill Best Odds Guaranteed Handicap (GBBPlus Race),Pole Star,12,4,4,126,34-056,Jason Hart,Sheikh Hamdan bin Mohammed Al Maktoum,2,109,gelding,Teofilo,Lunar Maria,"Won two 1m6f handicaps last term, one in a valuable race here; back-to-form third with a first-time visor at Newmarket (1m6f) three weeks ago, so re-enters calculations despite earlier lesser efforts over 2m2f and 2m.",Back-to-form third with first visor at Newmarket (1m6f) three weeks ago; stamina unproven,Charlie Johnston,"{'runs': 44, 'wins': 6, 'percent': 14}",41,73,"[{'horse': 'Pole Star', 'horse_id': 6419946, 'quote': ""I thought he ran like he was a little bit rusty on his comeback. He's got entries in a one-mile-six-furlong handicap at the Guineas meeting and the Chester Cup, but William Buick suggested coming back in trip, so Newmarket is the most likely of his options. I'm sure he'll come on for Friday's run and it wouldn't surprise me to see him land a big one this season. 21-04-26""}]",,[]
2026-05-23,GB,Haydock,Good To Soft,16:05,2m46y,William Hill Best Odds Guaranteed Handicap (GBBPlus Race),Prydwen,12,3,8,141,51286-,Oisin Murphy,Blue Starr Racing & Keith Breen,2,109,gelding,Camelot,Honey Hunter,"What a fantastic horse he's been, hitting his peak in 2024 but coming down the weights in handicaps and already making his presence felt over 2m and 1m4f this season; his fifth in Germany 13 days ago was in a Group 2, so another good run; effective at this track and remains in serious calculations on good or good to soft, but unproven on soft.","Making his presence felt again; player on good or good to soft, but unproven on soft",George Scott,"{'runs': 15, 'wins': 5, 'percent': 33}",60,69,"[{'horse': 'Prydwen', 'horse_id': 2951940, 'quote': ""He ran a career best on his last start when narrowly second, which is quite a good effort considering he's a six-year-old. He's been pretty consistent considering how much he's run and he might go for a break now, have one run before Royal Ascot, and he'll go for the Copper Horse Handicap. He deserves a chance to run at a meeting like that and going back in trip there would suit him. 29-03-24""}]",,[]
2026-05-23,GB,Haydock,Good To Soft,16:05,2m46y,William Hill Best Odds Guaranteed Handicap (GBBPlus Race),Humble Spark,12,12,6,116,224455,Lauren Young,James Callow & J S Goldie,2,108,gelding,Acclamation,Maiden Approach,"Held up; 6yo who is 6-27 on AW surfaces but 1-14 on turf; minor honours back on turf for last four outings and he was second of six in this race last year, but a supporting role again seems likely.",1-14 on turf; second of six in this last year but a supporting role again seems likely,Jim Goldie,"{'runs': 42, 'wins': 7, 'percent': 17}",50,94,"[{'horse': 'Humble Spark', 'horse_id': 4076099, 'quote': ""What a year he's had. He was coming in the Stayers' Handicap on his last run but we were hoping to get into the 1m2f race as that's his trip, but you'd say he was a player at the 2m race. His ability to switch off is impressive, especially on the all-weather. We're hoping to get him into the Northumberland Plate, so we'll probably go back to Newcastle on Saturday. He'll probably have to go up to get into it, and if not we'll get in the Vase on the same day. He's another with stall issues but we're getting around them. He's not showing signs of diminishing. He's interesting, he's not straightforward but I don't think good horses are. We've had a lot of fun with him. He's got a good pedigree and he's getting there. 07-05-25""}]",,[]
2026-05-23,GB,Haydock,Good To Soft,16:05,2m46y,William Hill Best Odds Guaranteed Handicap (GBBPlus Race),Hermetic,12,7,4,118,4-4115,Edward Greatrex,John Nicholls Racing,2,108,gelding,Sea The Stars,Lunch Lady,"Dual soft-ground winner (1m4f/2m) in France last autumn, from just four races there; picked up for 105,000euros in November and put up a bold show when fourth of 17 at York (1m4f, good) ten days ago; stuck to his task at 20-1 that day and looks a strong candidate if that run has brought him on.",Two soft-ground wins (1m4f/2m) in France; bold show at York (1m4f) on recent British debut,Ian Williams,"{'runs': 30, 'wins': 3, 'percent': 10}",33,96,[],,[]
2026-05-23,GB,Haydock,Good To Soft,16:05,2m46y,William Hill Best Odds Guaranteed Handicap (GBBPlus Race),Blazeon Five,12,8,8,130,26-111,Rossa Ryan,Calne Engineering Ltd,2,107,mare,Indian Haven,Precision Five,"Ended last year in storming form for 1m6f/2m hat-trick and came a respectable second at Newbury (2m, good) five weeks ago after a three-month break; peak efforts on softer than good, so she needs a close look.","Respectable second last time; peak efforts on softer than good, so she needs a close look",Alan King,"{'runs': 20, 'wins': 1, 'percent': 5}",65,68,[],,[]
2026-05-23,GB,Haydock,Good To Soft,16:05,2m46y,William Hill Best Odds Guaranteed Handicap (GBBPlus Race),Venezuelan,12,10,4,119,-22143,Sam Hitchcott,P and Mrs G A Clarke,2,108,gelding,Churchill,Santa Teresa,"Small-field Lingfield maiden last August was his only win but he was on the premises in nearly all his handicaps; tried various headgear on last five starts and switches it again on this first run since leaving Ralph Beckett for 90,000gns in October; unraced beyond 1m4f or on softer than good, but staying trips are worth exploring and he has a competitive mark.","Left R Beckett 90,000gns October; just a maiden win but staying trips are worth exploring",Gary Hanmer,"{'runs': 7, 'wins': 0, 'percent': 0}",,106,"[{'horse': 'Venezuelan', 'horse_id': 6555382, 'quote': ""Quite a highly rated horse off the Flat from Ralph Beckett, he was bought as a dual-purpose by Alan O'Keeffe for owner Peter Clarke before he came here. He's schooled well and is a nice horse for jumping - I'm very fortunate to have acquired him. He'll probably start off on the Flat, probably at Chester, and then we'll introduce him to a little maiden hurdle somewhere. 08-04-26""}]",,[]
2026-05-23,GB,Haydock,Good To Soft,16:05,2m46y,William Hill Best Odds Guaranteed Handicap (GBBPlus Race),Almuhit,12,11,7,123,6-9321,Sean Levey,The Cheeky Pups,2,109,gelding,Sea The Stars,Ezima,"Rediscovered the knack for new stable last year, including two front-running wins over 2m in four-runner Flat races and two places when the action got more competitive; returned to some hurdles form on last two outings in that sphere; a lesser show on Musselburgh Flat in between was over 1m6f but this race may also prove too tough.",Stepping back up from 1m6f should suit but this race may also prove too tough,Faye Bramley,"{'runs': 11, 'wins': 0, 'percent': 0}",27,105,[],,"[{'date': '2025-01-03', 'type': 'Wind Surgery'}]"
2026-05-23,GB,Haydock,Good To Soft,16:05,2m46y,William Hill Best Odds Guaranteed Handicap (GBBPlus Race),Premiere Ligne,12,2,7,120,/02222,Tyler Heard,Caveat Emptor Partnership,2,,gelding,Lope De Vega,Realism,"Finally off the mark in Britain in May 2024 and runner-up on next four starts, including when coming from well back over 2m4f at Glorious Goodwood; however, he flopped when just 9-1 for the Cesarewitch (soft) that October and not seen since; that was his only run in Britain on softer than good; well handicapped were he to return at his best after 588 days off; market may guide.",Well handicapped were he to return at his best after 588 days off; market may guide,Hughie Morrison,"{'runs': 7, 'wins': 1, 'percent': 14}",29,,"[{'horse': 'Premiere Ligne', 'horse_id': 4277808, 'quote': 'He won for us at Lingfield last May and then ran up four consecutive seconds in staying handicaps, including in the Goodwood Handicap over 2m4f, and when only just beaten in the Cesarewitch Trial. He was well beaten in the Cesarewitch on his final start of the season and is out at the moment, but will be back later this year. 29-05-25'}]",,"[{'date': '2023-10-17', 'type': 'Wind Surgery'}]"
2026-05-23,GB,Haydock,Good To Soft,16:05,2m46y,William Hill Best Odds Guaranteed Handicap (GBBPlus Race),Tashkhan,12,1,8,136,-07066,Callum Rodriguez,P Boyle,2,104,gelding,Born To Sea,Tarziyna,"2-2 here on the Flat, albeit in 2021; very smart on Flat at his best but he's not scored in this sphere since 2023 and had a disappointing 2025; had a mixed hurdles campaign last season, last seen 11 weeks ago; all wins have been on soft or heavy ground.",Had a disappointing 2025 and a mixed hurdles campaign; all wins have been on soft or heavy,Brian Ellison,"{'runs': 22, 'wins': 1, 'percent': 5}",55,91,"[{'horse': 'Tashkhan', 'horse_id': 3292652, 'quote': ""He's in great form and we're just hoping for a bit of rain. He's run two good races this year, considering the ground hasn't been right for him. He loved the softer ground when he was second to Trueshan there last season and two and a half miles is tailor-made for him; all he does is stay. 08-06-22""}, {'horse': 'Tashkhan', 'horse_id': 3292652, 'quote': ""He's in tremendous form and will probably start back next week in the Listed Further Flight Stakes at Nottingham, in which he finished third last year. He's been working great and looks a picture. He finished second in the Long Distance Cup at Ascot in 2021 and has suffered a bit since then. He had a few joint problems from running on fast ground, but they're all sorted now. He finished off last year in really good form, winning under a big weight at Chester and finishing third in the Cesarewitch, giving a stone to two very good horses [The Shunter and Pied Piper]. He was then third in the Group 1 Prix Royal-Oak but it just came too quick after the Cesarewitch. He's come back great. He'll have entries for the Chester Cup and the Ormonde and could go for the latter if the ground is on the softer side as there won't be many runners. We'll go ground hunting with him as he doesn't like fast ground - he has to have soft ground, he's a different horse altogether on it. He's likely to end up back in France at the end of the year. We'll pick out his races a bit more and the autumn is likely to be the best time for him. 03-04-24""}]",,[]
2026-05-23,GB,Haydock,Good To Soft,16:05,2m46y,William Hill Best Odds Guaranteed Handicap (GBBPlus Race),Yashin,12,6,7,137,0-6067,Ross Coakley,Mizons Bakers & Lewitts,2,104,gelding,Churchill,Mirdhak,"Started 2025 with a bang when winning a slowly run, four-runner Group 3 at Ascot (2m, good to firm) in April; remote with ambitious targets on next three starts, followed by an upturn (sixth of 11) in 2m handicap at Chester in September but well beaten on Newmarket reappearance (1m6f) three weeks ago; hood and blinkers (he has tried other headgear) are now given a go.",Has not lived up to April 2025 win; hood/blinkers (other headgear has been tried) go on,Michael Bell,"{'runs': 19, 'wins': 1, 'percent': 5}",58,79,"[{'horse': 'Yashin', 'horse_id': 3772664, 'quote': ""He won the Saval Beg at Leopardstown last season and ran very well when seventh in the Ebor. The Ebor will probably be his main aim again but we won't run him unless the ground is quick. 24-04-24""}, {'horse': 'Yashin', 'horse_id': 3772664, 'quote': ""He'll be going for the Ascot Gold Cup. He might not appear in the Racing Post entries yet as it's a bit of an anomaly - he was entered by Ascot racecourse as a free entry after he won the Sagaro Stakes and for some reason there was a bit of a glitch being transferred over. It's a lovely race to be involved in. We gave him a minor wind op and, while we haven't done anything different with him, I just think he's matured and grown. He had a small back issue last year but that hasn't bothered him and he seems to be moving really well. He fully deserves to line up in the Gold Cup. Obviously a few like Kyprios have fallen by the wayside but I think Aidan O'Brien still holds the aces with Illinois, who'll be a very tough nut to crack. But if ours is there turning for home we'll give him a good shout. 09-06-25""}]",,"[{'date': '2025-03-06', 'type': 'Wind Surgery'}, {'date': '2024-07-01', 'type': 'Wind Surgery'}]"
2026-05-23,GB,Haydock,Good To Soft,16:05,2m46y,William Hill Best Odds Guaranteed Handicap (GBBPlus Race),Ouro Preto,12,5,5,117,7-0166,Aiden Brookes,Miss V E Renwick,2,108,gelding,Wootton Bassett,Harem Mistress,"3-15 when trained in France, the latest win in a claimer at Longchamp (1m4f, very soft) last September; well handicapped judged on peak French efforts but he was a well-beaten last of seven on British debut at Hamilton (1m3f, good; 14-1) eight days ago.","Ex-French; well-beaten last of seven at Hamilton (1m3f, good; 14-1) eight days ago",Iain Jardine,"{'runs': 35, 'wins': 1, 'percent': 3}",26,84,[],,[]
2026-05-23,GB,Haydock,Good To Soft,16:05,2m46y,William Hill Best Odds Guaranteed Handicap (GBBPlus Race),Zinc White,12,9,8,121,-035/0,NON-RUNNER,S Beetham,2,109,gelding,Vadamos,Chinese White,"All three wins have been on soft going, the most recent in impressive style in the Chester Plate (2m2f, soft) in May 2023 off 1lb higher than today; absent 678 days before an encouraging run last June, followed by two backward steps and he was tailed off on his favoured soft ground in August last time; has left Ian Williams and comes with clear risks.",Tailed off on his favoured soft ground in August last time; left Ian Williams; clear risks,Gary Hanmer,"{'runs': 7, 'wins': 0, 'percent': 0}",,102,"[{'horse': 'Zinc White', 'horse_id': 3197364, 'quote': ""A nice horse in his younger days, he has found his way here. He won on the Flat for his previous trainer Ian Williams in the Chester Cup consolation race three years ago. We've been very pleased with him and he's another one for Chester. He should be well handicapped now. 08-04-26""}]",,[]
2026-05-23,GB,Haydock,Good To Soft,16:40,5f,William Hill Price Boosts Every Day Handicap,Noble Vow,9,1,3,130,135-23,Sean Levey,Mrs Fitri Hay,4,90,colt,No Nay Never,Go Angellica,"Can be headstrong but comfortably got off the mark at the seventh attempt in a recent maiden at Bath (5.7f, firm); ran well on good to soft last year (unraced on softer); could be on a handy mark if things have now clicked.",Comfortably won recent Bath maiden; could be on a handy mark if things have now clicked,Richard Hannon,"{'runs': 53, 'wins': 8, 'percent': 15}",64,66,[],,[]
2026-05-23,GB,Haydock,Good To Soft,16:40,5f,William Hill Price Boosts Every Day Handicap,Bintaryana,9,3,3,130,21-5,Oisin Murphy,Salhia Stud Limited,4,90,filly,Showcasing,Harryana To,"Improved upon sole 2yo run to win at Nottingham (6f, good) last month, and runner-up in Southwell novice (6f, AW) since; she could do with settling better but this well-bred filly might appreciate the drop to 5f on handicap debut, and may well have a part to play.",Well-bred filly who might appreciate drop to 5f on handicap debut; could have part to play,William Knight,"{'runs': 14, 'wins': 2, 'percent': 14}",57,78,[],,[]
2026-05-23,GB,Haydock,Good To Soft,16:40,5f,William Hill Price Boosts Every Day Handicap,Burdett Estate,9,5,3,135,3-13,Jason Watson,Harry Redknapp,4,83,colt,Bungle Inthejungle,Pop Art,All three starts over 5f on AW; won at Wolverhampton in December on second outing and not beaten far when third of three in novice there in March; open to further improvement and not ruled out on turf/handicap debut.,5f AW novice winner; open to further improvement and not ruled out on turf/handicap debut,Brian Toomey,"{'runs': 3, 'wins': 1, 'percent': 33}",67,,[],,[]
2026-05-23,GB,Haydock,Good To Soft,16:40,5f,William Hill Price Boosts Every Day Handicap,Hanney Girl,9,7,3,133,57-652,Duran Fentiman,Thames Ceilings Ltd,4,85,filly,Cable Bay,Holloa,"Two wins from her 11 starts, both last summer; took a step back in the right direction with 2l fifth of 17 at York (5f, good) last Friday and she's back down in grade today; also effective on soft ground; one to consider.",Step back in right direction when fifth of 17 in a higher grade at York last Friday,Tim Easterby,"{'runs': 96, 'wins': 9, 'percent': 9}",39,79,[],,[]
2026-05-23,GB,Haydock,Good To Soft,16:40,5f,William Hill Price Boosts Every Day Handicap,Sands Of Josepi,9,6,3,132,-4174,Harry Russell,Joseph Bell & Partner,4,84,gelding,Sands Of Mali,Fauneta,"Made all at Southwell (5f, AW) last November on third start then disappointing on nursery debut at Newcastle (5f, AW); however, he could settle better in a first-time hood on this reappearance and is not ruled out.",Disappointing in sole nursery but could settle better in first-time hood on reappearance,Brian Ellison,"{'runs': 22, 'wins': 1, 'percent': 5}",55,28,[],,[]
2026-05-23,GB,Haydock,Good To Soft,16:40,5f,William Hill Price Boosts Every Day Handicap,Under The Radar,9,8,3,127,-82985,Clifford Lee,Fine Claret Racing & Ptnr,4,82,gelding,Profitable,Rio Festival,"Won at Thirsk (5f, good) last May on his second start but failed to progress subsequently; he needs to raise his game on this reappearance and first outing since being gelded.","Won at Thirsk (5f, good) last May on his second start but failed to progress subsequently",Tim Easterby,"{'runs': 96, 'wins': 9, 'percent': 9}",39,71,[],,[]
2026-05-23,GB,Haydock,Good To Soft,16:40,5f,William Hill Price Boosts Every Day Handicap,Justmyluck,9,2,3,130,051-32,Paul Mulrennan,David Orr,4,85,gelding,Harry Angel,Balayage,"Made all on handicap debut at Newcastle (5f, AW) in January but two lesser runs have followed (5f/6f, AW) and a return to form is needed.","Made all on h'cap debut at Newcastle (5f, AW) in January but two lesser runs have followed",Linda Perratt,"{'runs': 7, 'wins': 0, 'percent': 0}",14,61,[],,[]
2026-05-23,GB,Haydock,Good To Soft,16:40,5f,William Hill Price Boosts Every Day Handicap,Yellow Diamonds,9,4,3,128,0-1234,Ryan Sexton,Verity Pritchard & Simpson,4,86,filly,Invincible Spirit,Flaming Princess,"Built upon previous promise to win four-runner novice at Musselburgh (5f, soft) last October for Kevin Philippart De Foy; well beaten on recent stable/seasonal debut at Beverley but unseated rider on the way to post, had a bad draw and failed to settle; she's not written off.",Won on final 2yo start and not much went right on reappearance; she's not written off,Julie Camacho,"{'runs': 14, 'wins': 0, 'percent': 0}",21,66,[],,[]
2026-05-23,GB,Haydock,Good To Soft,16:40,5f,William Hill Price Boosts Every Day Handicap,Akirra,9,9,3,135,-41251,NON-RUNNER,I Madueke,4,86,gelding,Kodiac,Wish For Me,"5f AW winner last November having shown promise on turf previously (unproven on slow ground); underwhelming back in a handicap at Wolverhampton (5f, AW) in December but gelded since and has a competitive mark if back on song.",Underwhelming in December but gelded since and has a competitive mark if back on song,Clive Cox,"{'runs': 23, 'wins': 5, 'percent': 22}",52,55,[],,[]
2026-05-23,GB,Haydock,Good To Soft,17:15,1m37y,William Hill Each Way Extra Handicap,Eternal Force,15,13,4,136,7-1112,Cieren Fallon,Sheikh Juma Dalmook Al Maktoum,3,109,gelding,Dubawi,Ghaziyah,"Made it 3-3 since being gelded when winning by 3l over C&D (good to soft) last October; reappeared with respectable seventh of 21 in the Lincoln at Doncaster (1m, good to soft) and this lightly raced 4yo could build on that latest effort today; firmly in calculations.",Completed hat-trick over C&D last October and could build on reappearance 7f in Lincoln,William Haggas,"{'runs': 52, 'wins': 12, 'percent': 23}",60,87,[],,[]
2026-05-23,GB,Haydock,Good To Soft,17:15,1m37y,William Hill Each Way Extra Handicap,Stem,15,12,4,129,9-2203,Jason Watson,Mrs Johnny de la Hey,3,111,gelding,Calyx,Princess Cleopatra,"Second on handicap debut at Ascot last September (1m2f, soft; no match for handicap blot) before close second of 15 at Newbury (1m, good to soft) a fortnight later, behind Eternal Force who was on the middle leg of a hat-trick; not beaten far when ninth of 24 in the Spring Cup at Newbury (1m, good) on his reappearance and this unexposed 4yo could take a step forward today.",Appealing handicap form last September and could take step forward from April reappearance,Richard Hannon,"{'runs': 53, 'wins': 8, 'percent': 15}",64,95,"[{'horse': 'Stem', 'horse_id': 6473555, 'quote': ""He's one of the most gorgeous horses you'll see; he's massive. I thought he'd get a mile and a half, but it appears he doesn't. He's the type who'll keep improving at four and I was pleased with him in the Spring Cup, although he got caught a bit flat-footed over the mile with the ground as quick as it was. On soft ground he has a real turn of foot, and he'll come on for the run. 21-04-26""}]",,[]
2026-05-23,GB,Haydock,Good To Soft,17:15,1m37y,William Hill Each Way Extra Handicap,Hot Cash,15,7,4,125,20-456,Callum Rodriguez,Six Or Sticks (Tdh),3,109,gelding,Too Darn Hot,Spirit Of Appin,"Left his reappearance run well behind when beaten just a head at Thirsk (1m, good) last Saturday; back up 2lb, he has the same mark as when winning at Carlisle (1m, soft) last June; respected.",Soft-ground winner last June and returned to form with a near-miss at Thirsk last Saturday,Jack Channon,"{'runs': 22, 'wins': 1, 'percent': 5}",50,64,"[{'horse': 'Hot Cash', 'horse_id': 6111530, 'quote': ""I'm delighted with him and we've taken a very speculative punt and stuck him in the Derby. He had only two runs last year, \xadwinning his maiden at Epsom and then finishing fourth in a Group 3 at Deauville in August. He went for another novice at \xadWolverhampton last week because he wasn't qualified for a handicap mark and was third. We might look at a Derby trial for him. If he cuts it at that level then brilliant, but if not we'll take stock and \xadrebuild him, but we're very \xadexcited about him and he's been training really well. 02-04-25""}]",,[]
2026-05-23,GB,Haydock,Good To Soft,17:15,1m37y,William Hill Each Way Extra Handicap,God Of War,15,9,4,131,5044-0,Rossa Ryan,Moulton Racing,3,105,gelding,Mohaather,Lady Freyja,"Won off 2lb higher at Sandown (7f, soft) last August and he took a step back in the right direction with close fifth of 13 at Chester (7.5f, good) this month; however, he needs to build on that latest effort today.",Step back in right direction when fifth at Chester but needs to build on that effort today,Tom Clover,"{'runs': 18, 'wins': 2, 'percent': 11}",50,95,"[{'horse': 'God Of War', 'horse_id': 5845559, 'quote': ""He ran a cracker at Chester last week, just getting touched off by El Burhan, and seemed to handle the track well. He's been doing a lot of his training with Harvard Sound as they're similar types. He's in good form. 14-05-25""}]",,[]
2026-05-23,GB,Haydock,Good To Soft,17:15,1m37y,William Hill Each Way Extra Handicap,Maeva,15,11,4,130,5-6114,Oisin Murphy,Mervyn Ayers,3,103,filly,Territories,Tessie,"2-2 in handicaps last year (1m, AW/soft) before creditable Listed sixth in France (1m, heavy); not at the top of her game in Wolverhampton handicap (8.6f, AW) on reappearance but could improve for that run; not discounted.",Progressive towards the end of last season and could improve for last month's comeback run,Charlie Fellowes,"{'runs': 18, 'wins': 1, 'percent': 6}",50,80,[],,[]
2026-05-23,GB,Haydock,Good To Soft,17:15,1m37y,William Hill Each Way Extra Handicap,Rhoscolyn,15,4,8,133,05-406,Kevin Stott,The Horse Watchers,3,109,gelding,Territories,Zeyran,"Down the field in the Thirsk Hunt Cup (1m, good to firm) three weeks ago but promising reappearance there (7f, good) previously; won the Golden Mile at Goodwood (1m, soft) last August when 3lb higher and slow ground would very much aid his cause.",Down to an attractive mark and slow ground would very much aid his cause,David OMeara,"{'runs': 49, 'wins': 1, 'percent': 2}",29,88,"[{'horse': 'Rhoscolyn', 'horse_id': 3123871, 'quote': ""He bounced back last year, having paid the price for a good first year with us. Soft ground and seven furlongs brings out the best in him, particularly at Goodwood. He won three races from August onwards, so again he'll be starting this year with his mark right up there. He'll start back in a conditions race at Thirsk on Saturday. 19-04-24""}, {'horse': 'Rhoscolyn', 'horse_id': 3123871, 'quote': ""He's been a flagbearer for us over the last three years. We bought him for a cutdown 23,000gns during Covid and he's been a revelation. He's won big races at Epsom twice, has a great record at Goodwood and has been placed at Royal Ascot. He's a top-end handicapper. Nowadays, soft ground is imperative to him having a good chance. He hasn't been running so well on ground that's been too quick for him, but he's shown time and again he can come back and win another race. He goes to Goodwood on Wednesday, provided the ground is on the soft side. He won the race last year and he's still got all his ability. 26-09-24""}]",,"[{'date': '2024-03-14', 'type': 'Wind Surgery'}, {'date': '2022-11-23', 'type': 'Wind Surgery'}, {'date': '2021-02-22', 'type': 'Wind Surgery'}]"
2026-05-23,GB,Haydock,Good To Soft,17:15,1m37y,William Hill Each Way Extra Handicap,Miami Matrix,15,3,4,125,4-2001,Kieran Shoemark,The Matrix Partnership,3,105,gelding,Invincible Spirit,Duchess Of Danzig,"Two wins at Chester last summer for Hugo Palmer (7.5f, soft/good) and ran well when fourth of 13 there (7f, good) on his recent stable and seasonal debut; lightly raced but he's yet to run well on turf away from Chester.",Encouraging fourth at Chester on stable debut but yet to run well on turf away from there,Patrick Morris,"{'runs': 7, 'wins': 0, 'percent': 0}",29,93,[],,[]
2026-05-23,GB,Haydock,Good To Soft,17:15,1m37y,William Hill Each Way Extra Handicap,Ancient Rome,15,15,7,135,0-0003,Clifford Lee,Mrs Fitri Hay,3,104,gelding,War Front,Gagnoa,"Disappointing in the main last year but has dropped down the weights and he saw very little daylight when 17th of 24, beaten about 6l, in the Spring Cup at Newbury (1m, good) on his return; might not be a forlorn hope.",Winless since 2023 but on a reduced mark and his reappearance wasn't devoid of promise,Charles Hills,"{'runs': 12, 'wins': 3, 'percent': 25}",58,83,"[{'horse': 'Ancient Rome', 'horse_id': 3617911, 'quote': ""He had an injury at the backend of last season and has had some time off. He's a big horse who takes a bit of getting ready but he's undoubtedly talented. He's not a certain starter in the Wolferton but if he does take his chance, I think he's well up to that class. 13-06-24""}]",,"[{'date': '2024-09-16', 'type': 'Wind Surgery'}]"
2026-05-23,GB,Haydock,Good To Soft,17:15,1m37y,William Hill Each Way Extra Handicap,Mr Swivell,15,10,5,133,7-0281,Jason Hart,Stuart Wood,3,108,gelding,City Light,How High The Sky,"Runner-up off this mark at Ascot (1m, soft) last September in a competitive handicap; however, well beaten in the Cambridgeshire at Newmarket later that month (pulled hard) and there was no return to form on his reappearance at Lingfield a fortnight ago.",Second of 17 off this mark at Ascot last September but well beaten on both starts since,Kevin Philippart De Foy,"{'runs': 19, 'wins': 2, 'percent': 11}",53,97,[],,[]
2026-05-23,GB,Haydock,Good To Soft,17:15,1m37y,William Hill Each Way Extra Handicap,Bobby Bennu,15,1,5,133,-05528,Robbie Downey,Middleham Park Racing XLIII,3,109,gelding,Phoenix Of Spain,Clenaghcastle Lady,"Inconsistent during light campaign last season but he's 3lb lower than when a close second here (7f, good) last July, and he hinted when fifth of 20 at Ascot (7f, good to soft) in September that 1m might be a good fit; handicapped to be in the mix if at the top of his game on this reappearance.",Well handicapped on his close second here last July; could be in the mix on reappearance,Roger Varian,"{'runs': 24, 'wins': 6, 'percent': 25}",63,88,"[{'horse': 'Bobby Bennu', 'horse_id': 5982382, 'quote': ""He's solid and consistent and there's a lovely seven-furlong Class 2 programme through the summer for him. He might stretch out to a mile around a bend but he'll start off over seven. The Victoria Cup might come a bit too soon but there are plenty of races for him and, while he's already rated 97, he's still relatively lightly raced. 11-04-25""}]",,[]
2026-05-23,GB,Haydock,Good To Soft,17:15,1m37y,William Hill Each Way Extra Handicap,Itsneverjustone,15,2,4,120,44-580,Laura Pearson,Ian OConnor & The Fox And Hounds,3,104,gelding,Massaat,Nigella,"Two wins last summer (7.3f/7f, soft/yielding) and he's run well in fourth on his two starts this spring (7f, good to soft/good); there's a slight question mark regarding today's return to 1m but he's an each-way contender if seeing out the trip.",Running well over 7f this spring and each-way claims if seeing out the trip,David Loughnane,"{'runs': 18, 'wins': 0, 'percent': 0}",28,66,"[{'horse': 'Itsneverjustone', 'horse_id': 5982407, 'quote': ""He's a half-brother to Aberama Gold and El Hombre, who have won 20-odd races between them. He looks a pretty smart colt who I think will progress through the ranks each season. 30-05-24""}]",,[]
2026-05-23,GB,Haydock,Good To Soft,17:15,1m37y,William Hill Each Way Extra Handicap,Tilted Kilt,15,5,4,127,71-820,Sean Levey,Rathmoy Racing,3,106,gelding,Persian King,Loire,"Inconsistent and only seventh of 11 at Ascot three weeks ago; however, prior to that he made a winning reappearance at Southwell (1m, AW) and he twice went close over this C&D last season; could bounce back.",Only seventh of 11 at Ascot latest but won on AW previously and he's effective over C&D,William Knight,"{'runs': 14, 'wins': 2, 'percent': 14}",57,74,[],,[]
2026-05-23,GB,Haydock,Good To Soft,17:15,1m37y,William Hill Each Way Extra Handicap,Padua,15,14,4,121,-4145/,Edward Greatrex,P C J Dalby & R D Schuster,3,105,gelding,Magna Grecia,Heart Power,"Won here (7f, good) last July on second handicap start and 3l fourth of seven at Sandown (7f, good) in August; absent since but gelded in the interim and he could be the type to improve for it, having been headstrong in the past; brings potential to this 4yo campaign; unraced on slow ground.",Won here last July on second h'cap start and may have benefited from a gelding operation,Hughie Morrison,"{'runs': 7, 'wins': 1, 'percent': 14}",29,76,"[{'horse': 'Padua', 'horse_id': 6710705, 'quote': ""He nearly won first time out at Lingfield in November when sent off at 125-1, but then we ran him back a bit quickly afterwards. He ran a nice race on his seasonal return at Kempton in April behind Ernst Blofeld and we're now just waiting for the ground really. I've got rather too many three-year-olds rated in the high 70s who are still maidens - they've all been second and are very difficult to place in the current system. Ever since a novice system for three-year-olds came in it's been very difficult to place those who are in the 75-80 range. Normally you'd have won a maiden by then and been competitive in a handicap, but now they're novices you're taking on basically Group horses. If you come second or third that puts you up too high in the handicap and you're in the middle of nowhere. 29-05-25""}]",,[]
2026-05-23,GB,Haydock,Good To Soft,17:15,1m37y,William Hill Each Way Extra Handicap,Star Anthem,15,6,4,132,0-8039,Paul Mulrennan,The Stargazers,3,107,gelding,Starspangledbanner,Ihtifal,"Lightly raced 4yo whose reduced mark appeals on form as recent as last June, but he was disappointing on his final two starts last season and (following wind/gelding operations) it was the same story on his recent return.",Reduced mark appeals on form as recent as last June but he's failed to shine subsequently,Clive Cox,"{'runs': 23, 'wins': 5, 'percent': 22}",52,80,"[{'horse': 'Star Anthem', 'horse_id': 5708719, 'quote': ""He won at Bath last season and ran well when eighth in the Coventry Stakes, considering it was good to firm ground and he'd prefer it softer. He came back in the autumn and made the frame in a couple of Group races. He's strengthened up a lot since then and I'd hope he could be one to follow. 17-04-25""}]",,"[{'date': '2026-03-17', 'type': 'Wind Surgery'}]"
2026-05-23,GB,Haydock,Good To Soft,17:15,1m37y,William Hill Each Way Extra Handicap,Nizam,15,8,4,135,0-6512,Faleh Bughenaim,Macable Partnership,3,104,gelding,Pinatubo,Nausha,"Won at Deauville (1m, good to soft) last August and he may have needed the run on last month's stable/seasonal debut at Newbury (1m, good); however, he was soundly beaten at 80-1 and has to leave that performance well behind.",1m French winner last August but soundly beaten on last month's stable debut at Newbury,Ian Williams,"{'runs': 30, 'wins': 3, 'percent': 10}",33,87,[],,[]
2026-05-23,GB,Goodwood,Good,13:25,7f,Fitzdares Harroways Handicap,Startled,18,5,3,117,113-14,Saffie Osborne,In Vino Veritas,2,112,gelding,Bated Breath,Star Snap,"Overcame trouble to win a shade cosily under Saffie Osborne at York (7f, good) last week, taking his record in turf handicaps to 3-3 and record since upped to 7f to 2-2; may well show further progress and defy another rise in the weights; respected.","Won a shade cosily at York last week, taking record in turf handicaps to 3-3; respected",Richard Hughes,"{'runs': 25, 'wins': 5, 'percent': 20}",36,74,[],,[]
2026-05-23,GB,Goodwood,Good,13:25,7f,Fitzdares Harroways Handicap,Catullus,18,2,3,128,72-412,Tom Marquand,Godolphin,2,104,gelding,Invincible Spirit,Communicate,Unraced on ground softer than good; has consistent RPRs over 7f and looks reasonably solid in that respect; chance of showing progress depends on the effects of his physical tweaks (gelding/wind operations) since a disappointing effort over 6f at Meydan in February.,Chance of showing progress depends on the effects of two physical tweaks,Charlie Appleby,"{'runs': 16, 'wins': 5, 'percent': 31}",69,103,[],,"[{'date': '2026-03-19', 'type': 'Wind Surgery'}]"
2026-05-23,GB,Goodwood,Good,13:25,7f,Fitzdares Harroways Handicap,Ironwill,18,1,3,119,5-113,J F Egan,Ms Emma McIntosh,2,107,colt,Dark Angel,Dancin Inthestreet,"Unexposed colt whose sprinting form includes two wins last term and a respectable fifth at Newmarket (good) on reappearance; a possible danger with that outing under his belt, provided he stays this new trip.","Unexposed colt who looks a possible danger, provided he stays this new trip",Stuart Williams,"{'runs': 23, 'wins': 3, 'percent': 13}",57,100,[],,[]
2026-05-23,GB,Goodwood,Good,13:25,7f,Fitzdares Harroways Handicap,Wechaad,18,15,3,128,-31236,Ray Dawson,Sheikh Ahmed Al Maktoum,2,106,colt,Oasis Dream,Baarrij,"Ended his steadily progressive 2yo campaign by scoring readily at Doncaster (sole handicap attempt) then running well in the Horris Hill at Newbury, both over 7f (soft/good to soft); may well have more to offer this term and enters calculations on reappearance.",Steadily progressive last term; ran well in the Horris Hill; enters calculations,Roger Varian,"{'runs': 24, 'wins': 6, 'percent': 25}",63,92,"[{'horse': 'Wechaad', 'horse_id': 7570750, 'quote': ""He won well on his penultimate start at Doncaster, where he was able to get his toe in, before running well in the Horris Hill. I don't think he'll be ready to start back until May, when there are a few nice seven-furlong handicaps to consider, and that will point us to either something like the Jersey Stakes or perhaps the Britannia. He's a nice horse but needs to prove if he's very nice. 01-04-26""}, {'horse': 'Wechaad', 'horse_id': 7570750, 'quote': ""He won the nursery at Doncaster well. We've always liked him and it was a bit disappointing that it took four attempts to get him off the mark, but maybe he found the ground a bit too firm at Ascot and Newbury on his second and third starts. He seemed to enjoy getting his toe in last time. I think you'll see him being a pretty smart horse this autumn. He's down to run in the Group 3 Tattersalls Stakes at Newmarket on Thursday. He's also still in the Dewhurst because sometimes you just never know. He'll have to do something between now and then to prove himself for that top-class company, but maybe if we don't run him at Newmarket, he could be a Forest Hill Stakes horse in October. I think he's quite a smart individual and I was pleased to see him win the way he did at Doncaster. 24-09-25""}]",,[]
2026-05-23,GB,Goodwood,Good,13:25,7f,Fitzdares Harroways Handicap,Reciprocated,18,12,3,123,3-5661,Pierre-Louis Jamin,Exors Of The Late Sheikh Mohammed Obaid,2,109,gelding,Havana Grey,Radio Gaga,"Gelded prior to finishing 2l third at Pontefract (6f, good; wore cheekpieces) on reappearance, posting best effort since starting his career with two wins; ideally needs to settle better back up in distance but otherwise has possibilities off the same mark.",Ran encouragingly at Pontefract on reappearance and has possibilities,K R Burke,"{'runs': 45, 'wins': 8, 'percent': 18}",56,97,[],,[]
2026-05-23,GB,Goodwood,Good,13:25,7f,Fitzdares Harroways Handicap,Pathein,18,3,3,135,3-51,Pat Dobbs,K Balasuriya,2,110,colt,St Marks Basilica,Excellent View,"Thrice-raced colt who has useful 1m figures, most recently 2l third of four in conditions race at Goodwood (good); visual impression and pedigree both suggest this drop to 7f is worth exploring; still open to further progress and looks interesting despite conceding weight all round.",Still open to further progress; interesting despite conceding weight all round,Ed Dunlop,"{'runs': 16, 'wins': 5, 'percent': 31}",63,88,"[{'horse': 'Pathein', 'horse_id': 7499471, 'quote': ""He's one I like for later in the year. He's a good-bodied colt who has a nice pedigree on the dam's side and cost a few quid at the sales. He's from the first crop of St Mark's Basilica, who won four consecutive Group 1s in 2021 for Aidan O'Brien. 30-04-25\n""}]",,[]
2026-05-23,GB,Goodwood,Good,13:25,7f,Fitzdares Harroways Handicap,Shaman Champion,18,14,3,120,7-2825,David Probert,J & A Young (Racing) Limited,2,106,colt,Shaman,Angel Bright,"Record of 0-6 since debut success but he has a notable piece of course form, namely close second in nursery at last year's Glorious Goodwood; could go well returned to this venue with Newbury reappearance (stable debut) under his belt.",Form includes close second at last year's Glorious Goodwood; could go well,Clive Cox,"{'runs': 23, 'wins': 5, 'percent': 22}",52,102,"[{'horse': 'Shaman Champion', 'horse_id': 7520212, 'quote': ""He's nice and won really well on his debut at Leicester. He should run a good race in thew Windsor Castle. 10-06-25""}]",,[]
2026-05-23,GB,Goodwood,Good,13:25,7f,Fitzdares Harroways Handicap,Bone Marra,18,10,3,116,2-1330,Sean D Bowen,Pompey Ventures 3,2,108,gelding,Starman,Pyrenean Queen,"Ran well at Lingfield on seasonal debut, taking AW record to 112; however, far from certain to back up that effort, with his turf form much less convincing.",Ran well on reappearance but has something to prove back on turf,Ollie Sangster,"{'runs': 20, 'wins': 2, 'percent': 10}",35,80,[],,[]
2026-05-23,GB,Goodwood,Good,13:25,7f,Fitzdares Harroways Handicap,New Monarch,18,9,3,125,71-442,Rob Hornby,Teme Valley Racing,2,108,colt,Acclamation,Crown Light,"Eased once beaten upped to 1m on Good Friday when bidding for an AW double; consistent sort otherwise, including on turf last year, and may rebound; however, balance of form suggests he's no certainty to defy his mark on handicap debut.",May rebound but balance of form suggests his mark may be difficult,Andrew Balding,"{'runs': 63, 'wins': 9, 'percent': 14}",63,107,[],,[]
2026-05-23,GB,Goodwood,Good,13:25,7f,Fitzdares Harroways Handicap,Strength Of Spirit,18,13,3,118,831-12,Laura Coughlan,Hambleton Racing Ltd XXXV & E Burke,2,111,gelding,Ulysses,Tallow,Three-time winner at 7f-1m and steadily progressive until a below-par effort at Chester (7.5f) most recently; may bounce back but this is no easy task off current mark in such a competitive affair.,Steadily progressive until below par last time; others are preferable,K R Burke,"{'runs': 45, 'wins': 8, 'percent': 18}",56,107,[],,[]
2026-05-23,GB,Goodwood,Good,13:25,7f,Fitzdares Harroways Handicap,Cool Molly,18,6,3,114,311215,Shay Farmer,Nick Bradley Racing 15 & Partner,2,109,filly,Cotai Glory,Mollie The Moo,"Has made excellent progress on AW this year and transferred that ability to turf with creditable third at Chester (7.5f, good) last time; needs additional improvement to add to her tally, however.",Transferred her good AW progress to turf with a creditable effort at Chester,Ollie Sangster,"{'runs': 20, 'wins': 2, 'percent': 10}",35,96,[],,[]
2026-05-23,GB,Goodwood,Good,13:25,7f,Fitzdares Harroways Handicap,Hilitany,18,7,3,132,1944-7,Pat Cosgrave,Victorious Forever,2,109,gelding,Ubettabelieveit,Sand And Deliver,Absent and gelded since bagging Listed honours at Lingfield in February when upped to 7f and making AW debut; needs to prove he can transfer that improved form to handicap level and back to turf; otherwise unexposed over this distance and hard to dismiss.,Needs to prove he can transfer the form of AW Listed success back to turf,George Boughey,"{'runs': 21, 'wins': 3, 'percent': 14}",38,93,"[{'horse': 'Hilitany', 'horse_id': 7776077, 'quote': ""It didn't quite work out for him in Dubai, but then he was a pretty impressive winner of the Spring Cup at Lingfield. He looked like he'd get a little bit further and we'll probably need to step up in grade, potentially slightly further afield in Europe. 02-04-26""}]",,[]
2026-05-23,GB,Goodwood,Good,13:25,7f,Fitzdares Harroways Handicap,Hasbro Market,18,17,3,121,62-212,Mark Winn,Nick Cable,2,109,gelding,Starspangledbanner,Hala Hala,Creditable sixth to Startled at York last week but finished out of the first two for the first time and failed to show further progress; that defeat suggests he's not the percentage call in another competitive field.,Creditable sixth to Startled at York but failed to show further progress,David OMeara,"{'runs': 49, 'wins': 1, 'percent': 2}",29,104,[],,[]
2026-05-23,GB,Goodwood,Good,13:25,7f,Fitzdares Harroways Handicap,Siren Suit,18,11,3,120,-0136,Benoit De La Sayette,Cheveley Park Stud,2,103,gelding,Churchill,Angels Hideaway,"Absent and gelded since finishing last in valuable event at Ascot on Champions Day; scored readily at Kempton (AW; sole 7f attempt) earlier in October when back from a layoff, and that performance bodes well for him being fresh; may do better still.",Seasonal debutant who gained his 2yo win when fresh and may do better still,John & Thady Gosden,"{'runs': 29, 'wins': 6, 'percent': 21}",69,97,[],,[]
2026-05-23,GB,Goodwood,Good,13:25,7f,Fitzdares Harroways Handicap,Richies Rocket,18,16,3,128,54-13,Hector Crouch,Palmont,2,106,gelding,New Bay,White Bullet,"Far from disgraced in the Listed event won by Hilitany when bidding for a Lingfield AW double; disappointing at Newmarket, the scene of his promising debut, returned to turf last time (gelded since) and consequently has something to prove off his mark.",Disappointing back on turf last time; something to prove off his mark,Ralph Beckett,"{'runs': 41, 'wins': 8, 'percent': 20}",66,84,[],,[]
2026-05-23,GB,Goodwood,Good,13:25,7f,Fitzdares Harroways Handicap,Goodwood Galaxy,18,8,3,129,6-4741,Rhys Clutterbuck,Goodwood Racehorse Owners Group (31),2,111,colt,Kodi Bear,Celestial Queen,"A local runner in all respects and aptly registered his peak RPR in sole Goodwood attempt, namely fourth in last year's Vintage Stakes (7f, good); not exactly solid on his form since but the return to this venue may have a positive effect.","Returns to the scene of peak effort, namely fourth in the Vintage Stakes",David Menuisier,"{'runs': 17, 'wins': 2, 'percent': 12}",53,81,"[{'horse': 'Goodwood Galaxy', 'horse_id': 7722814, 'quote': ""He won really well on his debut at Salisbury and his Racing Post Rating of 92 was quite high for a debutant. Looking at previous winners of the Vintage, that rating is usually what horses ran to on their first or second start and he went for that race on Tuesday. Of course there's his name and owners [Goodwood Racehorse Owners Group] and he ran well to be fourth, beaten about two lengths. Nobody was under any illusions that it was a tough race, but it was well worth a go. 30-07-25""}]",,[]
2026-05-23,GB,Goodwood,Good,13:25,7f,Fitzdares Harroways Handicap,Aqua Bear,18,4,3,114,4-1292,Dylan Hogan,Midtech,2,107,gelding,Kodi Bear,Malilla,"Ex-Irish runner whose form for new yard comprises a success in AW maiden (subsequently gelded) and creditable fourth in Ascot handicap, both over 7f; needs to do better still in this field, however.",Ran creditably on reappearance but needs to do better still,Ian Williams,"{'runs': 30, 'wins': 3, 'percent': 10}",33,86,[],,[]
2026-05-23,GB,Goodwood,Good,13:25,7f,Fitzdares Harroways Handicap,Rogue Messiah,18,18,3,119,12-81,Connor Planas,The Rogues Gallery,2,106,gelding,Kodi Bear,Harlequin Twist,"Prevailed in Lingfield handicap (AW) in latest 6f start, adding to debut win (turf) and taking record to 2-4; bred to stay this extra furlong and may be capable of further improvement; one to consider.",Prevailed in latest 6f start; bred to stay 7f and open to further improvement,Jack Jones,"{'runs': 13, 'wins': 0, 'percent': 0}",38,,[],,[]
2026-05-23,GB,Goodwood,Good,14:00,1m3f44y,British Stallion Studs EBF Cocked Hat Stakes (Listed Race) (Colts & Geldings),Saxon Street,5,3,3,131,1-1,Benoit De La Sayette,Marcstown Ltd,1,113,colt,Saxon Warrior,Sea Is Gold,"The only Derby entry in this field; promising colt who is two from two and already a trial winner, having comfortably beat his rivals in the Blue Riband Trial at Epsom (1m2f, good; Listed) on seasonal debut; should take well to Goodwood and commands respect.","Promising colt who is two from two, latest success in trial at Epsom; commands respect",John & Thady Gosden,"{'runs': 29, 'wins': 6, 'percent': 21}",69,96,[],,[]
2026-05-23,GB,Goodwood,Good,14:00,1m3f44y,British Stallion Studs EBF Cocked Hat Stakes (Listed Race) (Colts & Geldings),Golden Story,5,2,3,128,3-1,Pierre-Louis Jamin,Sheikh Rashid Dalmook Al Maktoum,1,112,colt,Lope De Vega,October Queen,"Twice-raced colt who is open to additional improvement upped further in trip; won at Doncaster (1m, soft) in the autumn then rallied for third place in the Dee Stakes at Chester (1m2f, good; Listed) on reappearance; one of the main contenders.",Rallying third in the Dee Stakes; open to additional improvement upped further in trip,K R Burke,"{'runs': 45, 'wins': 8, 'percent': 18}",56,110,"[{'horse': 'Golden Story', 'horse_id': 7992521, 'quote': ""A really exciting horse with a lot of ability. He'll be out from mid-April onwards and will hopefully show he's good enough to have a Derby trial in May, possibly the Dante. He's got a Derby entry, but being by Lope De Vega there's a question over the mile and a half trip. 31-03-26""}]",,[]
2026-05-23,GB,Goodwood,Good,14:00,1m3f44y,British Stallion Studs EBF Cocked Hat Stakes (Listed Race) (Colts & Geldings),Del Maro,5,5,3,128,41-323,Tom Marquand,Godolphin,1,111,colt,Camelot,Diamanta,"Record is only 1-6 but he's consistent on bare figures and has two pieces of Group 3 form, last time fourth of five (not disgraced) in a Chester Vase won by the the colt who is now Derby favourite; possibilities, provided he takes well to first-time cheekpieces.",Consistent; not disgraced in the Chester Vase; possibilities if taking well to cheekpieces,Charlie Appleby,"{'runs': 16, 'wins': 5, 'percent': 31}",69,105,[],,[]
2026-05-23,GB,Goodwood,Good,14:00,1m3f44y,British Stallion Studs EBF Cocked Hat Stakes (Listed Race) (Colts & Geldings),Command The Stars,5,1,3,131,77-712,Hector Crouch,James Paul Services To Industry Ltd,1,100,colt,Sea The Stars,Narrative,Did too much up front over 1m1f on penultimate start but never landed a blow when ridden with restraint in first-time hood (retained) over 7.5f latest; progress has stopped since French Listed win and he still has something to prove beyond 1m.,Progress has stopped since Listed win and he still has something to prove beyond 1m,George Scott,"{'runs': 15, 'wins': 5, 'percent': 33}",60,83,[],,[]
2026-05-23,GB,Goodwood,Good,14:00,1m3f44y,British Stallion Studs EBF Cocked Hat Stakes (Listed Race) (Colts & Geldings),Oratorical,5,4,3,128,68-613,Saffie Osborne,Jamie Rocke,1,99,colt,Lope Y Fernandez,Belatorio,Progressive start to his career culminated in heavy-ground novice win at Nottingham; much less solid on his Listed/handicap form since and this step back up in class presents a stiff task at the weights.,Far from solid on his form since heavy-ground win and this is a stiff task,David Loughnane,"{'runs': 18, 'wins': 0, 'percent': 0}",28,83,[],,[]
2026-05-23,GB,Goodwood,Good,14:35,6f,Elston Consulting EBF Maiden Fillies' Stakes (GBB/IRE Incentive Race),Knock Three Times,9,8,2,128,2,Saffie Osborne,Mrs Paul Shanahan,3,83,filly,Supremacy,White Daffodil,"Ran above market expectations (22-1 shot) in 6f event on good ground at Nottingham, finishing half-length second of seven; the form pick, assuming that promise is confirmed.","Close second of seven at Nottingham, running above market expectations; the form pick",Jamie Osborne,"{'runs': 10, 'wins': 1, 'percent': 10}",30,59,[],,[]
2026-05-23,GB,Goodwood,Good,14:35,6f,Elston Consulting EBF Maiden Fillies' Stakes (GBB/IRE Incentive Race),Wondervision,9,1,2,128,3,Tom Marquand,Bramble Syndicate,3,76,filly,Minzaal,Wonderworld,"Rallying third of 12, faring best of the newcomers despite seeming green, in 5f contest on good ground at Ascot; likely to be suited by this extra furlong and looks open to progress; possibilities.","Rallying third of 12, faring best of the newcomers, in 5f contest at Ascot",Jack Channon,"{'runs': 22, 'wins': 1, 'percent': 5}",50,65,[],,[]
2026-05-23,GB,Goodwood,Good,14:35,6f,Elston Consulting EBF Maiden Fillies' Stakes (GBB/IRE Incentive Race),Coat Of Red,9,3,2,128,,David Probert,Victorious Forever,3,,filly,Blue Point,Always A Dream,"220,000gns yearling; Blue Point half-sister to two winners, notably Chindit (7f/1m including 2yo/Group 2; RPR 119); dam well-related 7f AW scorer (67); yard's first 2yo runner of the season; has good credentials and market support would heighten interest.","220,000gns yearling; Blue Point half-sister to Group 2 winner Chindit; interesting",Simon & Ed Crisford,"{'runs': 20, 'wins': 0, 'percent': 0}",25,,[],,[]
2026-05-23,GB,Goodwood,Good,14:35,6f,Elston Consulting EBF Maiden Fillies' Stakes (GBB/IRE Incentive Race),Dark Issue,9,2,2,128,,Pat Dobbs,Mrs E Roberts,3,,filly,Dark Angel,Long Ridge Road,"62,000gns yearling; by Dark Angel and first foal of French 9.5f/1m2f winner (RPR 96); stable has landed this race two times in the last three years; newcomer to consider.","62,000gns yearling; by Dark Angel; stable has landed this race twice in last three years",Richard Hannon,"{'runs': 53, 'wins': 8, 'percent': 15}",64,,[],,[]
2026-05-23,GB,Goodwood,Good,14:35,6f,Elston Consulting EBF Maiden Fillies' Stakes (GBB/IRE Incentive Race),Yumuri,9,9,2,128,,Ray Dawson,Glentree Pastoral Pty Ltd And Partners,3,,filly,Havana Grey,Tenaya Canyon,"75,000gns yearling; by Havana Grey and first foal of 5f/6f-winning (including 2yo; RPR 100) daughter of 5f 2yo scorer; suitably bred and her yard's two individual 2yo runners this term include a winner.","75,000gns yearling; yard's two individual 2yo runners this term include a winner",James Ferguson,"{'runs': 7, 'wins': 1, 'percent': 14}",57,,[],,[]
2026-05-23,GB,Goodwood,Good,14:35,6f,Elston Consulting EBF Maiden Fillies' Stakes (GBB/IRE Incentive Race),Vesper Honey,9,7,2,128,,Pat Cosgrave,Trade Wins,3,,filly,St Marks Basilica,Osaila,"55,000euros yearling, £85,000 (breeze-up) 2yo; St Mark's Basilica half-sister to two French winners, notably Tiger Touch (1m2f; RPR 79); dam 6f-1m scorer (including 2yo/Group 3; 113); check the betting.","£85,000 (breeze-up) 2yo; by St Mark's Basilica; check the betting",George Baker,"{'runs': 11, 'wins': 0, 'percent': 0}",45,,[],,[]
2026-05-23,GB,Goodwood,Good,14:35,6f,Elston Consulting EBF Maiden Fillies' Stakes (GBB/IRE Incentive Race),Virtue Charity,9,5,2,128,,Pierre-Louis Jamin,Virtue Assets Ltd,3,,filly,Havana Grey,Worthwhile,"75,000gns yearling; Havana Grey half-sister to winners Forever Penywern (1m2f AW/1m3f turf; RPR 87) and Waiting For You (French 1m1f 2yo); stable's first 2yo runner of the campaign; market informative.","75,000gns yearling; by Havana Grey; stable's first 2yo runner of the season",Amanda Perrett,"{'runs': 6, 'wins': 0, 'percent': 0}",17,,[],,[]
2026-05-23,GB,Goodwood,Good,14:35,6f,Elston Consulting EBF Maiden Fillies' Stakes (GBB/IRE Incentive Race),Beautiful Effort,9,4,2,128,,Benoit De La Sayette,Abdulla Al Mansoori,3,,filly,Good Effort,Night Time Girl,"The progeny of two winners (sire 5f-7f, dam 8.6f AW) for her connections; both parents took a little time to get off the mark; may need this debut outing.",The progeny of two winners for her connections; both parents took time to get off the mark,Ismail Mohammed,"{'runs': 4, 'wins': 0, 'percent': 0}",25,,[],,[]
2026-05-23,GB,Goodwood,Good,14:35,6f,Elston Consulting EBF Maiden Fillies' Stakes (GBB/IRE Incentive Race),Forever Faithfull,9,6,2,128,,Rob Hornby,Old Stoic Racing Club,3,,filly,Caturra,Mariance,"17,000gns foal, 30,000gns yearling; by Caturra and first foal of 7f winner (including 2yo/Spain; RPR 79); yard's record with 2yos thus far in 2026 doesn't augur well.","30,000gns yearling; yard's record with 2yos thus far in 2026 doesn't augur well",Jonathan Portman,"{'runs': 15, 'wins': 4, 'percent': 27}",47,,[],,[]
2026-05-23,GB,Goodwood,Good,15:10,1m1f197y,Fitzdares Height Of Fashion Stakes (Listed Race) (Fillies),Earth Shot,8,8,3,128,1-2,Tom Marquand,Paul & Sally Flatt Childwickbury Stud,1,110,filly,Time Test,Precious Ramotswe,"Twice-raced filly who is open to any amount of further progress and looks a Listed/Group performer in the making; eye-catching second at Newbury (1m, soft) in the autumn then went one better by stretching nicely clear to score by 5l at Newmarket (1m2f, good) on reappearance; respected.",Stretched nicely clear at Newmarket to build on her 2yo effort; looks a smart prospect,William Haggas,"{'runs': 52, 'wins': 12, 'percent': 23}",60,71,[],,[]
2026-05-23,GB,Goodwood,Good,15:10,1m1f197y,Fitzdares Height Of Fashion Stakes (Listed Race) (Fillies),Brilliant Star,8,1,3,128,11-2,Benoit De La Sayette,A E Oppenheimer,1,110,filly,Cracksman,Star Catcher,"The progeny of Group 1 winners for her notable connections; has duly shown plenty of promise at novice level and is 2-2 this year, gaining those wins at Yarmouth (good to firm) and Kempton (AW) by an aggregate of nearly 20l, both at about 1m3f; brings major potential to this next step.","Two from two this year, gaining those wins by an aggregate of nearly 20l; brings potential",John & Thady Gosden,"{'runs': 29, 'wins': 6, 'percent': 21}",69,103,[],,[]
2026-05-23,GB,Goodwood,Good,15:10,1m1f197y,Fitzdares Height Of Fashion Stakes (Listed Race) (Fillies),Inis Mor,8,4,3,128,04-211,Saffie Osborne,Quantum Leap Racing Xi,1,113,filly,Galiway,Mellow,"Campaigned only over 7f/1m but she's bred to be suited by this new trip; solid form as a 2yo then ran well in the Nell Gwyn on reappearance; came up short in the 1,000 Guineas since but brings a respectable rating to this drop back in class and there's still a chance she can do better still.","Came up short in 1,000 Guineas but brings a respectable rating to this drop back in class",David Menuisier,"{'runs': 17, 'wins': 2, 'percent': 12}",53,103,[],,[]
2026-05-23,GB,Goodwood,Good,15:10,1m1f197y,Fitzdares Height Of Fashion Stakes (Listed Race) (Fillies),Just Call Me Angel,8,3,3,133,1-1311,David Probert,Cayton Park Stud Limited,1,107,filly,Dark Angel,Be More,"Prevailed by half a length in the Italian 1,000 Guineas on seasonal debut to complete a San Siro double (1m, good) and take overall record to 4-7; progressing well, albeit incurs 5lb penalty and needs to prove she can transfer that Group form back to domestic soil; dam stayed 1m2f.","Prevailed in the Italian 1,000 Guineas on reappearance, taking record to 4-7; progressive",Ed Dunlop,"{'runs': 16, 'wins': 5, 'percent': 31}",63,69,[],,[]
2026-05-23,GB,Goodwood,Good,15:10,1m1f197y,Fitzdares Height Of Fashion Stakes (Listed Race) (Fillies),On Message,8,2,3,128,1-154,Hector Crouch,The Eclipse Partnership,1,103,filly,Camelot,Wiener Valkyrie,"Proved well treated off a mark of 80 at Epsom (8.5f, good) on handicap/seasonal debut, following up her autumn win (7f, AW); goes into deeper waters but is improving and her pedigree bodes well, with one of her siblings a Listed-placed filly (stayed 1m2f) for her connections.",Improving sort and one of her siblings include a Listed-placed filly for her connections,Ralph Beckett,"{'runs': 41, 'wins': 8, 'percent': 20}",66,91,"[{'horse': 'On Message', 'horse_id': 7983196, 'quote': ""She has a few entries but will probably go for a handicap to Epsom on Tuesday. She has an Oaks entry and although she has a miling pedigree, there's a good chance she can stretch out. She shows up well, hence her smart entries. 27-04-26""}]",,[]
2026-05-23,GB,Goodwood,Good,15:10,1m1f197y,Fitzdares Height Of Fashion Stakes (Listed Race) (Fillies),Classic Cuvee,8,6,3,128,-9812,Ray Dawson,Newsells Park Stud -Bloodstock 25,1,100,filly,Siyouni,Yummy Mummy,"Gained her Doncaster maiden win (7f) at the chief expense of the current Oaks favourite but needs to rebound, having suffered a couple of heavy defeats at Newmarket subsequently; goes without usual hood in this first middle-distance attempt.",Needs to rebound from a couple of heavy defeats; goes without usual hood,Roger Varian,"{'runs': 24, 'wins': 6, 'percent': 25}",63,88,"[{'horse': 'Classic Cuvee', 'horse_id': 7952275, 'quote': ""She has something to prove after her last two starts, but I think she's got quite a lot of talent. She's a half-sister to Legatissimo, who won the 1,000 Guineas, so if she can get back type she's a very valuable filly. That's what I'll be trying to do. 01-04-26""}, {'horse': 'Classic Cuvee', 'horse_id': 7952275, 'quote': ""We were delighted with her win at Doncaster. She'd run well when second on her debut at Newmarket and we had a few options where to go with her next. I think that was probably a strong maiden at Doncaster - it often is - and the filly we beat, Amelia Earhart, was quite well fancied on the day, so it was probably a strong performance from our filly. I'm going to train her for the weekend of the Fillies' Mile. She's entered in that race, but that's not to say she'll run in it because on the same card at Newmarket on October 10 there's the Oh So Sharp Stakes, which is a 7f Group 3. I think she has Pattern-race potential - she's got a Classic pedigree being a half-sister to Legatissimo - and now that she's a winner we'd love to shoot for some black type. I think she'll be left in the Fillies' Mile at the forfeit stage, when we can see the shape of that race and see how she's training. But maybe more favourable would be the furlong-shorter Oh So Sharp. 24-09-25""}]",,[]
2026-05-23,GB,Goodwood,Good,15:10,1m1f197y,Fitzdares Height Of Fashion Stakes (Listed Race) (Fillies),Winged One,8,7,3,128,5-19,Rob Hornby,George Strawbridge,1,100,filly,Australia,Angel Terrace,"Won well at Newcastle (1m, AW) in the second of her two autumn starts but was the rank outsider and ran accordingly (last of five) in the Cheshire Oaks on reappearance; again looks up against it.",Last of five in the Cheshire Oaks; again looks up against it,Andrew Balding,"{'runs': 63, 'wins': 9, 'percent': 14}",63,69,[],,[]
2026-05-23,GB,Goodwood,Good,15:10,1m1f197y,Fitzdares Height Of Fashion Stakes (Listed Race) (Fillies),Della Pace,8,5,3,128,2-5134,Pat Cosgrave,Mrs R G Hillen,1,96,filly,Camelot,Wild Abandon,"Registered her 2yo win on AW and ran well in Wolverhampton handicap (9.5f) returned to that sphere on reappearance; has steadily progressive RPRs, including on turf, but this is a much stiffer task; bottom on ratings.",Ran well in AW handicap on reappearance; this is a much stiffer task,George Boughey,"{'runs': 21, 'wins': 3, 'percent': 14}",38,68,"[{'horse': 'Della Pace', 'horse_id': 7776072, 'quote': ""She's going to be stepped up to ten furlongs. She's done well over the winter and we're looking forward to getting her started. 02-04-26""}]",,[]
2026-05-23,GB,Goodwood,Good,15:45,1m1f197y,"Darley British EBF Fillies' Restricted Novice Stakes (Bands B, C And D) (GBB Race)",Evening Fades,8,2,3,126,-4,Tom Marquand,James Wigan,2,80,filly,Ulysses,In The Light,"Front-running fourth of 12 in December maiden at Lingfield (1m, AW) that has thrown up a few winners since; represents major yard and has possibilities with progress plausible.",Fourth in Lingfield AW maiden that has thrown up a few winners since,William Haggas,"{'runs': 52, 'wins': 12, 'percent': 23}",60,,[],,[]
2026-05-23,GB,Goodwood,Good,15:45,1m1f197y,"Darley British EBF Fillies' Restricted Novice Stakes (Bands B, C And D) (GBB Race)",St Hilda,8,7,3,124,2-4,David Probert,Whitsbury Xiv,2,89,filly,Saxon Warrior,Leaf,"Both starts on Lingfield AW, finishing fourth over 7f then taking a step forward with neck second over 1m2f; leading player on the figures and may improve further to boot.",Close second in latest Lingfield AW start; leading player on the figures,Marcus Tregoning,"{'runs': 10, 'wins': 1, 'percent': 10}",50,,[],,[]
2026-05-23,GB,Goodwood,Good,15:45,1m1f197y,"Darley British EBF Fillies' Restricted Novice Stakes (Bands B, C And D) (GBB Race)",Lady Magu,8,6,3,126,5,Ray Dawson,Chris Fahy Stuart Marchant & Partner,2,84,filly,Sea The Moon,Mary Elise,"Showed promise with fifth of 12, only about 2l behind St Hilda who had the benefit of experience, in 1m2f AW maiden at Lingfield; set for an interesting rematch with that rival.",Only about 2l behind St Hilda at Lingfiled; set for an interesting rematch,Roger Varian,"{'runs': 24, 'wins': 6, 'percent': 25}",63,,[],,[]
2026-05-23,GB,Goodwood,Good,15:45,1m1f197y,"Darley British EBF Fillies' Restricted Novice Stakes (Bands B, C And D) (GBB Race)",Guesstimate,8,1,3,126,30-23,Pat Dobbs,Ian & Christine Beard & Family,2,83,filly,Sea The Moon,Approximate,"Disappointing on reappearance but has consistent form otherwise, creditable third at Wolverhampton (8.5f, AW) most recently; bred to be suited by this new trip; reasonably solid.",Largely consistent efforts over shorter; bred to be suited by this new trip,William Haggas,"{'runs': 52, 'wins': 12, 'percent': 23}",60,,[],,[]
2026-05-23,GB,Goodwood,Good,15:45,1m1f197y,"Darley British EBF Fillies' Restricted Novice Stakes (Bands B, C And D) (GBB Race)",Triumph,8,5,3,128,3,Sean D Bowen,Gallop Racing,2,77,filly,Ghaiyyath,Shemiyla,"Similar type to Kenkelly, having finished third of five on debut; ran to an ordinary RPR in that Ripon maiden (1m2f, good) but looks open to improvement.",Similar type to Kenkelly and may build on her Ripon effort,Charlie Johnston,"{'runs': 44, 'wins': 6, 'percent': 14}",41,65,[],,[]
2026-05-23,GB,Goodwood,Good,15:45,1m1f197y,"Darley British EBF Fillies' Restricted Novice Stakes (Bands B, C And D) (GBB Race)",Cixi,8,4,3,128,35-44,Pat Cosgrave,Jastar Capital Limited,2,82,filly,Daredevil,Crowning Affair,"Has proved reasonably consistent over 7f-1m on artificial surfaces, good third at Kempton most recently; however, pedigree raises doubts regarding this new trip and switch to turf.",Pedigree raises doubts regarding this new trip and switch to turf,Michael Bell,"{'runs': 19, 'wins': 1, 'percent': 5}",58,,[],,[]
2026-05-23,GB,Goodwood,Good,15:45,1m1f197y,"Darley British EBF Fillies' Restricted Novice Stakes (Bands B, C And D) (GBB Race)",Mother Dear,8,8,3,124,8,Rob Hornby,Seascape Bloodstock & Mrs Fiona Read,2,82,filly,Masar,Shimmering Light,"Green and always behind in 7f newcomers' event at Newbury, having been friendless in the betting; by Masar and may fare better over this longer distance.",Green and always behind in 7f newcomers' event at Newbury,Hughie Morrison,"{'runs': 7, 'wins': 1, 'percent': 14}",29,41,[],,[]
2026-05-23,GB,Goodwood,Good,15:45,1m1f197y,"Darley British EBF Fillies' Restricted Novice Stakes (Bands B, C And D) (GBB Race)",Kenkelly,8,3,3,128,3,Hector Crouch,O Humphrey,2,75,filly,Kodiac,Victoria Montoya,"Only a modest third behind the form fillies in small-field contest at Yarmouth (11.5f, good to firm) but may do better with that outing/experience under her belt.",Modest third at Yarmouth but may do better with the outing under her belt,Tom Clover,"{'runs': 18, 'wins': 2, 'percent': 11}",50,76,[],,[]
2026-05-23,GB,Goodwood,Good,16:20,1m6f,Avastra Funds Handicap (GBBPlus Race),Valedictory,11,7,4,120,62-14/,Benoit De La Sayette,Godolphin,2,112,gelding,Cracksman,Valiant Girl,"All the rage in the betting for both starts this term; the line came a touch too soon for his strong finish at Newbury (1m2f) on handicap/seasonal debut, while trying to come from further off the pace did not work out at Ascot on the step up to 1m4f but he did muster some late headway (despite hanging right); that sees him upped further in trip today with first-time headgear; it will be interesting to see whether his backers dare go in again.","Expensive red-hot favourite this season, narrowly over 1m2f and some late headway at 1m4f",John & Thady Gosden,"{'runs': 29, 'wins': 6, 'percent': 21}",69,100,[],,[]
2026-05-23,GB,Goodwood,Good,16:20,1m6f,Avastra Funds Handicap (GBBPlus Race),Align The Stars,11,10,5,131,21-404,Saffie Osborne,Tony Farmer,2,113,gelding,Sea The Stars,Kitcara,"2024 C&D winner who broke his losing run in clearcut style when he reappeared with restored cheekpieces at Kempton (2m, AW) in March; second in valuable race at Newmarket (1m6f) confirmed that he's turned a corner and must remain in serious calculations.",Won in March; 2nd in valuable race at Newmarket (1m6f) confirmed that he's turned a corner,Charlie Johnston,"{'runs': 44, 'wins': 6, 'percent': 14}",41,76,"[{'horse': 'Align The Stars', 'horse_id': 5237856, 'quote': ""The wheels came off a little bit last season but he came into this year with a clean slate and I thought he won very well on his comeback at Kempton. He's a huge horse and it's quite possible he's stronger and more mature as a five-year-old, and will see out those extreme distances better than he did last term. His next run will be in either a valuable one-mile-six-furlong handicap at the Guineas meeting or the Chester Cup. He won't run when there's any soft in the going description and, given that he's just won a Queen's Prize on the all-weather, the Northumberland Plate looks an obvious mid-season target. 21-04-26""}]",,[]
2026-05-23,GB,Goodwood,Good,16:20,1m6f,Avastra Funds Handicap (GBBPlus Race),Moon Over Miami,11,6,5,125,05-164,Hector Crouch,Valmont,2,104,gelding,Sea The Moon,Wiesenlerche,"Third turf win was a narrow one at Newbury (2m, good; rallying) in April on his final start last year; may have needed his 2026 reappearance and the unusual test of the Chester Cup might excuse his disappointing show next time, but a revival is needed.","Absent last term after April 2m win; possible excuses this season, the Chester Cup latest",Ralph Beckett,"{'runs': 41, 'wins': 8, 'percent': 20}",66,90,"[{'horse': 'Moon Over Miami', 'horse_id': 5758996, 'quote': ""He's had his issues so I was very pleased with his win at Newbury. I think we'll go right-handed next time as I see him as a Queen Alexandra horse. He's a tough customer and I think he'll stay really well. 28-04-25""}]",,[]
2026-05-23,GB,Goodwood,Good,16:20,1m6f,Avastra Funds Handicap (GBBPlus Race),Dancingwithmyself,11,5,5,123,42-314,Pierre-Louis Jamin,David Kilburn & Christopher Wright,2,114,mare,Phoenix Of Spain,Dreamaway,"Her second win last year came over C&D (good to soft); career-best form when second at Musselburgh (1m6f, soft) on reappearance, meeting trouble in running, but she could not lay a glove on the principals when returned to 1m4f at Ripon (good) three weeks later; return to 1m6f will presumably help and might offset good ground if it dries out; one to consider.",C&D winner; return to 1m6f should help and might offset good ground if it dries out,Michael Bell,"{'runs': 19, 'wins': 1, 'percent': 5}",58,99,[],,[]
2026-05-23,GB,Goodwood,Good,16:20,1m6f,Avastra Funds Handicap (GBBPlus Race),Spinning Wheel,11,9,4,134,-12011,Ray Dawson,Sheikh Hamdan bin Mohammed Al Maktoum,2,112,gelding,Postponed,Finespun,"Queen's Vase at Royal Ascot (good to firm; 25-1) was the only blemish in his five-race 3yo career, which he ended with a narrow but game front-running win in handicap at Leicester (1m4f, good to soft); raised 6lb but worth another go at this trip.","Game front-running win (1m4f, good to soft) final 3yo start; worth another go at this trip",Simon & Ed Crisford,"{'runs': 20, 'wins': 0, 'percent': 0}",25,90,[],,[]
2026-05-23,GB,Goodwood,Good,16:20,1m6f,Avastra Funds Handicap (GBBPlus Race),Peaky Blinder,11,8,4,122,01-193,Rob Hornby,Michael Blencowe,2,113,gelding,Soldier Hollow,Peri,"Off the mark at Redcar (1m6f, good to soft) in October and won well again when reappearing at Southwell (slowly run 2m, AW; gelded) this April; raised substantially in class for the Chester Cup (2m2f, good; 7-1) 15 days ago, which saw him chase leaders to 4f out before dropping right out, but he was going places before that and could rebound.",Tailed off when 7-1 for the Chester Cup (2m2f) but he was going places before that,Andrew Balding,"{'runs': 63, 'wins': 9, 'percent': 14}",63,,[],,[]
2026-05-23,GB,Goodwood,Good,16:20,1m6f,Avastra Funds Handicap (GBBPlus Race),Too Soon,11,1,4,123,40-833,Rhys Clutterbuck,Too Soon Partnership,2,112,gelding,Too Darn Hot,Soon,"No win since 2yo, having come up short in Group races, Listed races and four handicaps; fourth of 14 off this mark at Ascot (1m4f) latest was his closest finish in that winless period and he kept on well, so some hope is revived.",Fourth at Ascot (1m4f) latest was his closest finish in winless period and he kept on well,Gary & Josh Moore,"{'runs': 21, 'wins': 0, 'percent': 0}",29,104,[],,[]
2026-05-23,GB,Goodwood,Good,16:20,1m6f,Avastra Funds Handicap (GBBPlus Race),Hipop De Loire,11,3,9,138,-0364/,Pat Cosgrave,Gdm Partnership,2,113,gelding,American Post,Louve Rose,"Sixth off 1lb higher in last year's 1m6f Ebor at York and third in the 2m2f Doncaster Cup; however, ended last season on a low note and pulled up in hot races for all three starts over hurdles this spring; left Willie Mullins for 15,000gns 16 days ago and blinkers (last worn in Germany in 2023) replace recent cheekpieces; which side he shows today remains to be seen.","Classy on Flat; pulled up in hot hurdle races this spring; left W Mullins for 15,000gns",Nick Scholfield,"{'runs': 6, 'wins': 0, 'percent': 0}",33,101,"[{'horse': 'Hipop De Loire', 'horse_id': 3853479, 'quote': ""A high-class stayer on the Flat who was unlucky in the Ebor last year, and ran well in it again this year. I loved the way he jumped at Galway when he won a maiden hurdle there during the summer and he's one who will head down the staying novice hurdle route. He could do well at that game. 17-11-25""}]",,[]
2026-05-23,GB,Goodwood,Good,16:20,1m6f,Avastra Funds Handicap (GBBPlus Race),Oneforthegutter,11,11,7,123,7-8000,Sean D Bowen,Tracey Bell & Caroline Lyons,2,110,gelding,Muhaarar,Rainbow Springs,"Scored at the Newmarket July meeting (1m6f) last year but hasn't accomplished a lot since; he's back 2lb below that last winning mark, so will pop up in front again at some stage, but it's hard to say when.",Well handicapped and will pop up in front again at some stage but it's hard to say when,Ian Williams,"{'runs': 30, 'wins': 3, 'percent': 10}",33,112,[],,"[{'date': '2023-02-27', 'type': 'Wind Surgery'}]"
2026-05-23,GB,Goodwood,Good,16:20,1m6f,Avastra Funds Handicap (GBBPlus Race),Chilli Queen,11,2,4,124,2-2111,David Probert,Mrs Claire Bonner,2,112,filly,Havana Gold,Royal Warranty,"Can front-run; hat-trick last May/July and short-headed at Doncaster in September when next seen; suffered another narrow, battling defeat at Kempton (again 1m4f; AW) on reappearance 19 days ago but that was improved form yet again and she's worth this first crack at 1m6f.","Hat-trick before two narrow, battling defeats and she looks worth this first crack at 1m6f",Emma Lavelle,"{'runs': 8, 'wins': 1, 'percent': 13}",63,99,[],,[]
2026-05-23,GB,Goodwood,Good,16:20,1m6f,Avastra Funds Handicap (GBBPlus Race),Finalise,11,4,4,119,-2122,Tom Marquand,Cheveley Park Stud,2,114,filly,Masar,Russian Finale,Won an AW novice and runner-up on turf in her other three starts last term; made the running in C&D handicap (good to soft) on final outing but was mown down late on by Dancingwithmyself; interesting raised just 2lb and she could be a useful staying prospect.,C&D second to Dancingwithmyself on final outing; could be a useful staying prospect,William Haggas,"{'runs': 52, 'wins': 12, 'percent': 23}",60,103,[],,[]
2026-05-23,GB,Goodwood,Good,16:55,5f,Track Radio Handicap,Riley Rocks,11,9,3,135,11-4,Ray Dawson,Chris Housego & Partner,4,81,colt,Sergei Prokofiev,Clouds Rest,Thrice-raced colt who has progressive AW form and completed a 6f double with handicap success at Southwell most recently; likely danger provided he's as effective on turf and returned to 5f.,Thrice-raced colt who has progressive AW form; completed a 6f double last time,Dylan Cunha,"{'runs': 26, 'wins': 6, 'percent': 23}",65,,[],,[]
2026-05-23,GB,Goodwood,Good,16:55,5f,Track Radio Handicap,Wedonttelllies,11,5,3,134,40-513,Saffie Osborne,A K Whelan,4,84,gelding,No Nay Never,Single,"Gained his 2yo win over 7f on AW but ran respectably over 6f at Ascot (good) most recently, while shaping as if this drop to 5f is worth exploring; possibilities if taking well to first-time headgear.",Worth a crack at this new trip and has possibilities if taking well to headgear,Richard Hughes,"{'runs': 25, 'wins': 5, 'percent': 20}",36,73,[],,[]
2026-05-23,GB,Goodwood,Good,16:55,5f,Track Radio Handicap,Coyy,11,4,3,130,10-853,Rhys Clutterbuck,Wkh Development Services & Partner,4,83,gelding,Far Above,DArcy Spice,"Overcame traffic issues to get up near the finish in Windsor handicap (5f, good to firm) last time, opening his account; may build on that success and show further improvement; enters calculations.",Overcame traffic issues to win at Bath last time; may show further improvement,Eve Johnson Houghton,"{'runs': 28, 'wins': 5, 'percent': 18}",46,59,"[{'horse': 'Coyy', 'horse_id': 7205111, 'quote': ""He's had three runs and ran well when third in a 6f maiden at Windsor  last time. He had a little problem, so he couldn't run when he was due to at Bath this month - he pulled a little muscle but he's fine now. I think we'll probably go to the Super Sprint with him. 02-07-25""}]",,"[{'date': '2025-10-16', 'type': 'Wind Surgery'}]"
2026-05-23,GB,Goodwood,Good,16:55,5f,Track Radio Handicap,Angel Numbers,11,11,3,133,252-37,Pierre-Louis Jamin,Spratt Properties Ltd & Partner,4,83,filly,Profitable,First Smile,"Record of 0-9 since debut success but she is somewhat threatening to double her tally, having finished second in two of her three outings this term, latest at Bath (5f, firm); not ruled out.",Runner-up in two of her three starts this year; not ruled out,Dr Richard Newland & Jamie Insole,"{'runs': 23, 'wins': 2, 'percent': 9}",43,78,[],,"[{'date': '2025-03-25', 'type': 'Wind Surgery'}]"
2026-05-23,GB,Goodwood,Good,16:55,5f,Track Radio Handicap,Eightthreeone,11,3,3,126,331-35,David Probert,Sheepwash Syndicate,4,82,gelding,Rumble Inthejungle,Dozen,"Record of 133 (all over 6f) since switched to handicaps, the success on AW; close third at Windsor (good to firm) most recently; may remain competitive, provided he's as effective back at 5f.",Record of 133 (all over 6f) since handicapping; close third last time,Eve Johnson Houghton,"{'runs': 28, 'wins': 5, 'percent': 18}",46,72,[],,[]
2026-05-23,GB,Goodwood,Good,16:55,5f,Track Radio Handicap,One And Gone,11,1,3,135,33743-,Sean D Bowen,Moorgate Racing Limited,4,85,gelding,Galileo Gold,Gravity Queen,"Gained sole success on AW but has posted two sound placed efforts since returned to turf and dropped to 5f, latest at Chester; again has each-way possibilities.",Has posted two sound placed efforts since returned to turf and dropped to 5f,Ian Williams,"{'runs': 30, 'wins': 3, 'percent': 10}",33,78,[],,[]
2026-05-23,GB,Goodwood,Good,16:55,5f,Track Radio Handicap,Tie Fighter,11,2,3,126,4-4266,Hector Crouch,Stormtroopers,4,84,gelding,Mehmas,Tammy Wynette,Seven-race maiden who is making belated handicap debut; chance of opening his account largely depends on the effects of first-time headgear.,Chance largely depends on the effects of first-time headgear,Ed Dunlop,"{'runs': 16, 'wins': 5, 'percent': 31}",63,70,[],,[]
2026-05-23,GB,Goodwood,Good,16:55,5f,Track Radio Handicap,Campenaerts,11,6,3,131,6-1214,Rob Hornby,Pump Technology Limited,4,79,gelding,Sergei Prokofiev,Andanotherone,Had a record of 2-3 in handicaps (AW/soft) last term for previous yard; below par at Bath on stable/seasonal debut but may do better with the outing under his belt.,Record of 2-3 in handicaps last term; below par on stable/seasonal debut,Jonathan Portman,"{'runs': 15, 'wins': 4, 'percent': 27}",47,72,[],,[]
2026-05-23,GB,Goodwood,Good,16:55,5f,Track Radio Handicap,London Is Blue,11,10,3,128,4-0112,Benoit De La Sayette,S Geraghty,4,85,colt,Territories,Tasman Sea,"Record of 2-2 at Brighton bodes well for this first visit to Goodwood, which is quite a similar track; may resume progress with Bath reappearance under his belt and looks interesting.",Record of 2-2 at Brighton bodes well for this first visit to Goodwood; interesting,Robert Cowell,"{'runs': 13, 'wins': 2, 'percent': 15}",38,70,"[{'horse': 'London Is Blue', 'horse_id': 7020143, 'quote': ""He ran five times as a two-year-old and won a couple of races, both at Brighton. He was supposed to run at Yarmouth the other day but he misbehaved in the starting gate and got his leg trapped, so he had to be withdrawn. He has a lot of speed and looks as if he's wintered really well and turned into quite a nice, big three-year-old. I would hope he has a good career in front of him. He'd be my dark horse. 20-05-26""}]",,[]
2026-05-23,GB,Goodwood,Good,16:55,5f,Track Radio Handicap,Dark Alley,11,8,3,131,-46120,Tom Marquand,A R Franklin,4,82,gelding,Land Force,Devils Roc,"Successful in Bath maiden (5.7f) last summer and ran respectably in 5f AW handicap on final 2yo start; however, progress is likely required in this field on reappearance.",Progress is likely required in this field on reappearance,Warren Greatrex,"{'runs': 13, 'wins': 1, 'percent': 8}",31,72,[],,[]
2026-05-23,GB,Goodwood,Good,16:55,5f,Track Radio Handicap,Arlos Girl,11,7,3,134,74-1,Dylan Hogan,J E Parr,4,84,filly,Harry Angel,Freyabella,Thrice-raced filly who has failed to back up the form of her debut success (AW); never landed a blow at Chester switched to turf most recently; something to prove.,Has failed to back up the form of her debut success,Joseph Parr,"{'runs': 4, 'wins': 1, 'percent': 25}",25,36,[],,[]
2026-05-23,GB,York,Good,13:30,6f,William Hill Keep Your Raceday Positive Handicap,Jonny Concrete,22,10,5,134,23-097,Shane Gray,Ian Jones,4,94,gelding,Oasis Dream,Hot Sauce,"Second to Kats Bob over C&D (good to firm) last year off 3lb higher; has resumed in good form this spring, following Chester near miss with a close second of 13 to reopposing Mae Amor at Hamilton (6f, good) last Sunday; obvious chance off the same mark; second-time blinkers replace regular cheekpieces.","Returned in form, including close second to Mae Amor at Hamilton last Sunday; good shout",Iain Jardine,"{'runs': 35, 'wins': 1, 'percent': 3}",26,76,"[{'horse': 'Jonny Concrete', 'horse_id': 5021317, 'quote': ""He's done well this year and we're very pleased with him. He could have probably run another couple of times but we've kept him back for Ayr next week. We'll take him there fresh and he'll probably get in the Bronze Cup, where he could run a really big race. 10-09-25""}]",,[]
2026-05-23,GB,York,Good,13:30,6f,William Hill Keep Your Raceday Positive Handicap,Al Hussar,22,17,4,135,2343-3,Oliver Stammers,The Gathering And Partner,4,89,gelding,Bated Breath,Queens Charter,"Raced around 5f; creditable in-frame efforts on all four outings this year, notably when neck second of 17 at Thirsk (good) last Saturday; nudged up another 3lb but it shouldn't prevent a prominent showing if proving as effective at the new trip.","In good form over 5f, including close second last weekend; player if as effective at 6f",Grant Tuer,"{'runs': 12, 'wins': 2, 'percent': 17}",33,82,"[{'horse': 'Al Hussar', 'horse_id': 5708731, 'quote': ""He's had a fairly frustrating summer as he's talented, but he started the year high enough in the handicap. He's quick - he wants the fastest five you can get - and he's starting to look well handicapped again. He's just been held up by some ringworm but he's started back breezing and is on the way back now. He goes on the all-weather as well. 04-09-25""}]",,[]
2026-05-23,GB,York,Good,13:30,6f,William Hill Keep Your Raceday Positive Handicap,Trilby,22,20,6,135,16258-,Tom Eaves,Tip Your Hat Partnership,4,90,gelding,Twilight Son,Fascinator,"Reacted well to first-time cheekpieces when picking up nicely to collar a back-to-form rival (pair clear) at Haydock (5f, soft) on Thursday; 5lb penalty in a deeper race but a bigger factor could be that the ground is unlikely to be as testing this time (has won on good but seems most potent when the mud is flying).",Added to good record in mud at Haydock on Thursday but ground likely to be quicker here,Sam England,"{'runs': 19, 'wins': 5, 'percent': 26}",47,75,"[{'horse': 'Trilby', 'horse_id': 4175424, 'quote': ""He's another star, although he's high in the handicap now and it's hard for him. A progressive three-year-old beat him at Haydock and he ran another fine race at Doncaster last Saturday, which was one of the few times he's had his favoured soft ground this season. 29-10-25""}]",,"[{'date': '2025-06-17', 'type': 'Wind Surgery'}]"
2026-05-23,GB,York,Good,13:30,6f,William Hill Keep Your Raceday Positive Handicap,Orne,22,19,5,130,30-704,Cam Hardie,Mrs C Brittain,4,92,gelding,Acclamation,Pellucid,"Very useful on his day for previous yard; nowhere near the same force for his current one but his mark reflects that and he looked to be coming to hand when fourth of 22 over 7f at here at last week's Dante meeting, travelling comfortably in the lead for a long way; not discounted back at 6f.","Better signs from reduced mark when fourth over 7f here last week, leading long way",Antony Brittain,"{'runs': 15, 'wins': 0, 'percent': 0}",40,69,[],,[]
2026-05-23,GB,York,Good,13:30,6f,William Hill Keep Your Raceday Positive Handicap,An Outlaws Grace,22,13,4,135,2677-3,Alec Voikhansky,Middleham Park Racing XXIV,4,89,gelding,Dandy Man,Wedding Wish,"Down in weights and step back in the right direction when second of nine at Windsor (6f, good to firm) 12 days ago; has handicapping scope if able to build on that.",Back-to-form second at Windsor latest; has handicapping scope if able to build on that,Richard Hannon,"{'runs': 53, 'wins': 8, 'percent': 15}",64,82,"[{'horse': 'An Outlaws Grace', 'horse_id': 5598634, 'quote': ""A talented horse who won first time out as a two-year-old and went to the Prix Robert Papin afterwards, but he kind of lost his way. He's working well now and looks great, so I expect him to be winning races. 21-04-26""}]",,[]
2026-05-23,GB,York,Good,13:30,6f,William Hill Keep Your Raceday Positive Handicap,Mae Amor,22,3,4,137,1-0751,Tom Kiely-Marshall,Jpr Investments,4,87,filly,Mehmas,Stage Name,"Struggled on first three starts for this yard last autumn but back to form with a bang when accounting for the reopposing Jonny Concrete and 11 others at Hamilton (6f, good) last Sunday; only scraped home by a short head so she may struggle to confirm that narrow superiority over Iain Jardine's charge on the revised terms.",Edged out Jonny Concrete at Hamilton but Iain Jardine's charge is weighted to turn tables,Rebecca Menzies,"{'runs': 21, 'wins': 1, 'percent': 5}",29,76,[],,[]
2026-05-23,GB,York,Good,13:30,6f,William Hill Keep Your Raceday Positive Handicap,Kiniro,22,21,4,135,8-1336,Jack Nicholls,Osman Racing 01 & Rhm Horses Ltd,4,88,gelding,Havana Gold,Indignant,"Won twice for Harry Charlton, both over 6f on Lingfield's AW track; didn't get the chance to show what he could do (repeatedly denied a clear run) when eighth of 12 on recent Chester return for new yard; left the impression he'd have been involved in the finish with more luck and enters calculations.",Two AW wins for previous trainer; met trouble on recent return for new yard,Dan Horsford,"{'runs': 2, 'wins': 0, 'percent': 0}",,68,[],,[]
2026-05-23,GB,York,Good,13:30,6f,William Hill Keep Your Raceday Positive Handicap,Papa Cocktail,22,7,7,135,226314,Oisin Orr,Ingram Racing,4,90,gelding,Churchill,Anklet,"Consistent spell on Tapeta over the winter and continued the good work back on turf when close second of six at Doncaster (6f, good to firm) three weeks ago; he's never won above a mark of 75, though.","In good form, including 2nd back on turf latest, but he's 5lb above highest winning mark",Michael Herrington,"{'runs': 13, 'wins': 1, 'percent': 8}",31,47,"[{'horse': 'Papa Cocktail', 'horse_id': 3366625, 'quote': ""I think he is a very nice colt with a bright future. His work had been encouraging this spring and we started him off over 7f late last month at Yarmouth in what looked a particularly hot maiden, with several of the big yards represented and many trainers liking their charges. He ran a cracker to be third behind New Science, where he was rather green but ran on well. It was the perfect start to his career as he will have learned plenty and mentally handled things well. There are a few 7f maidens around Royal Ascot time later this month and we will pick our spot to make him a winner and take it from there. He runs in the colours of owner Khalifa Dasmal, who is a great man to train for. His patronage is largely thanks to my former guv'nor David Simcock giving him a nod in my direction. David has been a huge help to me in my career and I am very hopeful that I have a potentially nice horse here for Mr Dasmal. 10-06-21""}]",,[]
2026-05-23,GB,York,Good,13:30,6f,William Hill Keep Your Raceday Positive Handicap,Beattie Is Back,22,22,7,131,246-71,Warren Fentiman,Richard Fahey Ebor Racing Club Ltd,4,91,gelding,Mayson,Miss Fifty,Landed a 7f turf win at Doncaster (good to firm) last summer and close second at Wolverhampton (7f) on latest start in February; back from a 12-week break with his stable among the winners but he's done all his winning at 7f.,Scored on turf last summer and went close on AW latest but done all his winning over 7f,Richard & Peter Fahey,"{'runs': 60, 'wins': 8, 'percent': 13}",47,83,[],,[]
2026-05-23,GB,York,Good,13:30,6f,William Hill Keep Your Raceday Positive Handicap,Mister Sox,22,18,6,134,20-038,Sean Kirrane,Huggymac Racing & Ptnr,4,91,gelding,Pivotal,Crowning Glory,"Started 2025 with three wins; wasn't as forward for this year's reappearance but quickly back on form when second (Kats Bob fourth) of nine at Thirsk (6f, good to firm) three weeks ago.",All the sharper for reappearance when second at Thirsk (6f) three weeks ago,Tim Easterby,"{'runs': 96, 'wins': 9, 'percent': 9}",39,85,[],,[]
2026-05-23,GB,York,Good,13:30,6f,William Hill Keep Your Raceday Positive Handicap,Yes Im Mali,22,11,4,134,710-37,Daniel Tudhope,Raceshare & Twenty Seven,4,89,gelding,Sands Of Mali,Yes Always,"Prevailed in big-field Class 5 event at Thirsk (6f, good) last month on second start for new yard; found it harder in a Newbury Class 2 last weekend but could fare better with his sights lowered.",Thirsk win for new yard last month and this easier than Newbury Class 2 last weekend,David OMeara,"{'runs': 49, 'wins': 1, 'percent': 2}",29,76,[],,[]
2026-05-23,GB,York,Good,13:30,6f,William Hill Keep Your Raceday Positive Handicap,Kats Bob,22,8,8,134,492-54,William Pyle,Colin Dorman And Tommy Dorman,4,94,gelding,Bobbys Kitten,Dreaming Of Stella,"Enthusiastic front-runner who shone for Ruth Carr in 2025, winning five 6f handicaps (including a defeat of Jonny Concrete here on good to firm); creditable in-frame efforts on two of three starts this year without necessarily suggesting he's ready to strike again.","Five wins for Ruth Carr last year, including C&D; has run with credit this spring",Ruth Carr,"{'runs': 32, 'wins': 2, 'percent': 6}",53,84,"[{'horse': 'Kats Bob', 'horse_id': 3153450, 'quote': ""He's a front-runner who wears his heart on his sleeve. He's really straightforward and a pleasure to have at the yard. He was a good second at Catterick on his reappearance last week. He's declared at Ripon on Thursday and we'll see what the handicapper does about the Catterick run. I don't really like to back them up too quickly on the back of a break, but he might run if the handicapper forces me to and he seems okay. 15-04-26""}]",,[]
2026-05-23,GB,York,Good,13:30,6f,William Hill Keep Your Raceday Positive Handicap,Lord Roxby,22,6,4,133,09-266,Ethan Tindall,N Skinner D Jenkins J Glover,4,94,gelding,Soldiers Call,Miami Breeze,"Generally performed with great credit last season, including a 6f Hamilton win in May off the same mark as today; never involved in either start this year but his stable's good recent form provides some hope.",Hasn't fired in two runs this year but yard's good recent form provides hope,Nigel Tinkler,"{'runs': 23, 'wins': 4, 'percent': 17}",30,63,"[{'horse': 'Lord Roxby', 'horse_id': 5864558, 'quote': ""He's a very good horse who works very well. We've not quite got it right with him as he's been placed a lot of times and it's disappointing he's only won once this year. We've probably got his trip wrong and he can be very keen. He was like that at Newbury last time when he ran a respectable race to finish sixth. He's rated 81 now and I'd like to go for the 0-80 over 7f at York in a couple of weeks. He could also go to Southwell, where they go a right gallop which helps him settle. He'll be a nice horse next year. 01-10-25""}]",,[]
2026-05-23,GB,York,Good,13:30,6f,William Hill Keep Your Raceday Positive Handicap,Jenever,22,5,7,131,5650-9,George Wood,Chezzy Golf Foxon And Jones,4,89,gelding,Swiss Spirit,Dutch Mistress,Still to find top form this term but he is well handicapped if a change of headgear (first-time visor for cheekpieces) gives him a lift.,Yet to find best form this year but well treated if a first-time visor gives him a lift,Jessica Macey,"{'runs': 8, 'wins': 0, 'percent': 0}",25,71,[],,[]
2026-05-23,GB,York,Good,13:30,6f,William Hill Keep Your Raceday Positive Handicap,Miraculous,22,14,4,132,556-97,Oisin McSweeney,Ambrose Turnbull & John Cruces,4,89,gelding,Too Darn Hot,Priceless,"Met trouble when fifth at Chester (6f, good) a fortnight ago but there were no apparent excuses when filling the same position at Newmarket last Saturday; the type to click for this yard before long but others are stronger today.",Met trouble at Chester a fortnight ago but no obvious excuses at Newmarket last weekend,Tim Easterby,"{'runs': 96, 'wins': 9, 'percent': 9}",39,77,[],,[]
2026-05-23,GB,York,Good,13:30,6f,William Hill Keep Your Raceday Positive Handicap,Dakota Gold,22,2,12,134,-95000,Connor Beasley,Doug Graham And Carole Dods,4,93,gelding,Equiano,Joyeaux,Tremendous stable servant over the years with 17 wins; understandably not the force of old but won on 2025 reappearance (off 6lb higher) and has a strong York record (6-18).,Tremendous stable servant who won on 2025 reappearance and has a strong York record,Michael Dods,"{'runs': 40, 'wins': 3, 'percent': 8}",33,80,"[{'horse': 'Dakota Gold', 'horse_id': 998344, 'quote': ""He always runs his race but he's an old horse now. I always felt he would become competitive again when he dropped below 90 and he's shown that this season. He ran well at York off 84 and then won at Redcar off 86 in May, then ran well again at Ripon off 90, which is his current mark. There's a 0-95 at Thirsk on Friday over 6f and he'll probably run there next, but he doesn't want firm in the going description. 28-08-24""}]",,[]
2026-05-23,GB,York,Good,13:30,6f,William Hill Keep Your Raceday Positive Handicap,Almarada Prince,22,1,5,134,668-20,Billy Garritty,Peedeetee Syndicate & Ged Shields,4,89,gelding,Prince Of Lir,Almarada,"Split James's Delight and Elmonjed in top 3yo handicap over C&D (good to soft) in 2024; failed to win in 2025 but he has edged down the weights and his three runs for Paul Midgley have been quite encouraging, faring best of those in the far-side group when sixth of 16 back on turf at Ripon (6f, good to soft) 37 days ago; considered.",While since he won but his three efforts for Paul Midgley have been encouraging; claims,Paul Midgley,"{'runs': 23, 'wins': 3, 'percent': 13}",30,81,[],,[]
2026-05-23,GB,York,Good,13:30,6f,William Hill Keep Your Raceday Positive Handicap,Intervention,22,15,9,131,040408,Andrew Mullen,The Horse Watchers 8,4,90,gelding,Swiss Spirit,Lady Lube Rye,"Won last season's Great St Wilfrid at Ripon off a 7lb higher mark; didn't run badly at Nottingham (5f, good) on penultimate start and a wide draw offers an excuse at Chester since.",Well handicapped without obviously shaping as if ready to take advantage,Michael Appleby,"{'runs': 19, 'wins': 0, 'percent': 0}",42,65,"[{'horse': 'Intervention', 'horse_id': 2894378, 'quote': ""Our winningmost horse with 11 victories. He had quite a few goes before we bought him and he's won all those races for us and well over £100,000 in prize-money. He's just a legend. He runs his race nearly every time and always seems to be in the money. He's come down to a good mark again for the all-weather season and he's ready to win again soon. He's having a break now and usually thrives through the winter. 26-09-24""}]",,[]
2026-05-23,GB,York,Good,13:30,6f,William Hill Keep Your Raceday Positive Handicap,Tiriac,22,9,6,130,879-13,Barry McHugh,Buist Shields Thompson & Partner,4,92,gelding,Sixties Icon,Rough Courte,"Slowly away and never a threat on all three starts this year, the latest last weekend; being dropped another 2lb can only help but he isn't obviously in good enough form to add to his 2024 success in this.",Won this in 2024 but isn't obviously in good enough form to stage a repeat,Paul Midgley,"{'runs': 23, 'wins': 3, 'percent': 13}",30,75,[],,"[{'date': '2023-06-14', 'type': 'Wind Surgery'}]"
2026-05-23,GB,York,Good,13:30,6f,William Hill Keep Your Raceday Positive Handicap,Blind Beggar,22,4,8,130,00-504,Taryn Langley,New Vision Bloodstock & Steel A Win,4,92,gelding,Equiano,Beylerbey,Record of 240500 for current yard reflects that he hasn't been able to hold his form; others are much more obvious.,Well held both starts this year and others are much more obvious,Jessica Macey,"{'runs': 8, 'wins': 0, 'percent': 0}",25,88,"[{'horse': 'Blind Beggar', 'horse_id': 3130334, 'quote': ""We bought him at the October sales from Ger Lyons' yard with one win to his name. I've given him three runs on the all-weather since he arrived and he has won two of them at Southwell and Chelmsford. The most recent was six weeks ago and I've deliberately put him away now with a turf campaign in mind. He's effective over 5f and 6f and is up to a mark of 84, which looks quite workable. He's well capable of winning off that and hopefully improving some more. 22-03-23""}]",,[]
2026-05-23,GB,York,Good,13:30,6f,William Hill Keep Your Raceday Positive Handicap,Fortamour,22,12,10,130,2006-1,Joanna Mason,Chris Cleevely & Racing Knights,4,93,gelding,Es Que Love,Kathy Sun,Back on form when only narrowly denied a seventh Ripon win 15 days ago but the fact he's placed just once in his eight visits to York is less encouraging,Nearly gained seventh Ripon win latest but his York record isn't anywhere near as strong,Ben Haslam,"{'runs': 18, 'wins': 3, 'percent': 17}",33,85,[],,[]
2026-05-23,GB,York,Good,13:30,6f,William Hill Keep Your Raceday Positive Handicap,El Bufalo,22,16,5,132,26521-,NON-RUNNER,Frn - Chepstow Club,4,91,gelding,Havana Grey,Pryers Princess,"Four-time AW winner who has shown he's equally as effective on turf this spring, shaping better than the result at Ascot before finishing second of six at Chepstow (5f, good to soft) on Thursday; same mark if turned out again quickly but this is a stronger race.",Four AW wins; confirmed he's as good on turf when second on Thursday but this is harder,Thomas Faulkner,"{'runs': 6, 'wins': 0, 'percent': 0}",50,,[],,"[{'date': '2024-05-25', 'type': 'Wind Surgery'}]"
2026-05-23,GB,York,Good,14:05,6f,"Tomahawk EBF Restricted Novice Stakes (Bands A, B, C And D) (EBF Qualifier) (GBB Race)",Cuban Heels,8,4,2,133,3,Robert Havlin,M Bastard,3,79,colt,Havana Grey,Dancing Vega,"100,000gns yearling by Havana Grey, out of 1m 2yo winner; promising third of ten at Ascot (6f, good; 2-1 favourite) two weeks ago, briefly looking a threat; open to improvement and looks the one to beat.","Promising third at Ascot two weeks ago, briefly looking a threat; looks the one to beat",John & Thady Gosden,"{'runs': 29, 'wins': 6, 'percent': 21}",69,54,[],,[]
2026-05-23,GB,York,Good,14:05,6f,"Tomahawk EBF Restricted Novice Stakes (Bands A, B, C And D) (EBF Qualifier) (GBB Race)",Possessive,8,7,2,128,,Shane Gray,Forz Europe Ltd,3,,colt,Lucky Vega,Txope,"By Lucky Vega; dam 7.5f/1m winner (including 2yo/Group 2 German 1,000 Guineas; RPR 110), sister to three winners at up to 1m, out of Listed-placed 6f winning half-sister to 6f 2yo Group 2 winner Zinziberine; bred to be useful and represents an excellent stable; needs serious consideration.",Bred to be useful and represents an excellent stable; needs serious consideration,K R Burke,"{'runs': 45, 'wins': 8, 'percent': 18}",56,,[],,[]
2026-05-23,GB,York,Good,14:05,6f,"Tomahawk EBF Restricted Novice Stakes (Bands A, B, C And D) (EBF Qualifier) (GBB Race)",Lake Muritz,8,3,2,125,612,Warren Fentiman,The Hecklers,3,91,filly,Oasis Dream,Muritz,"Beat four rivals at Beverley (5f, good to soft) earlier this month but came up short in Listed event here last week; needs to get back on track; should stay this extra furlong.",Beverley winner; came up short in Listed event here last week; should stay this far,Tim Easterby,"{'runs': 96, 'wins': 9, 'percent': 9}",39,67,[],,[]
2026-05-23,GB,York,Good,14:05,6f,"Tomahawk EBF Restricted Novice Stakes (Bands A, B, C And D) (EBF Qualifier) (GBB Race)",Mussab,8,5,2,131,,Oisin Orr,Sheikh Abdullah Almalek Alsabah,3,,colt,Ten Sovereigns,Exuding,"52,000gns purchase at the breeze-ups; by Ten Sovereigns; dam 6f winner (RPR 78), half-sister to 6f winner Rhossili Down, out of 6f 2yo winner; bred to be pretty sharp and worth a market check.","52,000gns purchase at the breeze-ups; bred to be pretty sharp and worth a market check",Richard & Peter Fahey,"{'runs': 60, 'wins': 8, 'percent': 13}",47,,[],,[]
2026-05-23,GB,York,Good,14:05,6f,"Tomahawk EBF Restricted Novice Stakes (Bands A, B, C And D) (EBF Qualifier) (GBB Race)",Stardom Glory,8,2,2,133,,Jack Nicholls,Mrs Claire Donaldson,3,,colt,Starspangledbanner,Purr And Prowl,"90,000gns yearling; Starspangledbanner half-brother to winners Rebel Tale (Group-placed 5.7f 2yo; RPR 106), Rebel Step (1m 2yo, 95) and La Vale (US 6f-1m); dam US 1m1f turf winner, half-sister to 1m-1m2f Listed winner Arch Rebel; interesting newcomer for yard whose 2yos have been in top form.","90,000gns yearling; interesting newcomer for yard whose 2yos have been in top form",Hugo Palmer,"{'runs': 17, 'wins': 2, 'percent': 12}",41,,[],,[]
2026-05-23,GB,York,Good,14:05,6f,"Tomahawk EBF Restricted Novice Stakes (Bands A, B, C And D) (EBF Qualifier) (GBB Race)",Turnstile,8,1,2,128,434,Sean Kirrane,Ontoawinner 10 & Partner,3,78,colt,Territories,Poppy Pivot,"Has had three goes already; faded into fourth of 13 at Newmarket last Friday, not convincing with his stamina on first attempt at 6f; one of three runners for Tim Easterby.",0-3; did not convince with stamina for 6f when fourth at Newmarket last Friday,Tim Easterby,"{'runs': 96, 'wins': 9, 'percent': 9}",39,69,[],,[]
2026-05-23,GB,York,Good,14:05,6f,"Tomahawk EBF Restricted Novice Stakes (Bands A, B, C And D) (EBF Qualifier) (GBB Race)",Ponte Carlo,8,8,2,125,83,Cam Hardie,Reality Partnerships IV,3,77,colt,Soldiers Call,Ponty Acclaim,Signs of ability over 5f at Musselburgh (third of four) and Beverley (met trouble when eighth of 11); retains potential but needs a big leap forward over this extra furlong.,Signs of ability in two runs over 5f; retains potential but needs a big leap forward,Tim Easterby,"{'runs': 96, 'wins': 9, 'percent': 9}",39,55,[],,[]
2026-05-23,GB,York,Good,14:05,6f,"Tomahawk EBF Restricted Novice Stakes (Bands A, B, C And D) (EBF Qualifier) (GBB Race)",Ubetawatchout,8,6,2,131,,Andrew Mullen,Middleham Park Racing CXIX & Partner,3,,colt,Ubettabelieveit,Ardbrae Tara,"20,000gns foal, 45,000gns yearling; brother to 5.5f/6f 2yo winner Tricky Tel (RPR 82), half-brother to three winners; dam maiden (61) sister to useful 7f/10.6f winner Jackaroo; may need a run or two before becoming of interest.",Brother to a 5.5f/6f 2yo winner but may need a run or two before becoming of interest,Nigel Tinkler,"{'runs': 23, 'wins': 4, 'percent': 17}",30,,[],,[]
2026-05-23,GB,York,Good,14:40,5f,William Hill Epic Boost Handicap,Fortification,21,17,3,120,1423-1,Connor Beasley,Spring Cottage Syndicate & Joseph Bell,2,100,gelding,Mehmas,Shumookhi,"Sprang a 40-1 C&D surprise last week on first start since leaving Archie Watson, finishing fast to lead late on; now 4lb higher but he hasn't had much racing and there may be better still to come.",Sprang 40-1 C&D surprise last week on stable debut; may still be unexposed,Brian Ellison,"{'runs': 22, 'wins': 1, 'percent': 5}",55,95,[],,[]
2026-05-23,GB,York,Good,14:40,5f,William Hill Epic Boost Handicap,King Of Light,21,7,4,134,2-4109,Sean Kirrane,TJE Racing,2,101,gelding,Mehmas,On The Stage,"Ended 2025 better than ever and he made an encouraging return to action when second at Goodwood (5f, good) at the start of this month; has run well over C&D in the past; solid credentials.",Encouraging return to action when second at Goodwood; solid credentials,Stuart Williams,"{'runs': 23, 'wins': 3, 'percent': 13}",57,92,[],,[]
2026-05-23,GB,York,Good,14:40,5f,William Hill Epic Boost Handicap,Vantheman,21,1,5,132,10781-,Jack Nicholls,Alison Muir Tonge / Colin Paterson,2,105,gelding,Invincible Army,Laila Honiwillow,"None too consistent but he had an excuse on his penultimate start and surged back to form to win at Hamilton (5f, good; made all) last Sunday; that was only his second go in blinkers and he's again of interest under a 5lb penalty.",Only second go in blinkers when making all at Hamilton; possibilities under 5lb penalty,Kevin Ryan,"{'runs': 39, 'wins': 5, 'percent': 13}",44,67,[],,[]
2026-05-23,GB,York,Good,14:40,5f,William Hill Epic Boost Handicap,Air Force One,21,16,5,133,015-60,P J McDonald,Bond Thoroughbred Limited,2,104,gelding,Starspangledbanner,Great Dame,"Has claims on his narrow Beverley win in April (5f, good to soft; only 2lb higher here), but he was never the slightest threat over C&D next time after a sluggish start; needs to bounce back.",Has claims on narrow Beverley win but never the slightest threat over C&D next time,Geoff Oldroyd,"{'runs': 3, 'wins': 0, 'percent': 0}",,92,[],,[]
2026-05-23,GB,York,Good,14:40,5f,William Hill Epic Boost Handicap,Pilgrim,21,13,5,138,4189-9,William Pyle,H D Atkinson,2,104,gelding,Havana Grey,Hot Secret,"In-form 5yo; overcame trouble to win at Musselburgh (5f, soft) in April and was a creditable fourth in a big field here (6f, good) ten days ago; should be thereabouts again off an unchanged mark.",Musselburgh winner; fourth in big field over C&D last time; in the mix off unchanged mark,David & Nicola Barron,"{'runs': 14, 'wins': 1, 'percent': 7}",36,80,[],,[]
2026-05-23,GB,York,Good,14:40,5f,William Hill Epic Boost Handicap,Toca Madera,21,4,5,127,07-940,Daniel Tudhope,L Bond & Sheikh Aymen Jawad Al Hamandi,2,101,gelding,Bated Breath,Hala Hala,"Useful on his day for Brian Meehan, third to subsequent Group 1 winner American Affair over C&D (good to firm) last spring off an 11lb higher mark; might have needed both his runs for new connections, midfield over C&D at the Dante meeting last time; very dangerous if staging a revival.",Third in warm C&D event this time last year; very dangerous if staging a revival,David OMeara,"{'runs': 49, 'wins': 1, 'percent': 2}",29,88,[],,[]
2026-05-23,GB,York,Good,14:40,5f,William Hill Epic Boost Handicap,Alvin,21,21,3,123,413814,Darragh Keenan,Valmont & M Blencowe,2,104,gelding,Kodi Bear,Boston Beauties,"3yo who arrives on the up; easy winner at Bath (5f, firm) last month and ran well considering he was drawn wide and slowly away when fourth at Chester next time; still unexposed and commands major respect.",Upwardly mobile 3yo; better than result when fourth at Chester; commands major respect,George Scott,"{'runs': 15, 'wins': 5, 'percent': 33}",60,94,[],,[]
2026-05-23,GB,York,Good,14:40,5f,William Hill Epic Boost Handicap,Vintage Clarets,21,11,7,129,700-80,Ethan Tindall,A Tattersall & Partner,2,104,gelding,Ardad,Enchanted Princess,"Prolific winner over the years, including over C&D; no impact yet this season but he wasn't disgraced from a wide draw at Chester last time and he's tumbling in the weights; solid each-way claims.",Not disgraced from wide draw at Chester; falling in weights; solid each-way claims,Richard & Peter Fahey,"{'runs': 60, 'wins': 8, 'percent': 13}",47,62,[],,[]
2026-05-23,GB,York,Good,14:40,5f,William Hill Epic Boost Handicap,Reigning Profit,21,9,7,119,25875-,Warren Fentiman,The Chancers,2,104,gelding,Profitable,Reign,"5lb lower than last winning mark and came close to taking advantage when finding only Vantheman too strong at Hamilton (5f, good) last week; meets that rival on 5lb better terms; should be involved in the shake-up once more.",Found only Vantheman too strong at Hamilton and 5lb better off here; respected,Ruth Carr,"{'runs': 32, 'wins': 2, 'percent': 6}",53,84,"[{'horse': 'Reigning Profit', 'horse_id': 3560256, 'quote': ""He's been a good old horse for us. He won three last year and was second, beaten only a neck, in a 5f heritage handicap at Ascot in July. He's had no luck in running three times this year but is capable off his current mark. He wins his races every year and has been a really fun horse for the owners. 15-04-26""}]",,[]
2026-05-23,GB,York,Good,14:40,5f,William Hill Epic Boost Handicap,Lethal Nymph,21,6,7,123,4062-3,Andrew Mullen,Taylors Bloodstock Ltd,2,102,gelding,Lethal Force,Little Nymph,"Runner-up in this race in 2024, and he warmed up nicely for another bid with a good fourth in a big field over C&D at the Dante meeting; should be in the thick of things once more.",Runner-up in 2024 and warmed up nicely at the Dante meeting; should be thereabouts,Paul Midgley,"{'runs': 23, 'wins': 3, 'percent': 13}",30,88,"[{'horse': 'Lethal Nymph', 'horse_id': 4227590, 'quote': ""He's done really well over the winter and wants quicker ground rather than slower. We'll look at a summer campaign over six furlongs. Ascot suits him really well and hopefully he could be one for the Wokingham. 02-05-23""}, {'horse': 'Lethal Nymph', 'horse_id': 4227590, 'quote': ""He ran a solid second in first-time cheekpieces at Pontefract and we thought he'd win at Thirsk but he got a bump there and it's taken him a long time to get over it. He's back galloping now and, with a bit of luck, he should be running soon. 14-08-25""}]",,[]
2026-05-23,GB,York,Good,14:40,5f,William Hill Epic Boost Handicap,Partisan Hero,21,20,6,135,72838-,Robert Havlin,D Lowe & S Hoyland,2,102,gelding,Muhaarar,Mad About You,All wins at 7f/1m but he was placed twice over 5f in Bahrain during the winter; met trouble when second favourite at Chester (extended 7f) on his return to Britain 17 days ago; harder to pin down than some of these and certainly not discounted.,Met trouble when second favourite at Chester on return to Britain; not discounted,David Loughnane,"{'runs': 18, 'wins': 0, 'percent': 0}",28,92,"[{'horse': 'Partisan Hero', 'horse_id': 4642852, 'quote': ""A horse I bought out of Dermot Weld's, he had his first start for us at Windsor this month and just got done in second when he was probably unlucky. He was an expensive horse [72,000gns] for what he's rated [68], but I like him a lot and think he'll be a lovely horse. We got him in October and he's taken time to get right. It was quick enough at Windsor and he probably wants a bit of cut in the ground. I hope he could end up being a Saturday horse. 30-05-24""}]",,[]
2026-05-23,GB,York,Good,14:40,5f,William Hill Epic Boost Handicap,Sports Coach,21,15,5,121,684512,Cam Hardie,Johnson & Morrow,2,104,gelding,Bungle Inthejungle,Jackie Sparrow,"Hasn't built on his success at Southwell (5f, AW) in March; not disgraced when sixth over C&D nine days ago but he'll need more if he's to return to winning ways.",Not disgraced when sixth over C&D but he'll need more if he's to return to winning ways,Antony Brittain,"{'runs': 15, 'wins': 0, 'percent': 0}",40,93,"[{'horse': 'Sports Coach', 'horse_id': 5379858, 'quote': ""I think he's a Group sprinter in the making. He won his last two races on the all-weather very well and will go to Bath for a £45,000 three-year-old handicap on Sunday. If it comes up very soft he'll wait for a 0-90 at Thirsk, then he'll go for the Westow at York. 03-04-24""}]",,"[{'date': '2025-04-22', 'type': 'Wind Surgery'}, {'date': '2024-10-08', 'type': 'Wind Surgery'}]"
2026-05-23,GB,York,Good,14:40,5f,William Hill Epic Boost Handicap,Stratusnine,21,10,4,135,P25U-2,Oisin Orr,Stratus9 Consulting Limited,2,102,gelding,Far Above,Teide Lady,Slipped and was pulled up at Chester 16 days ago but he'd previously run well when second over 6f at Newcastle; creditable efforts on both his runs at York (7f); yet to prove his effectiveness at 5f but he's not short of speed; not ruled out.,Last effort best ignored and he'd previously run well at Newcastle; not ruled out,Hugo Palmer,"{'runs': 17, 'wins': 2, 'percent': 12}",41,,[],,[]
2026-05-23,GB,York,Good,14:40,5f,William Hill Epic Boost Handicap,Squealer,21,5,6,124,96-008,Faye McManoman,Martin Webb Racing,2,100,gelding,Mehmas,Sunny Hollow,"Only sixth and ninth this year, but he caught the eye on his reappearance and blew the start next time; now 7lb lower than when winning over C&D (good ground) last summer; likely to be doing his best work late on and a leading contender if getting the breaks.",Excuses this year and now 7lb lower than when winning over C&D last summer; interesting,Nigel Tinkler,"{'runs': 23, 'wins': 4, 'percent': 17}",30,83,"[{'horse': 'Squealer', 'horse_id': 4425832, 'quote': ""His win at York in June meant a lot to us as it's our local course and the owners have an apartment in the old Terry's Chocolate factory, which overlooks the track. He beat Jm Jungle that day and that form looks even better now. The handicapper has got his measure a bit and he's been unlucky with his draws in recent races. He'll go back to York for the final meeting there but he needs quick ground. He won't go to Bahrain this time as he didn't travel well there last year. 01-10-25""}]",,[]
2026-05-23,GB,York,Good,14:40,5f,William Hill Epic Boost Handicap,Ziggys Triton,21,12,4,134,015935,Ben Robinson,Middleham Park Racing LIII,2,103,gelding,Profitable,Ahazeej,"Returned to form with a win at Musselburgh (5f, good) in April but followed that with a below-par run over C&D last week; Danny Tudhope jumps ship; others are more enticing.",Followed Musselburgh win with below-par run over C&D; others are more enticing,David OMeara,"{'runs': 49, 'wins': 1, 'percent': 2}",29,92,[],,[]
2026-05-23,GB,York,Good,14:40,5f,William Hill Epic Boost Handicap,Temple Of Athena,21,18,3,122,8071-3,Billy Garritty,Nick Bradley Racing 17 And Partner,2,102,filly,Magna Grecia,Dance Hall Girl,"All three wins at 5f; below par since beating eight rivals at Wolverhampton in March, although she faced a stiff task and met some trouble in Listed race here last week; this is a more realistic assignment but others still have more obvious claims.",Stiff task and met trouble in Listed race here last week but others are still more obvious,Brian Ellison,"{'runs': 22, 'wins': 1, 'percent': 5}",55,72,[],,[]
2026-05-23,GB,York,Good,14:40,5f,William Hill Epic Boost Handicap,Master Of My Fate,21,14,5,129,518416,Shane Gray,Ms Janelle Cao Ross Harmon & Partner,2,101,gelding,Footstepsinthesand,The Works,"Successful twice over 5f at Southwell this year and ran respectably at Nottingham in April, but he's 3lb above his highest winning mark and will need a career best if he's to go in again.",Two Southwell wins this year; fair run last time but will need career best to go in again,John & Sean Quinn,"{'runs': 13, 'wins': 2, 'percent': 15}",38,72,"[{'horse': 'Master Of My Fate', 'horse_id': 5120125, 'quote': ""He beat very little when winning at Pontefract on his debut but he beat them very well and also ran well in a novice at Lingfield, even though he wasn't in love with that track. Then it didn't look like he stayed 6f at Newcastle. I'd imagine we'll drop him back to 5f and he could be one for decent sprint handicaps. He's been gelded and I think that will help him. 20-03-24""}]",,"[{'date': '2024-07-08', 'type': 'Wind Surgery'}]"
2026-05-23,GB,York,Good,14:40,5f,William Hill Epic Boost Handicap,Franciscos Piece,21,2,4,126,7-5000,Mikey Sheehy,Keatley Racing OG Finneran & Allen,2,101,colt,Mayson,Josefa Goya,Smart 2yo; struggled in good handicaps last year but he has slipped down the weights and might well have needed the run when seventh of nine at Catterick on return; has possibilities if building on that.,Might have needed the run when seventh at Catterick; has possibilities if building on that,Adrian Paul Keatley,"{'runs': 15, 'wins': 2, 'percent': 13}",47,90,"[{'horse': 'Franciscos Piece', 'horse_id': 5817988, 'quote': ""We've been waiting all year for the autumn and he could even end up being an Ayr Gold Cup horse. We ran him over 7f at Epsom and I don't think that's his trip. He's an out-and-out 6f horse who wants ease in the ground. His run at York recently will have sharpened him up. He's going to get an entry in the three-year-olds-only race at the Shergar Cup. He needs rain as he wants juice in the ground and, if he gets it, we'll be looking forward to running him there. 07-08-25""}]",,[]
2026-05-23,GB,York,Good,14:40,5f,William Hill Epic Boost Handicap,Elegant Erin,21,8,9,134,90-411,Barry McHugh,R J Bloodstock,2,104,mare,Dandy Man,Eriniya,"Ended 2025 in top form, winning twice at Beverley (5f, soft), but she has looked rusty on both her starts this year; absent another seven weeks since her last run and probably best watched.","Ended 2025 in top form, winning twice, but has looked rusty on both starts this year",Paul Midgley,"{'runs': 23, 'wins': 3, 'percent': 13}",30,89,"[{'horse': 'Elegant Erin', 'horse_id': 2550991, 'quote': ""She's an absolute sweetheart, I love her to bits. She's very honest and genuine and she's easy to train. The lack of early pace got her beaten at Pontefract last time and she has run well all year without winning, which is quite frustrating. She needs a proper end-to-end gallop over a stiff 5f. 14-08-25""}]",,"[{'date': '2024-06-04', 'type': 'Wind Surgery'}]"
2026-05-23,GB,York,Good,14:40,5f,William Hill Epic Boost Handicap,We Never Stop,21,3,5,132,08397-,Tom Eaves,B T McDonald,2,104,gelding,Cotai Glory,Deliziosa,"Seems best on the AW these days and has run poorly on his last two turf outings, including here; others make more appeal.",Seems better on AW these days; poor efforts last two turf outings; others appeal more,Kevin Ryan,"{'runs': 39, 'wins': 5, 'percent': 13}",44,57,[],,[]
2026-05-23,GB,York,Good,14:40,5f,William Hill Epic Boost Handicap,Spoof,21,19,11,121,1-7849,Alec Voikhansky,Trisha Keane & Friend,2,102,gelding,Poets Voice,Filona,"Old-timer who notched win number 12 at Doncaster's Lincoln meeting (5f, good to soft; 40-1); can't be discounted off 4lb higher but others are still higher on the list.",Old-timer who notched win number 12 at Doncaster's Lincoln meeting; 4lb higher here,Kevin Frost,"{'runs': 17, 'wins': 0, 'percent': 0}",24,96,[],,[]
2026-05-23,GB,York,Good,15:15,1m5f188y,William Hill Bronte Cup Fillies' Stakes (Group 3),Danielle,7,3,5,128,-1542/,Robert Havlin,A E Oppenheimer,1,125,mare,Cracksman,Crimson Ribbon,"Likeable 5yo who signed off for last year with a demolition job on 17 rivals in Listed event at Doncaster (1m2f, heavy) in November; possibly ideally suited by the mud but drying ground should not inconvenience her unduly and she has made the frame in two Group 2 races over 1m6f; the one to beat if giving her running after a winter break.",Runaway winner in big field on final 4yo start; the one to beat after a winter break,John & Thady Gosden,"{'runs': 29, 'wins': 6, 'percent': 21}",69,119,[],,[]
2026-05-23,GB,York,Good,15:15,1m5f188y,William Hill Bronte Cup Fillies' Stakes (Group 3),Miss Alpilles,7,1,5,128,3-1120,George Downing,John Pearce Racing Ltd,1,114,mare,Sea The Stars,Alma Linda,Upwardly mobile 5yo who seemed suited by the step up to 2m when winning Listed race at Newmarket (good) last autumn; ran creditably against male rivals when 8l third of eight in Group 3 Sagaro at Ascot on return; today's drop back in distance isn't an obvious positive but she may have more in the tank and should give a good account of herself.,Upwardly mobile 5yo; third in Group 3 at Ascot; should go well despite this shorter trip,Ed Walker,"{'runs': 36, 'wins': 4, 'percent': 11}",46,104,"[{'horse': 'Miss Alpilles', 'horse_id': 5665673, 'quote': ""She did nothing wrong on fast ground at the end of last year. She relaxes well now and stays, so she'll start in the Sagaro Stakes at Ascot. She could be a fun mare for staying races. 22-04-26""}]",,[]
2026-05-23,GB,York,Good,15:15,1m5f188y,William Hill Bronte Cup Fillies' Stakes (Group 3),Lava Stream,7,5,5,128,5/6921,Daniel Tudhope,Elwick Stud,1,113,mare,Too Darn Hot,Stream Song,"Went close in the Group 2 Ribblesdale (1m4f, good to firm) during a 3yo campaign that ended in the Irish Oaks and Yorkshire Oaks; missed 2025 and shaped as if needing the run when beating only one home in Listed race at Nottingham (25-1) four weeks ago; usual hood is left off today; not ruled out but she'll have to make a major leap forward from her reappearance.",Went close in Group 2 as 3yo; missed 2025 and seemed rusty on return; needs a leap forward,David OMeara,"{'runs': 49, 'wins': 1, 'percent': 2}",29,72,"[{'horse': 'Lava Stream', 'horse_id': 5166330, 'quote': ""She progressed very well last year and then had a little niggle towards the end. She showed a lot - and surprised us - when going so easily in the Ribblesdale and maybe hit the front a tad early. She's a Listed winner with plenty of ability and the aim would be to win a Group race. 14-04-25""}]",,[]
2026-05-23,GB,York,Good,15:15,1m5f188y,William Hill Bronte Cup Fillies' Stakes (Group 3),Desert Spring,7,6,4,128,44-613,Connor Beasley,Elliott Bloodstock Services Ltd,1,114,filly,Oasis Dream,Fly The Flag,"Stablemate of Danielle last season, winning 1m4f novice at Southwell; creditable fourth in French Listed races (10.5f/1m6f, good to soft/very soft) for new yard, rallying in latter; fair bit to find with the favourite but she's still relatively lightly raced and her fitness is guaranteed.",Fourth in French Listed races; something to find on form but her fitness is guaranteed,Mario Baratti,"{'runs': 9, 'wins': 1, 'percent': 11}",,111,[],,[]
2026-05-23,GB,York,Good,15:15,1m5f188y,William Hill Bronte Cup Fillies' Stakes (Group 3),Miss Wong,7,2,4,128,7-8211,Darragh Keenan,Miss K Rausing,1,104,filly,Study Of Man,Oriental Mystique,"From a useful middle-distance family and she won two handicaps at around 1m3f in the second half of 2025; however, she has come up well short in two attempts at Listed/Group 3 level, and she has a mountain to climb on form.",Has come up well short at Listed/Group 3 level and has a mountain to climb on form,David Simcock,"{'runs': 14, 'wins': 1, 'percent': 7}",36,88,"[{'horse': 'Miss Wong', 'horse_id': 6429526, 'quote': 'She\'s from a family we know well given we trained her dam and she\'s related to Madame Chiang, who won for us on Champions Day in 2014. She\'s done everything right. 04-09-24""'}]",,[]
2026-05-23,GB,York,Good,15:15,1m5f188y,William Hill Bronte Cup Fillies' Stakes (Group 3),Rock N Roll Pinkie,7,7,6,128,42-623,Tom Eaves,A W Bult,1,104,mare,Sun Central,Maggie Pink,Six wins (all handicaps) from 32 runs; not disgraced after losing ground at the start when fourth of six at Nottingham four weeks ago; faces a significantly stiffer assignment on her first attempt at a Group race.,All six wins in handicaps; faces much stiffer assignment on first attempt at a Group race,Ivan Furtado,"{'runs': 24, 'wins': 1, 'percent': 4}",38,79,[],,[]
2026-05-23,GB,York,Good,15:15,1m5f188y,William Hill Bronte Cup Fillies' Stakes (Group 3),Tamam Desert,7,4,4,128,700-06,Oisin Orr,Tamam Desert Partnership,1,98,filly,Sea The Moon,My Spirit,Often highly tried and unplaced all seven starts since winning a Galway maiden in September 2024; seemed to stay 1m6f in Gowran Listed race last time but still finished only seventh; flying even higher today.,Only seventh in Gowran Listed race last time and flying even higher today,M D OCallaghan,"{'runs': 10, 'wins': 1, 'percent': 10}",20,58,[],,[]
2026-05-23,GB,York,Good,15:50,7f,Reg Bond 'Always And Forever' Handicap,Reliable Ricki,22,11,3,134,1-133,Darragh Keenan,James Paul Services To Industry Ltd,4,92,gelding,Elzaam,Babylonian,"Has progressed with every run and his form has a solid look; came from well back when leading late on at Doncaster (1m, good) at the start of this month; drops back 1f in trip but he's not short of speed; open to further improvement and high on the list.",Progressive; came to rear to win at Doncaster; retains potential and high on the list,George Scott,"{'runs': 15, 'wins': 5, 'percent': 33}",60,37,[],,[]
2026-05-23,GB,York,Good,15:50,7f,Reg Bond 'Always And Forever' Handicap,Sporting Light,22,18,3,135,11-951,Warren Fentiman,Richard Fahey Ebor Racing Club Ltd,4,86,gelding,Calyx,Chase The Light,"Made it 3-3 on AW with convincing success over this trip at Southwell two weeks ago; however, he's gone up 10lb and his turf form is at a much lower level.",Made it 3-3 on AW at Southwell last time but up 10lb and turf form is at much lower level,Richard & Peter Fahey,"{'runs': 60, 'wins': 8, 'percent': 13}",47,,[],,[]
2026-05-23,GB,York,Good,15:50,7f,Reg Bond 'Always And Forever' Handicap,Moscow Power,22,2,3,133,31-73,George Wood,S Radymski,4,89,gelding,Sergei Prokofiev,Kuznetsova,"Lightly raced and unexposed; landed odds at Chelmsford (6f, AW) in March and the runner-up has boosted the form; beat all bar two of his 18 rivals in warm handicap at Ascot (6f, good) two weeks ago, doing his best work late on; should be suited by today's step up in distance; leading contender.",Good third of 19 on handicap at Ascot; unexposed over this longer trip; leading contender,Michael Appleby,"{'runs': 19, 'wins': 0, 'percent': 0}",42,78,[],,[]
2026-05-23,GB,York,Good,15:50,7f,Reg Bond 'Always And Forever' Handicap,The Resdev Scholar,22,1,3,134,3342-1,Joanna Mason,N Bradley 29 Resdev & South Bank Racing,4,89,gelding,Mehmas,Scholarly,Reliable type who again gave his running when third of 14 over C&D at the Dante meeting (good); nudged up 1lb but that should not prevent another bold bid.,Reliable type; third over C&D at Dante meeting; another bold bid anticipated,Michael & David Easterby,"{'runs': 33, 'wins': 2, 'percent': 6}",33,68,[],,[]
2026-05-23,GB,York,Good,15:50,7f,Reg Bond 'Always And Forever' Handicap,Zarvali,22,16,3,135,1-2587,Oisin McSweeney,Swales & Fell,4,83,gelding,Dandy Man,Zunera,"Trained last year in Ireland by Johnny Murtagh; made an immediate impact for new yard when winning Catterick novice (7f, good) 12 days ago, seeming suited by the step up from sprint distances; may improve further but this is a fair bit warmer.",Seemed suited by step up in trip when winning on stable debut at Catterick; this is warmer,Roger Fell,"{'runs': 12, 'wins': 3, 'percent': 25}",67,70,[],,[]
2026-05-23,GB,York,Good,15:50,7f,Reg Bond 'Always And Forever' Handicap,Cotai Eye Joe,22,21,3,131,133,Oisin Orr,Ursa Major Racing & Alfa Site Services,4,84,gelding,Cotai Glory,Apadana,"Looked green first two starts; improved a bit under positive ride when winning 11-runner maiden at Wolverhampton (7f, AW) last month; hardly looks thrown in for handicap/turf debut but he may not have reached his ceiling just yet.",Wolverhampton maiden winner; this is tougher but he may not have reached his ceiling,Ivan Furtado,"{'runs': 24, 'wins': 1, 'percent': 4}",38,,[],,[]
2026-05-23,GB,York,Good,15:50,7f,Reg Bond 'Always And Forever' Handicap,Toastmaster,22,15,3,128,532-24,Robert Havlin,The Follow The Majer Partnership,4,85,gelding,Cotai Glory,Wedding Wish,"0-7 for the Crisfords, only fifth of seven on turf debut at Doncaster (1m, good to firm) last month; looks exposed unless a change of scenery gives him a lift.",0-7 for the Crisfords; looks exposed unless a change of scenery gives him a lift,Michael Herrington,"{'runs': 13, 'wins': 1, 'percent': 8}",31,74,[],,[]
2026-05-23,GB,York,Good,15:50,7f,Reg Bond 'Always And Forever' Handicap,Stellar Vision,22,13,3,134,031-3,Sean Kirrane,J W Parry & Robert Levitt,4,89,colt,Oasis Dream,Stellar Surprise,"Free-goer who followed a good effort at Newmarket's Craven meeting (7f, good) with a poor one at the Guineas meeting; beginning to look a difficult ride and on a retrieval mission here.",Followed good effort at Craven meeting with poor one at Guineas meeting; others preferred,Stuart Williams,"{'runs': 23, 'wins': 3, 'percent': 13}",57,58,[],,[]
2026-05-23,GB,York,Good,15:50,7f,Reg Bond 'Always And Forever' Handicap,Goldwork,22,4,3,135,53-004,Jack Nicholls,G Owen,4,86,gelding,Dark Angel,Thread Of Silver,Proved his effectiveness over 7f when fifth of ten at Ascot (good ground) two weeks ago; others have more obvious potential but first-time cheekpieces could give him a boost.,Creditable fifth at Ascot last time and first-time cheekpieces could give him a boost,Eve Johnson Houghton,"{'runs': 28, 'wins': 5, 'percent': 18}",46,63,"[{'horse': 'Goldwork', 'horse_id': 7204783, 'quote': ""He finished eighth on his debut at Ascot in April and then won at Goodwood. He's a really nice horse and I'm very pleased with him. I'm looking to run him again but not sure where he'll go. I'll try to find a novice for him but I'd fancy him wherever he goes. 02-07-25""}]",,[]
2026-05-23,GB,York,Good,15:50,7f,Reg Bond 'Always And Forever' Handicap,Pints In Peace,22,17,3,133,143125,Tom Eaves,Alfa Site Services & Partner,4,83,gelding,Bated Breath,Pinpointed,"Has been busy on the AW, winning over this trip at Wolverhampton in March and May; most recent success came in a weakish race and he's now up 6lb and back on turf (unplaced all five starts); enough doubts.",Two recent AW wins but mark has risen and he's 0-5 on turf,Ivan Furtado,"{'runs': 24, 'wins': 1, 'percent': 4}",38,,[],,[]
2026-05-23,GB,York,Good,15:50,7f,Reg Bond 'Always And Forever' Handicap,Lucky Hero,22,7,3,133,1-8323,Daniel Tudhope,Salem Rashid Bin Ghadayer,4,86,gelding,Lucky Vega,New Terms,"0-7 as 2yo but improved a bit for gelding operation when making winning reappearance in Redcar novice (7f, good to firm; 11-4) three weeks ago; may find a bit more and he's more persuasive than many.",Gelded prior to making winning return in novice at Redcar; more persuasive than many,David OMeara,"{'runs': 49, 'wins': 1, 'percent': 2}",29,81,[],,[]
2026-05-23,GB,York,Good,15:50,7f,Reg Bond 'Always And Forever' Handicap,French Affair,22,19,3,130,452-42,Alec Voikhansky,Georginio Rutter & Jinky Farms,4,85,gelding,Mehmas,Clearly Crystal,"Usually runs some sort of race but he has not finished with much purpose at Southwell (AW) or Lingfield (turf) on his last two starts, and this is more competitive; needs a revival.",Has not finished with much purpose on last two starts; needs a revival,Richard Hannon,"{'runs': 53, 'wins': 8, 'percent': 15}",64,45,[],,[]
2026-05-23,GB,York,Good,15:50,7f,Reg Bond 'Always And Forever' Handicap,Ubetterseethis,22,3,3,125,3-3277,William Pyle,Craig Lidster Racing,4,85,gelding,Ubettabelieveit,Sightseeing,"1-13; showed he retains all his ability when third of ten at Beverley (7.4f, good to soft) on reappearance, in the firing line throughout; this is warmer but he could make the frame again.",Showed he retains ability with Beverley third; this is warmer but could make frame again,Craig Lidster,"{'runs': 11, 'wins': 0, 'percent': 0}",45,86,[],,[]
2026-05-23,GB,York,Good,15:50,7f,Reg Bond 'Always And Forever' Handicap,Sandy Craic,22,6,3,126,234-24,Conor Whiteley,Gallop Racing,4,85,filly,Starman,Beach Wedding,"0-6 but she's proving consistent and she was beaten off by the reopposing Zarvali only late on at Catterick (7f, good) 12 days ago; good-value claimer takes 7lb off; not ruled out each-way.",Consistent filly; good-value claimer takes 7lb off; not ruled out each-way,David OMeara,"{'runs': 49, 'wins': 1, 'percent': 2}",29,82,[],,[]
2026-05-23,GB,York,Good,15:50,7f,Reg Bond 'Always And Forever' Handicap,Bye Law,22,9,3,126,66-579,Jake Dickson,D Sturdy D Lumley & Partner,4,82,gelding,Invincible Army,Virtually,"Won Ayr maiden and Redcar novice (6f, good/good to firm) last summer but hasn't repeated the form in sprint handicaps; hard to make a case for but perhaps this step up in distance will suit.",Treading water in sprint handicaps; hard to make a case for but this longer trip may suit,Tim Easterby,"{'runs': 96, 'wins': 9, 'percent': 9}",39,70,[],,[]
2026-05-23,GB,York,Good,15:50,7f,Reg Bond 'Always And Forever' Handicap,Record Day,22,8,3,125,848,P J McDonald,Bond Thoroughbred Limited,4,84,gelding,Showcasing,Airwaves,"Unplaced in three 7f novices this spring, racing freely in rear on latest; needs a chunk of improvement on handicap debut, but market support would be significant.",Unplaced in three 7f novices this spring; needs a chunk of improvement on handicap debut,Brian Ellison,"{'runs': 22, 'wins': 1, 'percent': 5}",55,45,[],,[]
2026-05-23,GB,York,Good,15:50,7f,Reg Bond 'Always And Forever' Handicap,Illys Roo,22,12,3,131,783174,Connor Beasley,The Mammoth Pack Ltd,4,86,gelding,Australia,Illykato,All three wins have come over this trip but he finished two places behind Goldwork when only seventh of ten at Ascot two weeks ago; needs a positive reaction to the first-time hood.,Two places behind Goldwork when seventh at Ascot; needs positive reaction to the hood,Gemma Tutty,"{'runs': 11, 'wins': 1, 'percent': 9}",36,62,"[{'horse': 'Illys Roo', 'horse_id': 8137374, 'quote': ""He's another horse who needs plenty of pace to aim at. He won at 28-1 at Southwell in March and I think he could pop up again when there's a race run to suit. He'll probably be aimed at some of the bigger handicaps where there's more chance to get that sort of pace angle for him. We have entered him at Chester - which I'm not terribly sure will suit - but he'll just run in any handicaps around 7f that have good prize-money and where it looks like they'll have a bit of pace. 06-05-26""}]",,[]
2026-05-23,GB,York,Good,15:50,7f,Reg Bond 'Always And Forever' Handicap,Harswell Angel,22,5,3,126,884-71,Billy Garritty,Harswell Thoroughbred Racing I,4,83,gelding,Soldiers Call,Angels,"Progressive first three starts but he has not cut much ice in handicaps, fading into eighth at Wetherby on latest; at least the handicapper is cutting him some slack and the good recent form of his stable is a plus.",No real impact in handicaps but at least he's now falling in the weights,Roger Fell,"{'runs': 12, 'wins': 3, 'percent': 25}",67,72,[],,[]
2026-05-23,GB,York,Good,15:50,7f,Reg Bond 'Always And Forever' Handicap,Dacres Cross,22,10,3,125,0-6701,Shane Gray,J Speight & M Holdsworth,4,83,gelding,Prince Of Lir,Shahaama,Rather fizzled out as a 2yo and he was tailed off on reappearance at Wetherby; difficult to recommend after that.,Rather fizzled out as 2yo and tailed off on return at Wetherby; difficult to recommend,Kevin Ryan,"{'runs': 39, 'wins': 5, 'percent': 13}",44,75,[],,[]
2026-05-23,GB,York,Good,15:50,7f,Reg Bond 'Always And Forever' Handicap,Try Storm Cat,22,14,3,127,8062-0,Andrew Mullen,New Vision Bloodstock,4,85,gelding,Saxon Warrior,Second Happiness,"Hasn't built on a 6f win at Pontefract last summer, and two runs for his current yard have been some way below par; falling in the weights but needs to turn over a new leaf.",Two runs for current yard have been some way below par; needs to turn over a new leaf,Jessica Macey,"{'runs': 8, 'wins': 0, 'percent': 0}",25,53,[],,[]
2026-05-23,GB,York,Good,15:50,7f,Reg Bond 'Always And Forever' Handicap,Kanishka,22,20,3,132,443-70,NON-RUNNER,C Booth P Boyle S Coleby & S Smith,4,87,gelding,Coulsty,Blushing Rose,"In frame all three runs this year, although he didn't go with much fluency when fourth of six at Musselburgh (1m; wore cheekpieces) on latest; more required.",Didn't go with much fluency when fourth of six at Musselburgh; more required,Brian Ellison,"{'runs': 22, 'wins': 1, 'percent': 5}",55,,[],,[]
2026-05-23,GB,York,Good,15:50,7f,Reg Bond 'Always And Forever' Handicap,Nanoscience,22,22,3,130,31-354,NON-RUNNER,Miss K Rausing,4,,filly,Study Of Man,Nebulosa,"Incremental progress with each run, third of 11 on handicap debut at Newmarket (7f, good to firm) on latest; should be in the thick of things again provided her wide draw is no inconvenience.","Incremental progress with each run, third on handicap debut at Newmarket; in the mix again",Andrew Balding,"{'runs': 63, 'wins': 9, 'percent': 14}",63,,[],,[]
2026-05-23,GB,York,Good,16:25,1m2f56y,Royal Yorkshire Regiment Handicap (GBBPlus Race),Bridge Of Eagles,11,7,3,130,1-635,Daniel Tudhope,C & L Washbourn And Mrs S Woodward,4,92,gelding,Gleneagles,Bridge Of Peace,"11-2 for handicap/seasonal debut at Goodwood (1m2f, good) three weeks ago and showed improved form to come from off the pace and win narrowly; the runner-up went one better on Monday; open to further improvement and the 3lb rise will probably underestimate him.",Open to further improvement after Goodwood 1m2f win; 3lb rise probably underestimates him,David Menuisier,"{'runs': 17, 'wins': 2, 'percent': 12}",53,59,[],,[]
2026-05-23,GB,York,Good,16:25,1m2f56y,Royal Yorkshire Regiment Handicap (GBBPlus Race),Stoneacre Donny,11,6,3,133,23-316,Cam Hardie,R Teatum & Partner,4,93,gelding,Japan,Iromea,"33-1 winner of a 7f novice at Thirsk last September; improved form from off the pace again in all three handicaps since, this season's over 1m4f at Doncaster and York; the latter was a warm race in which he shaped as if a return to 1m2f would be fine; up 4lb but on the shortlist.",Second in a warm 1m4f race here last week and shaped as if a return to 1m2f would be fine,Tim Easterby,"{'runs': 96, 'wins': 9, 'percent': 9}",39,79,[],,[]
2026-05-23,GB,York,Good,16:25,1m2f56y,Royal Yorkshire Regiment Handicap (GBBPlus Race),Moment Of Light,11,8,3,134,411-66,William Carson,The Gredley Family,4,91,gelding,Sea The Moon,Sated,"Gelded and tongue tied when justifying favouritism in five-runner handicaps over 1m3f on Kempton AW this February and April; raced a bit freely and never got into it when back to turf at Chester (1m4f, good; second favourite) 16 days ago but not at all discredited and it's possible he may resume his progress; cheekpieces go on.",Not at all discredited at Chester latest and may resume his progress; cheekpieces go on,James Owen,"{'runs': 47, 'wins': 4, 'percent': 9}",57,77,[],,[]
2026-05-23,GB,York,Good,16:25,1m2f56y,Royal Yorkshire Regiment Handicap (GBBPlus Race),Plan C,11,4,3,131,-237,Luke Catton,Mcneill Family & Ian Dale,4,89,colt,Sioux Nation,Bright Bank,"Fair form at Kempton (7f, AW) and Sandown (1m, soft; three ran) on his last two starts as 2yo and he shaped as if he'd prove capable of better, including at this trip; one to note on handicap/seasonal debut.","Shaped as 2yo as if he'd prove capable of better, including at this trip; one to note",Alan King,"{'runs': 20, 'wins': 1, 'percent': 5}",65,48,[],,[]
2026-05-23,GB,York,Good,16:25,1m2f56y,Royal Yorkshire Regiment Handicap (GBBPlus Race),Pendella,11,1,3,129,5314-2,Jack Nicholls,David & Yvonne Blunt,4,91,filly,Space Blues,Majenta,"Won one of four AW races to start career; 14-1 for turf debut in warm race here (1m4f, good) nine days ago, leading 3f out to 2f out before cracking and shaping like a non-stayer behind Stoneacre Donny; 5lb claimer is enlisted and this first go at 1m2f should suit.",Led 3f out to 2f out before cracking behind Stoneacre Donny in 1m4f race here last week,K R Burke,"{'runs': 45, 'wins': 8, 'percent': 18}",56,76,[],,[]
2026-05-23,GB,York,Good,16:25,1m2f56y,Royal Yorkshire Regiment Handicap (GBBPlus Race),Pearl River,11,3,3,134,85-134,Alec Voikhansky,Lord Carnarvon,4,90,colt,Cotai Glory,Safiyna,"All seven races on good or softer; 1m2f suited him well on final two runs as 2yo, culminating in a Nottingham handicap win; not discredited when up against it on his two starts this term and this is much more realistic, but he still needs better.",Not discredited when up against it both starts this term and this is much more realistic,Richard Hannon,"{'runs': 53, 'wins': 8, 'percent': 15}",64,69,[],,[]
2026-05-23,GB,York,Good,16:25,1m2f56y,Royal Yorkshire Regiment Handicap (GBBPlus Race),Alba Gu Brath,11,10,3,128,71-22,Andrew Mullen,Dr J Walker,4,87,colt,Study Of Man,Alea Iacta,"Two seconds and a win (hung left) to start his career this winter on AW, all over 1m; many from this stable bounce back but, notwithstanding the 106 days off, last month's handicap/turf debut at Doncaster (1m4f, good to firm) looked severely disappointing.","106 days off when severely disappointing on handicap/turf debut (1m4f, good to firm)",Charlie Johnston,"{'runs': 44, 'wins': 6, 'percent': 14}",41,52,"[{'horse': 'Alba Gu Brath', 'horse_id': 8463846, 'quote': ""He won his novice over a mile but is shaping as though he'll be better when stepped up to a mile and a quarter, and he may well get a mile and a half come the summer. He's a colt we've always liked and strikes me as one of those three-year-old middle-distance handicappers that we tend to do well with. 21-04-26""}]",,[]
2026-05-23,GB,York,Good,16:25,1m2f56y,Royal Yorkshire Regiment Handicap (GBBPlus Race),Mr Seagull,11,11,3,135,4-0021,Oisin Orr,Two Plus Three Two Plus Four,4,89,gelding,Space Blues,Bayja,"Made bright start as 2yo, before well beaten at big prices in two sales races in September; gelded and wore cheekpieces on handicap/seasonal debut at Haydock (1m, good to firm; 18-1) four weeks ago, when keeping on into fourth as if this trip is worth a go, but he needs to raise his game markedly.",This trip is worth a go judged on 1m reappearance but he needs to raise his game markedly,Hugo Palmer,"{'runs': 17, 'wins': 2, 'percent': 12}",41,81,[],,[]
2026-05-23,GB,York,Good,16:25,1m2f56y,Royal Yorkshire Regiment Handicap (GBBPlus Race),Magic Trip,11,2,3,133,53-81,Callum Hutchinson,The Yippees & Partner,4,91,gelding,Study Of Man,Aventuriere,"Won at Bath (1m, good to soft) last September on the first of his four starts; prominent long way and took a bump in the closing stages when fifth of six in a hot race for handicap debut at Sandown (1m2f, good) last time, which was his highest rating and he can probably do better still.","Fifth of six in hot race for handicap debut at Sandown (1m2f, good) was his highest rating",Andrew Balding,"{'runs': 63, 'wins': 9, 'percent': 14}",63,75,[],,[]
2026-05-23,GB,York,Good,16:25,1m2f56y,Royal Yorkshire Regiment Handicap (GBBPlus Race),Northern Brave,11,9,3,131,0-13,Sean Kirrane,Sekura Group,4,88,colt,Gleneagles,Huamulan,"Ran twice over 1m at Ayr last autumn, on second occasion stretching 5l clear when 2-7 in a four-runner novice (heavy); made his reappearance in a warm handicap here last week, weakening markedly behind Stoneacre Donny but perhaps both in need of the race (28-1) and stretched by the 1m4f; better may well be forthcoming this time.",Weakening here last week when perhaps both in need of the race and stretched by 1m4f,Michael Dods,"{'runs': 40, 'wins': 3, 'percent': 8}",33,68,[],,[]
2026-05-23,GB,York,Good,16:25,1m2f56y,Royal Yorkshire Regiment Handicap (GBBPlus Race),Simon Pierre,11,5,3,129,10,NON-RUNNER,Simon Chappell,4,88,colt,Zelzal,Monst,"Showed promise on debut in March and justified market interest to win from off the pace in a seven-runner novice at Thirsk (1m, good) six weeks ago, form which has been boosted; pedigree and manner of that win suggest that this step up in trip will suit him well for handicap debut; considered.",Pedigree and manner of 1m novice win suggest that this step up in trip will suit him well,Gemma Tutty,"{'runs': 11, 'wins': 1, 'percent': 9}",36,,"[{'horse': 'Simon Pierre', 'horse_id': 9004874, 'quote': ""He debuted at Doncaster and he jumped too well from the stalls and ran too gassy that day. But he was seen to much better effect on his second start at Thirsk when he got up late over a mile to win. He's been given an opening mark of 77 and will hopefully head to Ascot on Saturday for a 1m2f handicap. I'm looking forward to seeing what he can do up in trip. 06-05-26""}]",,[]
2026-05-23,GB,York,Good,17:00,7f,William Hill Boosts Every Day Handicap,Leadman,22,20,6,139,268-6U,Daniel Tudhope,Thoroughbred British Racing,4,96,gelding,Kingman,Big Break,"Has an underwhelming strike-rate, given his ability, but he was second of 22 off a good mark over C&D eight days ago and would surely have gone very close had he not met trouble in running from well off the pace; the problems today are that he's back up 4lb, drawn even wider and has another big field to negotiate his way through; huge player but plenty needs to go right.",Huge player but plenty needs to go right; it didn't when 2nd of 22 over C&D eight days ago,David OMeara,"{'runs': 49, 'wins': 1, 'percent': 2}",29,73,"[{'horse': 'Leadman', 'horse_id': 4429421, 'quote': ""New to us from Andrew Balding's, we bought him as a maiden and haven't run him, but he's still won a race since. It was a disqualification, so he's no longer a maiden. He's got ability but might have a soft temperament. 14-04-25""}]",,[]
2026-05-23,GB,York,Good,17:00,7f,William Hill Boosts Every Day Handicap,Bloodsweatandtyres,22,11,4,134,-13,P J McDonald,Bond Thoroughbred Limited,4,84,gelding,Acclamation,Axxeleration,"Both races were 7f novices on Newcastle AW, showing promise in September and winning in clearcut style in November; has a useful pedigree and brings clear potential but 22-runner race is something of a baptism of fire for this handicap and turf debut.","Both races were 7f novices on Newcastle AW, clearcut winner on second occasion; potential",Brian Ellison,"{'runs': 22, 'wins': 1, 'percent': 5}",55,,[],,[]
2026-05-23,GB,York,Good,17:00,7f,William Hill Boosts Every Day Handicap,Lady Mariko,22,6,4,135,61-253,Zak Wheatley,Quest Thoroughbreds - Lady Mariko,4,92,filly,Kameko,Ashadihan,Dual 7f turf winner last summer who overcame the drop back to 6f at Kempton (AW) in April; disappointing at Yarmouth three weeks later but she's from a yard which is in fine form.,Disappointing at Yarmouth last time but she's from a yard which is in fine form,Dylan Cunha,"{'runs': 26, 'wins': 6, 'percent': 23}",65,53,[],,[]
2026-05-23,GB,York,Good,17:00,7f,William Hill Boosts Every Day Handicap,Quest For Fun,22,7,8,132,559-02,Sean Kirrane,Reality Partnerships XVI,4,94,gelding,Lope De Vega,Craic Agus Spraoi,"Plenty of C&D form in big fields, notably wins on good to soft in 2023 and July 2025; while not so striking as Leadman, he didn't have the best of runs when fifth of 22 over C&D eight days ago, so might step up a bit today.","Plenty of C&D form in big fields, including his fifth of 22 eight days ago",Tim Easterby,"{'runs': 96, 'wins': 9, 'percent': 9}",39,76,"[{'horse': 'Quest For Fun', 'horse_id': 3256833, 'quote': 'He loves a bit of juice in the ground and seven furlongs or an easy mile. I think he could improve again this year, Lope De Vegas tend to do that. 23-04-24'}]",,[]
2026-05-23,GB,York,Good,17:00,7f,William Hill Boosts Every Day Handicap,Silver Trumpet,22,17,5,132,34-527,Callum Hutchinson,Austin June & Jonny Allison,4,91,gelding,Advertise,Cherubic,"All his wins have been over 7f but there's been only one of those (Epsom last August) in very nearly two years now; still paying for the ease of that win in a seven-runner race, so others are preferred.","Still paying for the ease of his Epsom win last August, so others are preferred",Eve Johnson Houghton,"{'runs': 28, 'wins': 5, 'percent': 18}",46,,"[{'horse': 'Silver Trumpet', 'horse_id': 5021336, 'quote': ""He won at Salisbury last year but I think the handicapper got hold of him a bit - he went up 9lb for his win. He's had a wind op and I put him at Newbury on Tuesday. 02-07-25""}]",,"[{'date': '2025-06-04', 'type': 'Wind Surgery'}]"
2026-05-23,GB,York,Good,17:00,7f,William Hill Boosts Every Day Handicap,Rascal Recknell,22,16,5,133,-2161/,Darragh Keenan,Value Racing - Rascal Recknell,4,93,gelding,Wootton Bassett,Olma,"Two wins (one on turf at Doncaster) and a second from his four starts for new stable this season, all in 7f handicaps; failed to settle last time, yet still challenged strongly in the final 1f and left the impression he remains capable of better.",Two wins and a 2nd from his four starts for new stable; could still be capable of better,Michael Appleby,"{'runs': 19, 'wins': 0, 'percent': 0}",42,72,[],,[]
2026-05-23,GB,York,Good,17:00,7f,William Hill Boosts Every Day Handicap,Beale Street,22,9,5,127,10127-,Connor Beasley,Woodcock Electrical Limited,4,91,gelding,Zoffany,Chinaconnection,"Last of 20 over 6f last May on his only race here, before finishing on the heels of the leaders twice over 7f at Doncaster; 0-11 on turf and not the most consistent but he won at Newcastle on two of his last three AW starts and the latest was over 7f; 6lb lower today and needs a close look.",0-11 on turf but has been close up; another AW win last time and he's 6lb lower today,Bryan Smart,"{'runs': 12, 'wins': 0, 'percent': 0}",58,80,[],,[]
2026-05-23,GB,York,Good,17:00,7f,William Hill Boosts Every Day Handicap,Modern Times,22,22,5,128,535-14,Oisin McSweeney,Colin Dorman And Tommy Dorman,4,91,gelding,Too Darn Hot,Impressionist,"Won a 6f Ripon maiden last June and stays 7f; 0-13 in handicaps, however, and others present stronger cases despite his career-low mark.",Stays 7f; 0-13 in handicaps and others present stronger cases despite his career-low mark,Tim Easterby,"{'runs': 96, 'wins': 9, 'percent': 9}",39,84,[],,[]
2026-05-23,GB,York,Good,17:00,7f,William Hill Boosts Every Day Handicap,Jersey Maverick,22,12,4,129,26-245,Mikkel Mortensen,Tim Cottier Clark Spence And Fellowes,4,90,gelding,Kodi Bear,Absolute Music,"15 races for one win, at Epsom (7f, good to firm; from 9lb lower) last July; faced 7f on AW for last four starts, with career-best form in two close calls, the latest under Mikkel Mortensen at Southwell late last month but today's stronger race for return to turf surely demands better still.",Career-best form in two close calls on AW but this turf race surely demands better still,Charlie Fellowes,"{'runs': 18, 'wins': 1, 'percent': 6}",50,,[],,[]
2026-05-23,GB,York,Good,17:00,7f,William Hill Boosts Every Day Handicap,Inspired,22,18,4,132,632-12,Jack Nicholls,Fine Claret RacingMrs Burke & C Wood,4,90,gelding,Dubawi,Worth Waiting,"All five starts have been on AW, with some pretty useful form over 1m at Newcastle this winter before a flop in 7f handicap at Chelmsford; gelded and absent in the 11 weeks since; drawn wide; well bred (albeit for much longer trips) and lightly raced for his leading yard but plenty to prove today.",All five starts have been on AW; flop in 7f handicap last time; gelded and absent 11 weeks,K R Burke,"{'runs': 45, 'wins': 8, 'percent': 18}",56,,[],,[]
2026-05-23,GB,York,Good,17:00,7f,William Hill Boosts Every Day Handicap,Signcastle City,22,2,6,128,320451,Alec Voikhansky,Middleham Park Racing III & Partner,4,92,gelding,Dark Angel,UAE Queen,"Drew a blank last year but came down the weights, won over 7f on AW in February and competitive over 1m in two recent outings; case can be made but others have a bit less to prove in this big-field scenario.",A case can be made but others have a bit less to prove in this big-field scenario,Richard Hannon,"{'runs': 53, 'wins': 8, 'percent': 15}",64,66,[],,[]
2026-05-23,GB,York,Good,17:00,7f,William Hill Boosts Every Day Handicap,Highfield Viking,22,3,6,128,5-6375,Joanna Mason,Trainers House Enterprises Ltd,4,92,gelding,Aclaim,Pure Illusion,Gained last year's two wins over 7f on good ground in August and came second in a 15-runner race next time; made a respectable return to action one month ago and enters each-way calculations.,Made a respectable return to action one month ago and enters each-way calculations,John & Sean Quinn,"{'runs': 13, 'wins': 2, 'percent': 15}",38,86,"[{'horse': 'Highfield Viking', 'horse_id': 4274067, 'quote': ""He's a half-brother to Highfield Princess, who improved from three to four and beyond, and I'd like to think he'll improve further and make up into a solid handicapper. He's by Aclaim and we've found his progeny act with a bit of juice in the ground. We tried him visored on his last run as he can race lazily in the middle of a race and I'd have thought we'll continue that unless he sharpens up. 20-03-24""}]",,[]
2026-05-23,GB,York,Good,17:00,7f,William Hill Boosts Every Day Handicap,Feel The Need,22,10,6,129,2-0046,Shane Gray,K Nicholls N Baines & Partners,4,94,gelding,Ribchester,Patterned,"Most of his 14 races at York have been over 7f, including wins in this race in 2024 and another last June; absent since second on AW in January and that's the longest break he's had for two years, which asks a question, but he has to be considered off his last winning mark.","Back from longest break in two years; has to be considered, though, off last winning mark",Michael Herrington,"{'runs': 13, 'wins': 1, 'percent': 8}",31,89,"[{'horse': 'Feel The Need', 'horse_id': 4420235, 'quote': 'He ran well on his return and can take a step forward from that. There are some nice races for him this month and there should be plenty of improvement to come. 04-05-23'}]",,[]
2026-05-23,GB,York,Good,17:00,7f,William Hill Boosts Every Day Handicap,Commander Of Life,22,4,5,128,534242,George Wood,Good Day Out Syndicate,4,92,gelding,Invincible Spirit,Accommodate,"Not far away in one of these big-field C&D races last July; showed at Doncaster that month that he can win on turf and he's not been far away in any of his races this year, so he has place claims.","He has not been far away in any of his races this year, so has place claims",Jessica Macey,"{'runs': 8, 'wins': 0, 'percent': 0}",25,54,[],,[]
2026-05-23,GB,York,Good,17:00,7f,William Hill Boosts Every Day Handicap,Pulsar Star,22,21,4,129,22-420,Robert Havlin,Joshua James,4,92,gelding,Sea The Stars,Pirouette,"Just five races, the first two for James Tate; runner-up three times, including on handicap debut in nine-runner race at Nottingham (1m, good) five weeks ago; return to 7f may well be fine and he's relatively unexposed, but taking on so many rivals from almost the widest draw asks a major question.","Just five races; 2nd three times, including on handicap debut at Nottingham (1m, good)",Thomas Faulkner,"{'runs': 6, 'wins': 0, 'percent': 0}",50,58,[],,[]
2026-05-23,GB,York,Good,17:00,7f,William Hill Boosts Every Day Handicap,Mereside Diva,22,1,6,132,829713,William Pyle,Mereside Racing Limited & Partner,4,94,mare,Ivawood,Mujaesce,"Second when favourite for this race in 2024, with mixed fortunes in her five subsequent C&D appearances but she was a creditable third last June; seen in regular action this year, including when second at Wetherby last month but not so good here eight days ago; her last two wins (2024 and this February) were in small fields, so others make more appeal today.",2nd in this in 2024 but below form last week and her last two wins were in small fields,David & Nicola Barron,"{'runs': 14, 'wins': 1, 'percent': 7}",36,81,[],,[]
2026-05-23,GB,York,Good,17:00,7f,William Hill Boosts Every Day Handicap,Havana Prince,22,8,5,131,013-65,Tom Eaves,Bishop Kench CrootHymas & Scholefield,4,91,gelding,Havana Grey,Sciacca,Fourth and fifth in his two big-field C&D races last term; Newcastle win in March ensures a career-high mark today but it's hard to judge him harshly on last week's C&D result as he didn't see daylight at various stages.,Fourth and fifth in his two big-field C&D races last term; no daylight here last week,Tony Coyle & Kaine Wood,"{'runs': 10, 'wins': 0, 'percent': 0}",50,76,[],,[]
2026-05-23,GB,York,Good,17:00,7f,William Hill Boosts Every Day Handicap,Paladin,22,5,5,134,1-5271,Oliver Stammers,Ms T Keane & R Matheson,4,89,gelding,Justify,Golconda,"Free-going sort who was 4-18 for Charlie Johnston, including two 1m wins last summer, and made a winning start for new connections when 33-1 for a nine-runner race at Wolverhampton (8.6f, AW) in January; absent since and has more to prove back at 7f for the first time since 2024.",Off since January win (yard debut); more to prove back at 7f for the first time since 2024,Kevin Frost,"{'runs': 17, 'wins': 0, 'percent': 0}",24,81,[],,[]
2026-05-23,GB,York,Good,17:00,7f,William Hill Boosts Every Day Handicap,Golden Strike,22,15,5,127,02218-,Oisin Orr,Robin Oliver & Partner,4,91,gelding,Calyx,Hot Legs,"Record of 122 over 7f on AW once fitted with a visor; however, despite turf achievements early in career, his return to turf at Doncaster (7f, good to soft; second favourite) in March bore no comparison.",Did well at 7f on AW once fitted with a visor; return to turf in March bore no comparison,Richard & Peter Fahey,"{'runs': 60, 'wins': 8, 'percent': 13}",47,75,[],,[]
2026-05-23,GB,York,Good,17:00,7f,William Hill Boosts Every Day Handicap,Follow Your Heart,22,19,8,128,464-17,Warren Fentiman,S & A Mares,4,93,gelding,Estidhkaar,Al Gharrafa,"Behind on his only run here (2023); Doncaster last June saw his only turf win since 2021, amidst plenty of AW success admittedly but he was out of form in February when last seen; has a competitive mark but other cases look a bit more solid, particularly as he's drawn wide.","Competitive mark but other cases look a bit more solid, particularly as he's drawn wide",Mark Loughnane,"{'runs': 17, 'wins': 0, 'percent': 0}",18,74,[],,[]
2026-05-23,GB,York,Good,17:00,7f,William Hill Boosts Every Day Handicap,Documenting,22,14,13,130,7-5905,Cam Hardie,Kevin Frost Racing Club & Mike Humphries,4,94,gelding,Zamindar,Namaskar,"13yo who has won on 12 occasions, the latest in December 2024 and his C&D win came before most of today's rivals were born; not disgraced on reappearance and he's now 13lb lower than this time last year, but his last turf win was in 2022; not the percentage call.","13yo who is 13lb lower than this time last year, but his last turf win was in 2022",Kevin Frost,"{'runs': 17, 'wins': 0, 'percent': 0}",24,97,[],,[]
2026-05-23,GB,York,Good,17:00,7f,William Hill Boosts Every Day Handicap,It Just Takes Time,22,13,8,133,680-73,Jack Garritty,Go Alfresco Racing Partners,4,91,gelding,Power,War Bride,"C&D winner in 2022, with no joy from nine subsequent visits but most of those were over shorter, whereas his last four wins (elsewhere) have been at about 7f; he's now 1lb lower than when making all at Beverley last September and a case can be made.",C&D winner; 1lb lower than when making all at Beverley last September; case can be made,Mark Walford,"{'runs': 18, 'wins': 1, 'percent': 6}",28,81,[],,[]
2026-05-23,GB,Bangor-on-Dee,Good,13:50,2m145y,Bangor-On-Dee Ladies Day Maiden Hurdle (GBB Race),Ladies Day,9,,5,151,2-0222,Jack Andrews,Eventmasters Racing,4,124,mare,Yeats,Maryann,"Finished second in three of her last four bumpers including a Listed mares' event at Huntingdon in December; runner-up again on recent hurdling debut at Fakenham (2m4f, good) and that was a promising effort behind an 11-10 favourite who made all; sets a fair standard on that form and she's a big player back in trip.",Useful bumper performer who was runner-up on hurdling debut at Fakenham; key player,T Ellis,"{'runs': 3, 'wins': 0, 'percent': 0}",67,97,[],,[]
2026-05-23,GB,Bangor-on-Dee,Good,13:50,2m145y,Bangor-On-Dee Ladies Day Maiden Hurdle (GBB Race),Mega Etoile,9,,4,145,3-4804,Brendan Powell,Christopher & Carol Jackson,4,116,filly,Storm The Stars,Elira DAiry,"Has improved with each of her three hurdle runs and her latest third of 14 at Fontwell (2m1f, good) can be marked up because she had traffic issues in the closing stages and got hit by a rival's whip; could continue to progress with experience and she's an interesting contender.",Has been progressive over hurdles and her latest third at Fontwell can be marked up,Henrietta C Knight,"{'runs': 8, 'wins': 1, 'percent': 13}",25,82,[],,[]
2026-05-23,GB,Bangor-on-Dee,Good,13:50,2m145y,Bangor-On-Dee Ladies Day Maiden Hurdle (GBB Race),Double Indemnity,9,,6,158,-P2615,Theo Gillard,Wayne Woods,4,108,gelding,Wings Of Eagles,Blakolive,"Bought for £30,000 after winning an Irish point; runner-up on hurdle debut at Carlisle (2m1f, good to soft) in February but he was pulled up here (2m3f, good) the following month and was reported to have an irregular heartbeat; has bit to prove after that but it's still early days and he's in good hands; stablemate of Earnest Belief.",Irish point winner; flopped here in March but was reported to have an irregular heartbeat,Donald McCain,"{'runs': 20, 'wins': 2, 'percent': 10}",35,69,[],,[]
2026-05-23,GB,Bangor-on-Dee,Good,13:50,2m145y,Bangor-On-Dee Ladies Day Maiden Hurdle (GBB Race),Earnest Belief,9,,4,152,4-3,William Maggs,Blackhurst Racing,4,112,gelding,Mastercraftsman,Promise Me,"0-6 on Flat for the Gosdens; encouraging third on hurdling/stable debut at Carlisle (2m1f, good to soft) in March but he failed to build on that when a remote fourth at Hexham (2m, good); has something to prove after that and this looks tough on the figures; equipment returns including a first-time tongue-tie.",Disappointing at Hexham (3-1) three weeks ago and this looks tough on the figures,Donald McCain,"{'runs': 20, 'wins': 2, 'percent': 10}",35,96,[],,[]
2026-05-23,GB,Bangor-on-Dee,Good,13:50,2m145y,Bangor-On-Dee Ladies Day Maiden Hurdle (GBB Race),Chambers,9,,4,152,6,Harry Kimber,Beck Racing Limited,4,95,gelding,Inns Of Court,Estemaala,"Eight-race maiden on the Flat and was a well-held sixth of 14 on hurdling debut at Fontwell (2m1f, good) two weeks ago; passed over.",0-8 on the Flat and was well held on hurdling debut at Fontwell two weeks ago,Faye Bramley,"{'runs': 11, 'wins': 0, 'percent': 0}",27,29,[],,[]
2026-05-23,GB,Bangor-on-Dee,Good,13:50,2m145y,Bangor-On-Dee Ladies Day Maiden Hurdle (GBB Race),Happy Harrison,9,,6,158,-0/7,James Davies,Mrs Elizabeth Harrison,4,,gelding,Blue Bresil,Night Thunder,Failed to beat a rival in two good-ground bumpers six months apart; now goes hurdling after 375 days off and he can only be watched.,Failed to beat a rival in two bumpers and now goes hurdling after a year off; best watched,Gary Hanmer,"{'runs': 7, 'wins': 0, 'percent': 0}",,,"[{'horse': 'Happy Harrison', 'horse_id': 6719015, 'quote': ""He's finished last in both his bumper starts. He had his wind done after his debut and then he fractured a joint on his second start. He's had time off and is working really nicely. I'm looking forward to getting him back on the track and he could be a dark horse. 08-04-26""}]",,"[{'date': '2024-12-11', 'type': 'Wind Surgery'}]"
2026-05-23,GB,Bangor-on-Dee,Good,13:50,2m145y,Bangor-On-Dee Ladies Day Maiden Hurdle (GBB Race),Winter Life,9,,5,151,,James Best,Moorland Racing,4,,mare,Churchill,Lush Life,0-9 on the Flat and was tailed off at 150-1 in both runs (1m4f/1m6f) for current yard in October 2024; makes no appeal now switched to hurdling after 576 days off.,0-9 on the Flat and she makes no appeal now switched to hurdling after a long absence,Sarah-Jayne Davies,"{'runs': 8, 'wins': 2, 'percent': 25}",50,,[],,[]
2026-05-23,GB,Bangor-on-Dee,Good,13:50,2m145y,Bangor-On-Dee Ladies Day Maiden Hurdle (GBB Race),Go Try,9,,7,158,-00,Liam Harrison,Mrs Victoria Keen,4,58,gelding,Outstrip,Perfect Silence,"Half-brother to the useful Perfect Myth but he's been tailed off at big prices in two hurdle runs (1m7f/2m, good) this spring.","Tailed off at big prices in two hurdle runs (1m7f/2m, good) this spring",Robbie Llewellyn,"{'runs': 1, 'wins': 1, 'percent': 100}",100,,[],,[]
2026-05-23,GB,Bangor-on-Dee,Good,13:50,2m145y,Bangor-On-Dee Ladies Day Maiden Hurdle (GBB Race),Kind Intention,9,,5,158,1/452,Ned Fox,Mrs C Antcliff,4,,gelding,Dartmouth,Ask Catkin,"Definite promise in all three bumpers that were won by smart horses, including Storming George and Mydaddypaddy; should have a future over hurdles but he was due to make his comeback in a Worcester maiden on Friday night (7.11).",Promise in bumpers early in 2025; due to make hurdling debut at Worcester on Friday night,Tom Symonds,"{'runs': 5, 'wins': 1, 'percent': 20}",40,,[],,[]
2026-05-23,GB,Bangor-on-Dee,Good,14:25,2m4f72y,Wrexham Lager Novices' Handicap Chase (GBB Race),Mary,7,,7,156,2-5415,Charlie Todd,Eventmasters Racing,4,116,mare,Yeats,Maryann,"Both wins over hurdles came when making all; yet to convince as a chaser, falling in two of her three starts in this sphere; a clear round would be a priority.",Dual winner over hurdles; has fallen in two of her three runs over fences.,Ian Williams,"{'runs': 30, 'wins': 3, 'percent': 10}",33,41,[],,[]
2026-05-23,GB,Bangor-on-Dee,Good,14:25,2m4f72y,Wrexham Lager Novices' Handicap Chase (GBB Race),Kadjar Des Mottes,7,,6,159,-6U24F,Theo Gillard,David Shaw & Nigel Dunnington,4,119,gelding,Balko,Sauves La Reine,"Irish point winner whose best effort over fences was when second of four finishers at Doncaster (3m, soft) in February; unseated early on the following month and well beaten over hurdles since; first-time cheekpieces are now fitted; may need softer ground to be seen to advantage.",Irish point winner whose best effort over fences was when second at Doncaster in February.,Donald McCain,"{'runs': 20, 'wins': 2, 'percent': 10}",35,104,[],,[]
2026-05-23,GB,Bangor-on-Dee,Good,14:25,2m4f72y,Wrexham Lager Novices' Handicap Chase (GBB Race),Big Boy Barney,7,,7,161,3-3163,Jack Hogan,Century Racing,4,122,gelding,Doyen,Coolrush,"Point winner who got off the mark over fences on his second attempt, at Huntingdon (2m4f, good) in March; third on both starts since and first-time cheekpieces are now employed along with regular tongue-tie; should be thereabouts.",Point winner who got off the mark over fences at Huntingdon in March.,Fergal OBrien,"{'runs': 22, 'wins': 2, 'percent': 9}",41,111,[],,"[{'date': '2024-10-08', 'type': 'Wind Surgery'}]"
2026-05-23,GB,Bangor-on-Dee,Good,14:25,2m4f72y,Wrexham Lager Novices' Handicap Chase (GBB Race),Le Gentleman,7,,5,157,-392/U,Toby Wynne,The North West National Hunt Racing Club,4,119,gelding,Pour Moi,Down Under,"Formerly trained in France, he finished well when third of four finishers at Chepstow (2m, good to soft) last month on his second run in Britain; should be suited by this step up in trip but has never run on ground without soft in the description.",Finished well when third at Chepstow last month.,Oliver Greenall & Josh Guerriero,"{'runs': 21, 'wins': 5, 'percent': 24}",48,108,[],,"[{'date': '2025-11-27', 'type': 'Wind Surgery'}]"
2026-05-23,GB,Bangor-on-Dee,Good,14:25,2m4f72y,Wrexham Lager Novices' Handicap Chase (GBB Race),Herja,7,,6,161,3-2742,Harry Sexton,Gerry McGladery,4,115,mare,Policy Maker,Crofton Trail,"Won a 2m4f Sedgefield maiden hurdle last September, but has failed to make an impact in her two starts over fences; has another go on her handicap debut but will need to improve.","Won a maiden hurdle, but has failed to make an impact in her two starts over fences.",Patrick Griffin,"{'runs': 0, 'wins': 0, 'percent': None}",,97,[],,[]
2026-05-23,GB,Bangor-on-Dee,Good,14:25,2m4f72y,Wrexham Lager Novices' Handicap Chase (GBB Race),Wudya,7,,7,163,-P401P,Danny McMenamin,Stack Partnership,4,,mare,Califet,Pont De Alma,"Has a mixed hurdling record but landed her second win in that sphere at this track (2m3f, good) last July; catching her fresh may be the answer and she's interesting on chasing debut.",Has a mixed hurdling record but got her second win in that sphere at this track last July.,Joel Parkinson & Sue Smith,"{'runs': 10, 'wins': 0, 'percent': 0}",40,,"[{'horse': 'Wudya', 'horse_id': 5676529, 'quote': ""She's just back into work now. She stopped because she wants good ground and she'll be a summer jumps type. It looks like she wants 2m-2m4f and she'll be ready in the spring. 28-01-26""}]",,[]
2026-05-23,GB,Bangor-on-Dee,Good,14:25,2m4f72y,Wrexham Lager Novices' Handicap Chase (GBB Race),Bobbarelli,7,,9,156,-226P/,Miss Amber Jackson-Fennell,Miss Amber Jackson-Fennell,4,,gelding,Schiaparelli,Bobba Benetta,"A dual winning pointer, his only outing over fences came when pulling up in a hunter chase at Cheltenham in May 2025; a runner-up over hurdles at Warwick and Taunton this year, he should run well.","A dual winning pointer, he was a runner-up over hurdles at Warwick and Taunton this year.",Nigel & Willy Twiston-Davies,"{'runs': 13, 'wins': 2, 'percent': 15}",38,,[],,[]
2026-05-23,GB,Bangor-on-Dee,Good,15:00,2m3f123y,Cheshire Oaks Designer Outlet Handicap Hurdle,Copper Beach,10,,9,151,2/2P54,Oscar Palmer,West Yorkshire Racing Club,4,113,gelding,Getaway,Lady McBride,"Record of 1-18 over hurdles but he returned after 510 days off with a second at Southwell (2m4f, good) two weeks ago; that was a good effort behind an improver and he's a player if he can build on that.",Returned from long absence with a second at Southwell; dangerous if he can build on that,Joel Parkinson & Sue Smith,"{'runs': 10, 'wins': 0, 'percent': 0}",40,95,[],,"[{'date': '2023-11-27', 'type': 'Wind Surgery'}, {'date': '2021-10-20', 'type': 'Wind Surgery'}]"
2026-05-23,GB,Bangor-on-Dee,Good,15:00,2m3f123y,Cheshire Oaks Designer Outlet Handicap Hurdle,Orange Diamond,10,,8,161,-23124,Jack Andrews,Six Syndicate,4,114,gelding,Diamond Boy,Orange Bitter,"Has record of 11142132 for his current yard, with those first three wins over hurdles at Worcester (2m4f) and his last success over fences at Market Rasen (2m7f); up another 3lb after his second over hurdles at Warwick (2m3f, good) last month, but he went down fighting after making a mistake at the last; could still have more to offer and he's a big player.",Record of 11142132 for current yard and latest second was back over hurdles; key player,T Ellis,"{'runs': 3, 'wins': 0, 'percent': 0}",67,101,[],,"[{'date': '2025-10-27', 'type': 'Wind Surgery'}]"
2026-05-23,GB,Bangor-on-Dee,Good,15:00,2m3f123y,Cheshire Oaks Designer Outlet Handicap Hurdle,Back In The Bay,10,,7,164,-3121/,Jonathan Burke,Value Racing - Back In The Bay,4,108,mare,Doyen,Shameena,"Made it 2-5 over hurdles when landing a mares' handicap at Stratford (2m3f, good) last July but she flopped in a three-runner race in final run last year; has bit to prove after 218 days but she has potential in this sphere and needs a close look in market.",Flopped in final run last year but she's still lightly raced; needs a close look on return,James Owen,"{'runs': 47, 'wins': 4, 'percent': 9}",57,100,[],,"[{'date': '2025-01-29', 'type': 'Wind Surgery'}]"
2026-05-23,GB,Bangor-on-Dee,Good,15:00,2m3f123y,Cheshire Oaks Designer Outlet Handicap Hurdle,Torrent,10,,5,168,4-6P73,David Noonan,Peter Smith & Partner,4,111,gelding,Camelot,Ighraa,"Got off to a flyer when winning two of his first three starts over hurdles in 2024; has drawn a blank since but he's on a reduced mark and wasn't beaten far when fourth at Uttoxeter (2m4f, good) three weeks; has possibilities if he can build on that and he's in the mix.",On reduced mark and he wasn't beaten far at Uttoxeter (2m4f) last time; in the mix,Nigel Hawke,"{'runs': 5, 'wins': 1, 'percent': 20}",40,104,[],,[]
2026-05-23,GB,Bangor-on-Dee,Good,15:00,2m3f123y,Cheshire Oaks Designer Outlet Handicap Hurdle,Crystal Glance,10,,6,162,-35312,Toby Wynne,Wynnstay Wanderers II,4,110,mare,Passing Glance,Crystal Princess,Record of 4-12 over hurdles but she was vulnerable in her final three runs last year including over C&D (good); now only 1lb higher than for her last success but she needs to rediscover her spark after six months off.,Only 1lb higher than for last win but needs to rediscover her spark after six months off,Oliver Greenall & Josh Guerriero,"{'runs': 21, 'wins': 5, 'percent': 24}",48,106,"[{'horse': 'Crystal Glance', 'horse_id': 5692657, 'quote': ""We gave her a break over the winter because she loves good ground and she'll go on through the summer now. She pings off that type of ground and sharp tracks are right up her street. We'll aim for hurdle races over 2m and 2m4f. We might have a go over fences but she's not the biggest, so we'll see. 13-03-26""}]",,[]
2026-05-23,GB,Bangor-on-Dee,Good,15:00,2m3f123y,Cheshire Oaks Designer Outlet Handicap Hurdle,Play Pretend,10,,5,160,-52231,Lee Edwards,The Holt Fleet Hot Shots,4,109,gelding,Make Believe,Pride Celebre,"Won at Worcester (2m, good) last July and he ended last year with two close calls over 2m4f; well-held fifth on reappearance at Market Rasen last month but he may have needed that run and has claims if he can get back near best.",May have needed his reappearance run at Worcester and has claims if back near best,Dave Roberts,"{'runs': 0, 'wins': 0, 'percent': None}",,97,[],,[]
2026-05-23,GB,Bangor-on-Dee,Good,15:00,2m3f123y,Cheshire Oaks Designer Outlet Handicap Hurdle,Magic Wave,10,,10,168,-0023/,Jamie Hamilton,The Magic Circle,4,111,gelding,Gentlewave,Annies Gift,"Won off 2lb lower at Kelso (2m5f, good) last April but he's not seen much action since and has been beaten 39l in both runs this year; has some questions to answer and he needs a big turnaround.",Dual hurdle winner but he's lost his way in last two starts and needs a big turnaround,Mark Walford,"{'runs': 18, 'wins': 1, 'percent': 6}",28,98,[],,[]
2026-05-23,GB,Bangor-on-Dee,Good,15:00,2m3f123y,Cheshire Oaks Designer Outlet Handicap Hurdle,The Secret Pearl,10,,7,160,-4522F,Bryan Carver,The Soldiers Of Fortune,4,112,mare,Mahler,And Whatever Else,"Won a mares' maiden at Market Rasen (2m, good) last April; runner-up in first two handicaps during the winter but she's been disappointing in last two runs; bit to prove but mark is sliding and she's had wind surgery since her latest effort at Fontwell last month; not ruled out.",Bit to prove but has possibilities if she can get back on track after wind surgery,Alex Hales,"{'runs': 2, 'wins': 0, 'percent': 0}",50,108,[],,"[{'date': '2026-04-20', 'type': 'Wind Surgery'}]"
2026-05-23,GB,Bangor-on-Dee,Good,15:00,2m3f123y,Cheshire Oaks Designer Outlet Handicap Hurdle,Rock Hurley,10,,8,158,-4008/,William Maggs,Donald McCain Racing Club,4,113,gelding,Galiway,Thalie Hurley,Won a C&D handicap (good to soft) last April but he's not come close to that form in four subsequent runs and latest was back here in March; has some questions to answer and he's still 3lb higher than for his last win.,Won over C&D last April but he's not come close to that form in four subsequent runs,Donald McCain,"{'runs': 20, 'wins': 2, 'percent': 10}",35,108,[],,"[{'date': '2023-08-31', 'type': 'Wind Surgery'}]"
2026-05-23,GB,Bangor-on-Dee,Good,15:00,2m3f123y,Cheshire Oaks Designer Outlet Handicap Hurdle,Sauce Of Life,10,,11,162,-5/P14,Danny McMenamin,Mrs I C Sellars And Miss D C Sellars,4,107,gelding,Califet,Salsaparilla,"Unbeaten in bumpers (2-2) and very lightly raced for his age; won a hurdle handicap at Doncaster (2m4f, good to soft) in December 2024 but he's had only two runs since and has struggled in both of them; has something to prove after another absence and he needs first-time cheekpieces to work.",Very lightly raced 11yo who has something to prove after another absence; cheekpieces on,Nicky Richards,"{'runs': 8, 'wins': 2, 'percent': 25}",38,11,"[{'horse': 'Sauce Of Life', 'horse_id': 3333208, 'quote': ""The slow gallop didn't help him at all on his first run over hurdles at Wetherby. He jumped well, travelled strongly, but it turned into a sprint and it caught him out for a furlong until he got himself gathered up and realised he had to change a couple of gears. The race was over then, but he's come back all right and should be winning plenty of races. 22-11-21""}, {'horse': 'Sauce Of Life', 'horse_id': 3333208, 'quote': ""He won both his bumper starts and then finished placed twice over hurdles, the form of which has worked out well. We'll get him back over hurdles in about a month's time. He has plenty of ability if we can keep the wheels on him. 25-10-23""}]",,"[{'date': '2023-10-11', 'type': 'Wind Surgery'}]"
2026-05-23,GB,Bangor-on-Dee,Good,15:32,2m1f77y,F Jones Initiative Handicap Chase (GBB Race),Supreme George,7,,6,162,-12311,Theo Gillard,Thomas Fearn,4,122,gelding,Order Of St George,Dar Dar Supreme,"Has taken well to fences and completed a three-timer at Catterick in January; resumed winning ways at Chepstow (2m, good to soft) last month and this front-runner may prove hard to peg back.",Resumed winning ways at Chepstow last month.,Donald McCain,"{'runs': 20, 'wins': 2, 'percent': 10}",35,115,[],,"[{'date': '2025-11-04', 'type': 'Wind Surgery'}]"
2026-05-23,GB,Bangor-on-Dee,Good,15:32,2m1f77y,F Jones Initiative Handicap Chase (GBB Race),Gris Majeur,7,,9,160,-32232,Sean Houlihan,Exors Of The Late Brian Davies,4,126,gelding,Gris De Gris,Partie Majeure,"Got off the mark over fences at Ludlow (2m4f, good to firm) last October and has been placed on all five starts since; drops back in trip which may not be in his favour.",Won over fences at Ludlow last October and has been placed on all five starts since.,Sheila Lewis,"{'runs': 2, 'wins': 0, 'percent': 0}",100,114,[],,[]
2026-05-23,GB,Bangor-on-Dee,Good,15:32,2m1f77y,F Jones Initiative Handicap Chase (GBB Race),Jet Of Dreams,7,,8,163,-49314,Brendan Powell,The Stewkley Shindiggers Partnership,4,123,gelding,Jet Away,Lady J D,"Has five wins over fences, the latest at Sedgefield last September off 5lb lower; should strip fitter for a recent fourth over hurdles but may need to come down a few pounds.","Has five wins over fences, the latest at Sedgefield last September off 5lb lower.",Warren Greatrex,"{'runs': 13, 'wins': 1, 'percent': 8}",31,120,[],,"[{'date': '2023-10-19', 'type': 'Wind Surgery'}, {'date': '2023-04-17', 'type': 'Wind Surgery'}, {'date': '2022-11-21', 'type': 'Wind Surgery'}]"
2026-05-23,GB,Bangor-on-Dee,Good,15:32,2m1f77y,F Jones Initiative Handicap Chase (GBB Race),Yes Indeed,7,,9,165,3-5P43,James Best,Stephen Sugden And Helen Sugden,4,126,gelding,Martaline,She Hates Me,Won twice over fences at around this trip last spring; not so good since but is 1lb lower than his last winning mark so cannot be ruled out.,Won twice over fences at around this trip last spring; not so good since.,Martin Keighley,"{'runs': 4, 'wins': 2, 'percent': 50}",50,118,"[{'horse': 'Yes Indeed', 'horse_id': 3055325, 'quote': ""It was a respectable run in a fair race at Carlisle the other day. He jumped nicely and did everything right. Perhaps a flatter track might suit better but I wouldn't be afraid to run him anywhere and that run gives us something to build on. 14-11-23""}, {'horse': 'Yes Indeed', 'horse_id': 3055325, 'quote': ""He's a lovely big horse. He had his first run at Chepstow and just needed that. It was over hurdles and there weren't any chases for him. We're looking forward to running him back over fences and he could win a few this season. He's on a decent mark. 12-11-25""}]",,"[{'date': '2025-11-07', 'type': 'Wind Surgery'}, {'date': '2023-01-06', 'type': 'Wind Surgery'}]"
2026-05-23,GB,Bangor-on-Dee,Good,15:32,2m1f77y,F Jones Initiative Handicap Chase (GBB Race),Nibras Gold,7,,8,168,-93/50,Jonathan Burke,Value Racing - Nibras Gold,4,123,gelding,Golden Horn,Whipped,"Dual 1m4f Flat winner (made all) and Summer Hurdle third last year, and jumped perfectly well when second on two of three chase starts in summer 2024; record of 62121 when returning from breaks of over 200 days.",Dual 1m4f Flat winner (made all) and Summer Hurdle third last year; goes well fresh.,James Owen,"{'runs': 47, 'wins': 4, 'percent': 9}",57,,[],,"[{'date': '2023-03-09', 'type': 'Wind Surgery'}]"
2026-05-23,GB,Bangor-on-Dee,Good,15:32,2m1f77y,F Jones Initiative Handicap Chase (GBB Race),Dexter,7,,9,143,-72P22,Toby Wynne,Barry And The Chuckles,4,126,gelding,Canford Cliffs,Hideaway,"Won five times when trained in France; first win in Britain came at Cartmel (2m1f, good) last August; has run well when in the frame since but was beaten 30l back over hurdles when last seen in November; may be better for the run.",Won five times when trained in France; first win in Britain came at Cartmel last August.,Oliver Greenall & Josh Guerriero,"{'runs': 21, 'wins': 5, 'percent': 24}",48,113,[],,"[{'date': '2025-05-22', 'type': 'Wind Surgery'}]"
2026-05-23,GB,Bangor-on-Dee,Good,15:32,2m1f77y,F Jones Initiative Handicap Chase (GBB Race),Start Again,7,,6,156,P-3173,Jack Hogan,The Tequila Tipplers,4,,gelding,Kingston Hill,Start Allover,Exeter maiden hurdle winner in October; pulled up on his chase debut at Uttoxeter three weeks ago; best watched.,Pulled up on his chase debut at Uttoxeter three weeks ago.,Fergal OBrien,"{'runs': 22, 'wins': 2, 'percent': 9}",41,,[],,[]
2026-05-23,GB,Bangor-on-Dee,Good,16:10,3m30y,Bangor-On-Dee Handicap Chase (GBB Race),Cruz Control,7,,9,162,-5P6/1,Stan Sheppard,F Green And J Chinn,2,153,gelding,Saint Des Saints,En La Cruz,"Took big step back in right direction when fifth at Aintree (3m1f, good to soft) last month, in race he won the previous two seasons; still on a workable mark and has a fighting chance here if first-time cheekpieces have any positive effect.",Back to form with creditable fifth at Aintree last month; dangerous with cheekpieces added,Tom Lacey,"{'runs': 11, 'wins': 0, 'percent': 0}",18,131,"[{'horse': 'Cruz Control', 'horse_id': 3892998, 'quote': ""He's a big, tall, angular type who has done nothing wrong, winning his bumper and scoring twice over hurdles. However, he's always been a real chaser in the making and got off the mark on his third attempt over fences at Newcastle, where I was much happier with his jumping following plenty of schooling. He followed that up with a good second at Doncaster on Saturday and the result might have been different had he been a little bit quicker over the last few fences. He'll get better in time, is constantly filling his frame and seems to handle most ground. I think he's progressive. 20-12-23""}]",,[]
2026-05-23,GB,Bangor-on-Dee,Good,16:10,3m30y,Bangor-On-Dee Handicap Chase (GBB Race),Twig,7,,11,168,-0711/,Beau Morgan,Mrs Georgia Morgan,2,149,gelding,Sulamani,Southern Exit,"Second at the 2024 Cheltenham Festival and he started last season with two wins, including a gritty success in the Becher at Aintree (3m2f); struggled in the Grand National last month but he's now only 2lb higher than for his last win and looks interesting on this drop back in trip and class; last success was on soft but most of his wins have been on good ground.",Struggled in the Grand National but he's interesting back in calmer waters at this trip,Ben Pauling,"{'runs': 18, 'wins': 1, 'percent': 6}",33,145,"[{'horse': 'Twig', 'horse_id': 2845637, 'quote': ""He's going to go for some veterans' chases and we'll possibly look at the Becher. I was delighted with his run in the National considering they went a million miles an hour from the start and he was struggling. He's not done with yet - he's got plenty to give in his own grade. 07-11-25""}, {'horse': 'Twig', 'horse_id': 2845637, 'quote': 'He joined us earlier this autumn and his three runs have been very encouraging. He finished second to Found On at Worcester first time out for us. We then went to Warwick this month where he got his head in front in a 3m novice handicap chase. He reverted to hurdles at Cheltenham on Friday and ran well to finish second to Shearer in a novice (well clear of the third). He would not want the ground too soft and I would anticipate a small break over the Christmas/New Year period. He will be an interesting runner when he returns in early spring. 26-10-22'}]",,[]
2026-05-23,GB,Bangor-on-Dee,Good,16:10,3m30y,Bangor-On-Dee Handicap Chase (GBB Race),Somespring Special,7,,8,152,1-3513,Ben Jones,Yeo Racing Partnership,2,147,mare,Westerner,Natural Spring,"8yo who made it 5-16 over fences when bouncing back with a clearcut win at Newton Abbot (2m5f, good) two weeks ago; up 6lb but she hit a personal best last time and is a big player again if her stamina holds out on this step up 3m.",Made it 5-16 over fences when scoring at Newton Abbot (2m5f); respected back up in trip,Philip Hobbs & Johnson White,"{'runs': 1, 'wins': 0, 'percent': 0}",,134,"[{'horse': 'Somespring Special', 'horse_id': 4305379, 'quote': ""She won really nicely at Chepstow's big meeting last month and she's on her winter break now. We'll get her back for a spring campaign. She's a nice mare and will win more races. 20-11-25""}, {'horse': 'Somespring Special', 'horse_id': 4305379, 'quote': ""She's going chasing this season and we're hoping she can progress up to competing in Listed mares' novice chases. She'll need to improve but there's some 0-120s and hopefully she'd be ready in time for those. 12-10-23""}]",,"[{'date': '2025-07-22', 'type': 'Wind Surgery'}]"
2026-05-23,GB,Bangor-on-Dee,Good,16:10,3m30y,Bangor-On-Dee Handicap Chase (GBB Race),Mars Harper,7,,10,158,2-6030,Jamie Gambin,Shooting Stars,2,150,gelding,Sulamani,Kizzy May,"Left Gordon Elliott after disappointing hurdle run last autumn; well beaten again on stable debut in March but, after wind surgery, he returned to chasing with a good second at Fakenham (3m, good) 19 days ago; has possibilities if he can build on that but his last win was in 2023.",Back over fences after wind surgery with a second at Fakenham last month; possibilities,Sarah Humphrey,"{'runs': 1, 'wins': 0, 'percent': 0}",,121,"[{'horse': 'Mars Harper', 'horse_id': 3171283, 'quote': 'Has won five times and the saddle slipped at Limerick the other day. Might need to come down the handicap a little but, but hopefully there is another one or two in him. Somewhere between two and a half miles and three miles is his best trip and he handles all sorts of ground. 28-10-24'}]",,"[{'date': '2026-03-17', 'type': 'Wind Surgery'}]"
2026-05-23,GB,Bangor-on-Dee,Good,16:10,3m30y,Bangor-On-Dee Handicap Chase (GBB Race),Walking On Air,7,,9,145,5-F2P3,Harry Kimber,The Cheeky Pups,2,153,gelding,Walk In The Park,Refinement,"Back over hurdles with respectable fifth of 15 in Class 2 event at Haydock (3m, good) two weeks ago; 5lb lower back over fences but he's 0-12 in this sphere and he fell at Ayr on his penultimate run; down the list.",Fair effort over hurdles latest but he's 0-12 over fences and fell on his penultimate run,Faye Bramley,"{'runs': 11, 'wins': 0, 'percent': 0}",27,133,"[{'horse': 'Walking On Air', 'horse_id': 3456392, 'quote': ""He's a horse I've always liked and he'll be very good one day when we can get him right, but he's had only one run over fences and this would be a tough ask. He's a very big horse, and with big horses trouble is easier to come across than with little horses, but we may try to get him out very soon with a view to the festival. 19-02-24""}]",,[]
2026-05-23,GB,Bangor-on-Dee,Good,16:10,3m30y,Bangor-On-Dee Handicap Chase (GBB Race),Alien Storm,7,,8,151,-36112,David Bass,The Alien Storm Partnership,2,148,gelding,Getaway,Missusan,"Ran respectably when third of five over hurdles at regular haunt Plumpton (2m4f, good) last month; better known as a chaser these days but he looks weighted near best off this mark and is untried beyond 2m5f; has some work to do back in this sphere.",Four-time chaser winner but he looks weighted near best and is untried beyond 2m5f,Charlie Longsdon,"{'runs': 9, 'wins': 1, 'percent': 11}",33,137,"[{'horse': 'Alien Storm', 'horse_id': 4125042, 'quote': 'He started the season off in style with an easy win at Plumpton in a 2m novice hurdle and was a one-length second to Attacca under a penalty at Kempton. I thought he would run well going back to Kempton at Christmas but he found the soft ground too much and could not pick up his feet in it. The experience will have taught him plenty and he will have plenty of decent opportunities in the spring when the ground dries a little. The handicapper dropped him 2lb to 123 and I think this progressive youngster is above standard and, like so many of his family, he will be better on better ground. 11-01-23'}]",,[]
2026-05-23,GB,Bangor-on-Dee,Good,16:10,3m30y,Bangor-On-Dee Handicap Chase (GBB Race),Lounge Lizard,7,,9,151,-F5P/0,James Best,Sofa Surfers,2,149,gelding,Kayf Tara,Lifestyle,Four-time chase winner at up to 3m1f; well handicapped on his Huntingdon win for Henry Daly last March but he's struggled since including in two runs for new yard this spring; ran well to a point at Ludlow last time but he was on the retreat when he fell and others preferred.,Well handicapped on his Huntingdon win last March but he's struggled since; down the list,Sarah Humphrey,"{'runs': 1, 'wins': 0, 'percent': 0}",,123,[],,"[{'date': '2026-02-12', 'type': 'Wind Surgery'}]"
2026-05-23,GB,Bangor-on-Dee,Good,16:45,2m7f32y,Tom Jones Live At Chester Racecourse Mares' Handicap Hurdle,Camshaft,10,,5,162,-1507,Jonjo ONeill Jr,Camshaft Family Racing,5,96,mare,Shirocco,Honey Come Home,"Big improvement with cheekpieces added on handicap debut when beating 11 rivals at Ffos Las (2m4f, good to soft) last month; up 6lb but she knuckled down well last time and this unexposed mare shaped as though this new trip should be within range; strongly respected.",Won in cheekpieces on handicap debut at Ffos Las; up 6lb but she's open to more progress,Jonjo & A J ONeill,"{'runs': 15, 'wins': 0, 'percent': 0}",27,92,[],,[]
2026-05-23,GB,Bangor-on-Dee,Good,16:45,2m7f32y,Tom Jones Live At Chester Racecourse Mares' Handicap Hurdle,Jetty May,10,,6,164,-10654,Liam Harrison,Ian Moore,5,103,mare,Jet Away,Pretty Impressive,"Off the mark at the fifth attempt over hurdles when keeping on well for a 16-1 win at Newton Abbot (2m6f, good) last month; up 5lb but she responded well to a tongue-tie last time and is open to more progress at this new trip; key player.",Improved form with tongue-tie added when scoring at Newton Abbot; big player again up 5lb,Paul Nicholls,"{'runs': 7, 'wins': 3, 'percent': 43}",83,90,[],,"[{'date': '2025-11-24', 'type': 'Wind Surgery'}]"
2026-05-23,GB,Bangor-on-Dee,Good,16:45,2m7f32y,Tom Jones Live At Chester Racecourse Mares' Handicap Hurdle,La Cantate,10,,5,155,-246/4,Charlie Price,Dando Francome And Llewellyn,5,95,mare,No Risk At All,Similaresisoldofa,"Record of 0-7 but she returned after 276 days off with a promising second in a Ludlow handicap (2m5f, good) last month; nudged up 2lb but she stayed on well last time and has possibilities on this step up to 2m7f.",Reappeared with a good second at Ludlow (2m5f) and has claims if she can build on that,Robbie Llewellyn,"{'runs': 1, 'wins': 1, 'percent': 100}",100,95,[],,[]
2026-05-23,GB,Bangor-on-Dee,Good,16:45,2m7f32y,Tom Jones Live At Chester Racecourse Mares' Handicap Hurdle,Newmill Getaway,10,,7,159,-23522,Jack Hogan,The Village Racehorse Racing Club,5,96,mare,Getaway,Presenting Newmill,"Bumper winner who is 0-12 over hurdles but she has a solid record in handicaps for current yard and was runner-up at Taunton (3m, good) in March; should go well again off an unchanged mark and she's in the mix.",0-12 over hurdles but she's consistent and was runner-up at Taunton latest; in the mix,Fergal OBrien,"{'runs': 22, 'wins': 2, 'percent': 9}",41,92,[],,[]
2026-05-23,GB,Bangor-on-Dee,Good,16:45,2m7f32y,Tom Jones Live At Chester Racecourse Mares' Handicap Hurdle,Victoria Milano,10,,8,168,3-P8F/,Freddie Keighley,Milano Racing Syndicate,5,94,mare,Milan,Aughrim Vic,"Won two novice hurdles (2m3f/2m) for Alistair Ralph in 2023-24; struggled in first three runs for current yard but she showed signs of a revival when third of 12 at Uttoxeter (2m4f, good) last Saturday; was no match for the first two in that race but her mark continues to fall and she looks worth another try at this trip; could be dangerous.",Showed signs of a revival when third at Uttoxeter (2m4f) last Saturday; could be dangerous,Oliver Greenall & Josh Guerriero,"{'runs': 21, 'wins': 5, 'percent': 24}",48,74,"[{'horse': 'Victoria Milano', 'horse_id': 4893341, 'quote': ""She hasn't found her form this season and she's going for a wind op as we just felt she was missing something. She ran well at Uttoxeter and then travelled very well at Bangor last time, but didn't get home. She had been very consistent, but we've been missing that Sandown form from last season. If we can get her back she's definitely one to keep on side. 19-02-25""}]",,"[{'date': '2025-11-27', 'type': 'Wind Surgery'}]"
2026-05-23,GB,Bangor-on-Dee,Good,16:45,2m7f32y,Tom Jones Live At Chester Racecourse Mares' Handicap Hurdle,After Midnight,10,,9,144,-4887/,Tom Bellamy,Exors Of The Late Donald Smith,5,99,mare,Sulamani,Midnight Ocean,"Ten-race maiden but she rallied on her Fontwell reappearance (3m2f, soft; cheekpieces) in March and was not beaten far in fourth; this is a deeper race but she's unexposed as a stayer and is not ruled out off 1lb lower than last time.",Fair effort when fourth on Fontwell reappearance (3m2f) in March and she's not ruled out,Julian Smith,"{'runs': 0, 'wins': 0, 'percent': None}",,86,[],,[]
2026-05-23,GB,Bangor-on-Dee,Good,16:45,2m7f32y,Tom Jones Live At Chester Racecourse Mares' Handicap Hurdle,Pooleys Promise,10,,7,146,-P5954,Conor OFarrell,RS Racing (Syndicates),5,100,mare,Shirocco,Wild Fern,"Won a Fontwell handicap (3m, good) for Ryan Potter last May but she's been disappointing since including in two runs for new yard this spring; mark continues to fall but she was pulled up at Taunton last time and has a lot to prove; hood is added and tongue-tie is removed.",Won at Fontwell last spring but she's been disappointing since and has a lot to prove,Neil Mulholland,"{'runs': 20, 'wins': 2, 'percent': 10}",40,85,[],,[]
2026-05-23,GB,Bangor-on-Dee,Good,16:45,2m7f32y,Tom Jones Live At Chester Racecourse Mares' Handicap Hurdle,Faerie Cutlass,10,,8,159,-764UU,Ciaran Gethings,Mrs E A Kellar,5,97,mare,Black Sam Bellamy,Faerie Reel,"Won at Ludlow (3m, good to soft) in November 2024 but she struggled last year and was beaten 20l at Sedgefield when last seen in November; now 4lb lower than for her last success but she needs a major revival after a break.",8yo who struggled last year and needs a major revival after a break,Kim Bailey & Mat Nicholls,"{'runs': 6, 'wins': 3, 'percent': 50}",50,94,[],,"[{'date': '2024-03-01', 'type': 'Wind Surgery'}, {'date': '2022-09-20', 'type': 'Wind Surgery'}]"
2026-05-23,GB,Bangor-on-Dee,Good,16:45,2m7f32y,Tom Jones Live At Chester Racecourse Mares' Handicap Hurdle,After The Ball,10,,5,154,8-8433,Theo Gillard,Birkdale Bloodstock,5,94,mare,Walk In The Park,Ceilidh Royal,"0-8 in Irish points and she hasn't shown a great deal in three hurdle runs (2m, good) this spring; now goes handicapping but this is competitive and she needs a transformation on this big step up in trip",Handicap newcomer but she needs a transformation on this big step up in trip,Donald McCain,"{'runs': 20, 'wins': 2, 'percent': 10}",35,63,[],,[]
2026-05-23,GB,Bangor-on-Dee,Good,16:45,2m7f32y,Tom Jones Live At Chester Racecourse Mares' Handicap Hurdle,Porridge,10,,6,156,8-4PPP,Oscar Palmer,Blakesley Partnership,5,100,mare,Casamento,Boldilocks,"0-13 over hurdles; ran a big race at a massive price when fourth in a Fontwell maiden (2m3f, good to soft) last month but her mark shot up 41lb after that and she struggled back in a handicap at Fontwell (2m5f) last week; opposable.",0-13 over hurdles and she struggled off a tough mark back in a handicap latest; opposable,Tracey Leeson,"{'runs': 3, 'wins': 0, 'percent': 0}",,46,[],,[]
2026-05-23,GB,Bangor-on-Dee,Good,17:20,2m145y,Wrexham Evening On Friday 26th June Mares' Open National Hunt Flat Race (Category 1 Elim') (GBB),Bourbon Girl,11,,5,156,-2,Conor OFarrell,Distillery Stud,4,113,mare,Maxios,Mrs Malt,"11th foal; half-sister to useful hurdler Master Malt and two bumper winners; 10-1 for a four-runner bumper at Sedgefield (2m1f, good) in March but she ran well to finish a close second; that was a promising debut and she sets the standard on that form.",Close second on Sedgefield debut in March and she sets the standard on that form,Ewan Whillans,"{'runs': 12, 'wins': 0, 'percent': 0}",50,54,[],,[]
2026-05-23,GB,Bangor-on-Dee,Good,17:20,2m145y,Wrexham Evening On Friday 26th June Mares' Open National Hunt Flat Race (Category 1 Elim') (GBB),Magnifix Du Moulin,11,,4,157,1-3,Freddie Keighley,Greenfield Racing,4,101,filly,Masked Marvel,Dothraki,"Close third in a 1m4f French bumper on soft ground in October when tongue tied; weak 9-1 shot on recent stable debut at Fontwell (2m1f, good) but she overcame some traffic issues before scoring with something in hand; has a penalty but she has a useful pedigree and looks a good prospect.",Ex-French 4yo who won on recent stable debut at Fontwell; respected under a penalty,Richard Hobson,"{'runs': 2, 'wins': 0, 'percent': 0}",100,49,[],,[]
2026-05-23,GB,Bangor-on-Dee,Good,17:20,2m145y,Wrexham Evening On Friday 26th June Mares' Open National Hunt Flat Race (Category 1 Elim') (GBB),Phantom Of Delight,11,,5,156,-15P/P,Theo Gillard,Wayne Woods,4,,mare,Mahler,Dolly Lewis,"Bought for £30,000 after winning an Irish point (soft/heavy) in January; sister to a smart bumper winner and she's also a half-sister to a useful 2m hurdler; plenty to like on pedigree and she needs a close in market on rules debut.",Point winner and she's a sister to smart bumper winner; needs close look on rules debut,Donald McCain,"{'runs': 20, 'wins': 2, 'percent': 10}",35,,[],,[]
2026-05-23,GB,Bangor-on-Dee,Good,17:20,2m145y,Wrexham Evening On Friday 26th June Mares' Open National Hunt Flat Race (Category 1 Elim') (GBB),Do Wah Diddy,11,,5,156,/92,Miss Amber Jackson-Fennell,N A Twiston-Davies,4,91,mare,Jack Hobbs,Hillary C,"Second of five on Huntingdon debut (2m, good) in November 2024 but she was tailed off at Doncaster 18 days later; on the sidelines since and has something to prove back after a long absence.",Tailed off at Doncaster in her last run in 2024 and has something to prove on comeback,Nigel & Willy Twiston-Davies,"{'runs': 13, 'wins': 2, 'percent': 15}",38,,[],,[]
2026-05-23,GB,Bangor-on-Dee,Good,17:20,2m145y,Wrexham Evening On Friday 26th June Mares' Open National Hunt Flat Race (Category 1 Elim') (GBB),Lady Coco,11,,4,150,,Sam Twiston-Davies,Strachansalweycorbettgrahamgriffithperry,4,,filly,Gentlewave,Chocca Wocca,"Half-sister to winners Choccabloc (bumper/2m5f hurdle) and My Bobby's Lass (2m3f/2m4f hurdle); dam bumper/2m1f hurdle winner, closely related to 2m7f/3m1f hurdle winner As I See It, out of bumper/smart 2m-2m5f hurdle winner; yard has been firing in winners recently and she's an interesting newcomer.",Has several bumper winners in her pedigree and she's an interesting newcomer,Henry Daly,"{'runs': 6, 'wins': 4, 'percent': 67}",83,,[],,[]
2026-05-23,GB,Bangor-on-Dee,Good,17:20,2m145y,Wrexham Evening On Friday 26th June Mares' Open National Hunt Flat Race (Category 1 Elim') (GBB),Molly Hastings,11,,5,156,,Ned Fox,J Palmer-Brown,4,,mare,Poets Word,Lecon Benefique,"30,000euros 3yo; fifth foal; half-sister to 2m/2m1f hurdle winner Telecon; dam placed 2m-2m2f hurdles/chase in France, sister to bumper/useful 2m-2m7f hurdle/chase winner The Polomoche, half-sister to useful 2m3f/2m6f hurdle winner Lessons In Milan; yard 3-47 in bumpers in recent years and others look more likely.",Yard 3-47 in bumpers in recent years and others look more likely,Tom Symonds,"{'runs': 5, 'wins': 1, 'percent': 20}",40,,[],,[]
2026-05-23,GB,Bangor-on-Dee,Good,17:20,2m145y,Wrexham Evening On Friday 26th June Mares' Open National Hunt Flat Race (Category 1 Elim') (GBB),Anniespatient,11,,4,150,,Charlie Deutsch,Neale Dalton,4,,filly,Blue Bresil,Rose To Fame,"6,000euros foal; first foal; dam 2m hurdle winner, out of bumper/2m-2m5f hurdle winning sister to useful bumper and 2m3f-2m5f hurdle/chase winner Twelve Roses; yard not known for bumper winners and she could be a longer-term prospect.","6,000euros foal; yard not known for bumper winners and she could be a longer-term prospect",Mel Rowley,"{'runs': 2, 'wins': 0, 'percent': 0}",,,[],,[]
2026-05-23,GB,Bangor-on-Dee,Good,17:20,2m145y,Wrexham Evening On Friday 26th June Mares' Open National Hunt Flat Race (Category 1 Elim') (GBB),Maybellino,11,,5,156,,James Best,Roger Allsop,4,,mare,Jack Hobbs,Aunt Harriet,"Eighth foal; half-sister to 2m3f hurdle winner Samtara; dam unraced sister to bumper and 2m6f-3m2f hurdle/chase winner Georgian King, half-sister to bumper/3m1f hurdle winner Madame Jasmine; yard 0-13 in bumpers last season and she could be one for later on.",Yard 0-13 in bumpers last season and she could be one for later on,Martin Keighley,"{'runs': 4, 'wins': 2, 'percent': 50}",50,,[],,[]
2026-05-23,GB,Bangor-on-Dee,Good,17:20,2m145y,Wrexham Evening On Friday 26th June Mares' Open National Hunt Flat Race (Category 1 Elim') (GBB),Liberty Leader,11,,4,150,,Lewis Saunders,Brian Eckley,4,,filly,Arrigo,Liberty Bella,"First foal; dam 2m4f-2m5f hurdle/chase winner, half-sister to smart bumper and 2m hurdle/chase winner Libberty Hunter; has fair target to aim at on debut and is best watched unless market suggests otherwise.",Has fair target to aim at on debut and is best watched unless market suggests otherwise,Brian Eckley,"{'runs': 0, 'wins': 0, 'percent': None}",,,[],,[]
2026-05-23,GB,Bangor-on-Dee,Good,17:20,2m145y,Wrexham Evening On Friday 26th June Mares' Open National Hunt Flat Race (Category 1 Elim') (GBB),Bonnie Lazarevic,11,,4,150,,Sean Houlihan,Graham Wilson,4,,filly,Masterstroke,Rons Dream,"Third foal; dam useful and prolific bumper/2m-3m1f hurdle/chase winner, closely related to winners Letterpress (2m/2m1f hurdle) and Belle Empress (2m6f hurdle/3m6f chase), half-sister to useful 2m3f-2m5f chase winner Fistral Beach; has quite a bit of stamina in pedigree and market should guide on debut.",Has quite a bit of stamina in pedigree but she needs checking in market on debut,Sheila Lewis,"{'runs': 2, 'wins': 0, 'percent': 0}",100,,[],,[]
2026-05-23,GB,Bangor-on-Dee,Good,17:20,2m145y,Wrexham Evening On Friday 26th June Mares' Open National Hunt Flat Race (Category 1 Elim') (GBB),Pearl Knot,11,,4,150,,Toby Wynne,The Glazeley Partnership 2,4,,filly,Gentlewave,Pearlita,"Third foal; half-sister to 3m chase winner Pearl Island; dam 2m6f-3m hurdle winner, sister to 3m-3m5f chase winner Bretney, closely related to useful 2m4f-4m hurdle/chase winner Captain Cattistock, family of top 2m chaser Pearlyman; yard 21% in bumpers in recent years and she needs watching in market on debut.",Yard 21% in bumpers in recent years and she needs watching in market on debut,Oliver Greenall & Josh Guerriero,"{'runs': 21, 'wins': 5, 'percent': 24}",48,,[],,[]
2026-05-23,GB,Cartmel,Good To Soft,13:35,2m6f31y,Cartmel Sticky Toffee Pudding Maiden Hurdle (GBB Race),Loch Cuan,12,,5,158,2-20,Sean Bowen,A Dunlop,4,122,gelding,Court Cave,Inisharoan,"Has made a positive start over hurdles, runner-up in maidens at Navan (2m) in February and Downpatrick (2m6f) 15 days ago; likely to progress further so in the mix.",Runner-up in maidens at Navan and Downpatrick; can progress further; in the mix,Gordon Elliott,"{'runs': 53, 'wins': 9, 'percent': 17}",42,98,[],,[]
2026-05-23,GB,Cartmel,Good To Soft,13:35,2m6f31y,Cartmel Sticky Toffee Pudding Maiden Hurdle (GBB Race),Getaway Vic,12,,7,158,4/1211,Shane Fenelon,Llangoedmor Partnership,4,112,gelding,Getaway,Our Victoria,"Irish point/bumper scorer who made a promising start in this sphere when fourth of five in novice at Ffos Las (2m4f, good) 18 days ago, leading long way; cheekpieces added; has more to offer and rates a player.",Promising hurdling debut fourth at Ffos Las; has more to offer and rates a player,Mickey Bowen,"{'runs': 26, 'wins': 4, 'percent': 15}",54,55,"[{'horse': 'Getaway Vic', 'horse_id': 5652626, 'quote': 'He won a bumper at Worcester last summer and was then placed in another. He might have one more bumper run before the end of the season and will go novice hurdling after that. I think he should end up being a nice horse. 26-03-25'}]",,[]
2026-05-23,GB,Cartmel,Good To Soft,13:35,2m6f31y,Cartmel Sticky Toffee Pudding Maiden Hurdle (GBB Race),Hawks Rock,12,,6,158,3-025,Paddy Hanlon,Fish Out Of Water Syndicate,4,119,gelding,Jukebox Jury,Coquine Daunou,"A fairly useful bumper performer; back from six months off when shaping well on his first go over hurdles to be third of seven in a novice at Downpatrick (2m6f, good) 15 days ago; can take a step forward in retained cheekpieces.",Shaped well on first go over hurdles when third at Downpatrick; can take a step forward,John Joseph Hanlon,"{'runs': 17, 'wins': 1, 'percent': 6}",6,58,[],,[]
2026-05-23,GB,Cartmel,Good To Soft,13:35,2m6f31y,Cartmel Sticky Toffee Pudding Maiden Hurdle (GBB Race),Lipstick Traces,12,,6,151,3-3554,Sean Quinlan,Mrs Pauline Southerington,4,106,mare,Califet,Western Goose,"Fair bumper performer who has shown similar form in this sphere, finishing third of nine in 2m Hexham novice three weeks ago; she's no forlorn hope in a refitted hood.",Solid third in 2m Hexham novice three weeks ago; she's no forlorn hope in a refitted hood,Justin Landy,"{'runs': 0, 'wins': 0, 'percent': None}",,98,[],,[]
2026-05-23,GB,Cartmel,Good To Soft,13:35,2m6f31y,Cartmel Sticky Toffee Pudding Maiden Hurdle (GBB Race),Presentandcorrect,12,,6,158,-836,Nathan Moscrop,E A Brook,4,,gelding,Soldier Of Fortune,Coole Assembly,Fair form shown when third in Kelso bumper in February but came in last of eight in similar company there the following month; more needed now sent hurdling.,Last of eight in Kelso bumper latest; more is needed now sent hurdling,Rebecca Menzies,"{'runs': 21, 'wins': 1, 'percent': 5}",29,,[],,[]
2026-05-23,GB,Cartmel,Good To Soft,13:35,2m6f31y,Cartmel Sticky Toffee Pudding Maiden Hurdle (GBB Race),Stavanger Rose,12,,6,151,-FUFP/,Tabitha Worsley,Firepool Racing I,4,109,mare,Ocovango,Lenten Rose,"Failed to complete all four runs over hurdles for Daisy Hitchins, although she was still in third when falling at the last in 2m6f novice at Newton Abbot last month; changed hands for 2,000gns since and more required for her new handler.",Failed to complete in four hurdles runs for Daisy Hitchins; more required for new yard,Harriet Dickin,"{'runs': 4, 'wins': 0, 'percent': 0}",25,,[],,[]
2026-05-23,GB,Cartmel,Good To Soft,13:35,2m6f31y,Cartmel Sticky Toffee Pudding Maiden Hurdle (GBB Race),Howsmenoftomorro,12,,6,158,-33663,Gavin Sheehan,A Barker,4,,gelding,Portage,Isitkittyorbaby,Maiden pointer who came in last of three finishers in April; goes hurdling now but others appeal more.,Maiden pointer; last of three finishers in April; goes hurdling but others appeal more,John Dawson,"{'runs': 0, 'wins': 0, 'percent': None}",,,[],,[]
2026-05-23,GB,Cartmel,Good To Soft,13:35,2m6f31y,Cartmel Sticky Toffee Pudding Maiden Hurdle (GBB Race),Fortunes Dawn,12,,7,151,-453PP,Derek Fox,W G Young Jnr,4,,mare,Soldier Of Fortune,The Boys Dont Know,Maiden pointer who came in last of four in April; much more required on her hurdling debut.,Maiden pointer who came in last of four in April; much more required on her hurdling debut,William Young Jnr,"{'runs': 0, 'wins': 0, 'percent': None}",,,[],,[]
2026-05-23,GB,Cartmel,Good To Soft,13:35,2m6f31y,Cartmel Sticky Toffee Pudding Maiden Hurdle (GBB Race),Road To Rosley,12,,9,158,-P85/P,Mr John Dixon,Mrs S F Dixon,4,91,gelding,Millenary,Ballela Road,0-9 and tried in cheekpieces when pulled up in 2m Wetherby handicap hurdle in February; it's easy to look elsewhere.,0-9 and pulled up in 2m Wetherby h'cap hurdle in February; it's easy to look elsewhere,John Dixon,"{'runs': 1, 'wins': 0, 'percent': 0}",,66,[],,[]
2026-05-23,GB,Cartmel,Good To Soft,13:35,2m6f31y,Cartmel Sticky Toffee Pudding Maiden Hurdle (GBB Race),Raincloud,12,,6,151,-8P99P,Miss Ellie Callwood,Mrs M Chapman,4,93,mare,Ulysses,Flood Warning,0-19 and she was last to finish in a 2m5f handicap at Market Rasen last month; others more persuasive.,0-19 and was last to finish in a 2m5f handicap at Market Rasen last month,Michael Chapman,"{'runs': 0, 'wins': 0, 'percent': None}",,80,[],,[]
2026-05-23,GB,Cartmel,Good To Soft,13:35,2m6f31y,Cartmel Sticky Toffee Pudding Maiden Hurdle (GBB Race),Keops Des Bordes,12,,6,158,-4/2/1,NON-RUNNER,Colm Donlon,4,,gelding,Tunis,Carmen Des Bordes,"Winning Irish pointer; shaped well on his bumper debut when second at Warwick in December 2024 and again when fourth of nine in similar company at Ayr last month, travelling smoothly for a long way on his first run for 16 months; interesting prospect now going hurdling.NON-RUNNER",Winning Irish pointer; has shaped well both bumper runs; interesting prospect. NON RUNNER,Dan Skelton,"{'runs': 30, 'wins': 11, 'percent': 37}",69,,"[{'horse': 'Keops Des Bordes', 'horse_id': 5727973, 'quote': ""He's another nice novice hurdle prospect who finished second in his bumper last December. We thought he might win that day as he'd been doing everything well at home, but he came up against a nice horse [No Drama This End], so we weren't disappointed. He looks every inch a stayer who has a real long-term future as a chaser. I think I'll be very excited about him this time next year. 10-11-25""}]",,[]
2026-05-23,GB,Cartmel,Good To Soft,13:35,2m6f31y,Cartmel Sticky Toffee Pudding Maiden Hurdle (GBB Race),Woodythewoodpecker,12,,6,158,-32275,Conor Ring,Stoneacre Racing,4,112,gelding,Doyen,Omyn Supreme,"Remains winless but comes here in decent nick, having finished third of seven in 25.5f handicap at Hereford last month; place prospects once more back in maiden company.",Remains winless but comes here in decent nick; place prospects back in maiden company,Mrs C Williams,"{'runs': 10, 'wins': 1, 'percent': 10}",30,103,[],,[]
2026-05-23,GB,Cartmel,Good To Soft,14:10,2m1f46y,Hadwins EBF Mares' Handicap Hurdle,Belle Le Grand,10,,7,157,1-6086,Harry Skelton,Paddy Brennan Racing Syndicate Blg,3,123,mare,Universal,Saaboog,Back on the up (in first-time cheekpieces) when easily landing a gamble in 2m1f handicap at Newton Abbot 17 days ago; up 7lb but runner-up has gone in since so this C&D winner merits serious consideration in retained headgear.,Easily landed gamble at Newton Abbot latest; this C&D winner merits serious consideration,Dan Skelton,"{'runs': 30, 'wins': 11, 'percent': 37}",69,108,"[{'horse': 'Belle Le Grand', 'horse_id': 5574492, 'quote': ""She won twice over hurdles for us earlier in the year but found the soft ground against her at Hexham on Friday and ran below par. We'll find some better ground for her through the winter and hopefully in the spring there'll be some nicer races for her. 10-11-25""}]",,[]
2026-05-23,GB,Cartmel,Good To Soft,14:10,2m1f46y,Hadwins EBF Mares' Handicap Hurdle,Zahra Dodville,10,,4,154,-315/6,Gavin Sheehan,Brownsbarn Tipsy Tipsters & D Burke,3,120,filly,Montmartre,Zawiyla,Ex-French filly; scored easily on her debut for James Owen in 2m Fakenham juvenile hurdle in October and backed it up with a good third of 12 in Listed event at Newbury (2m) the following month; off since but yard continues to go very well so she must enter calculations.,Easy winner at Fakenham; good third at Newbury (Listed) so enters calculations after break,James Owen,"{'runs': 47, 'wins': 4, 'percent': 9}",57,97,"[{'horse': 'Zahra Dodville', 'horse_id': 7395204, 'quote': ""She's come from France and will be one for those National Hunt juvenile hurdles. She shapes up well and looks like a nice addition to the yard. 24-10-25""}]",,[]
2026-05-23,GB,Cartmel,Good To Soft,14:10,2m1f46y,Hadwins EBF Mares' Handicap Hurdle,Dunsy Rock,10,,5,166,5-14,Sean Bowen,A Dunlop,3,121,mare,Poets Word,Inishanier,Off the mark at just the second attempt in 2m Fairyhouse maiden in February and not disgraced when fifth in 2m1f Listed event at Killarney two weeks ago; remains with potential now going handicapping.,Respectable fifth at Killarney (Listed) latest; remains with potential on handicap debut,Gordon Elliott,"{'runs': 53, 'wins': 9, 'percent': 17}",42,90,[],,[]
2026-05-23,GB,Cartmel,Good To Soft,14:10,2m1f46y,Hadwins EBF Mares' Handicap Hurdle,Winds Of Winter,10,,8,155,4-PP21,Jonathon Bewley,Annett Tunstall And Graham,3,121,mare,Mahler,Canadian Blaze,Dual C&D scorer in first half of 2025; lightly raced since but she took a step back in the right direction when fourth at Hexham (2m) three weeks ago; possibilities off a slipping mark.,Dual C&D scorer and step back in right direction with Hexham fourth latest; possibilities,George Bewley,"{'runs': 6, 'wins': 0, 'percent': 0}",17,117,[],,[]
2026-05-23,GB,Cartmel,Good To Soft,14:10,2m1f46y,Hadwins EBF Mares' Handicap Hurdle,My Chiquita,10,,7,168,3-22/1,Leah Noreci,Jim Bracken & Keith Hadwin,3,124,mare,Postponed,Warling,A fairly useful 2m4f hurdles winner for Ben Brookhouse; made a promising start for her new yard after eight months off when third of eight over 2m4f at Aintree eight days ago; she should strip sharper here and rates a player off the same mark.,Promising start for new yard with Aintree third (2m4f) last week; player off the same mark,James Moffatt,"{'runs': 3, 'wins': 0, 'percent': 0}",33,114,"[{'horse': 'My Chiquita', 'horse_id': 4485054, 'quote': ""She's 2-2 for us over hurdles and is having a break as she wants better ground. She won well at Sedgefield and Wetherby and we'll get her ready for the mares' meeting at Cheltenham in April. She'll have a couple of options there, either a handicap hurdle or Listed novice hurdle. It's all about building a pedigree with her to go on as a broodmare. 30-11-23""}]",,[]
2026-05-23,GB,Cartmel,Good To Soft,14:10,2m1f46y,Hadwins EBF Mares' Handicap Hurdle,Kientzheim,10,,6,167,-216/0,Harry Cobden,John P McManus,3,122,mare,Zanzibari,Virfolette,"Has made a positive start for her current yard, scoring at Market Rasen (2m4f) in November and backing it up with a good second of 11 at Carlisle (2m1f) in February; well in the mix after a break with few miles on the clock.",Low-mileage mare; good second at Carlisle in February; well in the mix after a break,Ben Haslam,"{'runs': 18, 'wins': 3, 'percent': 17}",33,113,"[{'horse': 'Kientzheim', 'horse_id': 6613582, 'quote': ""She's closely related to Epatante and is in good form ? we like her a lot. She's neat and has been running in some pretty good AQPS Flat races, but we'll find a lot more about her here. 23-12-24""}]",,[]
2026-05-23,GB,Cartmel,Good To Soft,14:10,2m1f46y,Hadwins EBF Mares' Handicap Hurdle,Tour Ovalie,10,,7,161,-04331,Miss Eleanor Williams,Andrew Strong,3,124,mare,Kamsin,Tour Ambition,Resumed winning ways at Ludlow (2m) in December and in good form until finishing last of ten in 2m4f Sandown handicap four weeks ago; the sort who might bounce back though.,In good form until last of ten at Sandown four weeks ago; might bounce back though,Mrs C Williams,"{'runs': 10, 'wins': 1, 'percent': 10}",30,110,"[{'horse': 'Tour Ovalie', 'horse_id': 4566534, 'quote': ""She made the frame in two bumpers in the spring and is a smashing type. She'll want some give in the ground but I'm not sure whether she'll go straight over hurdles or have another bumper run. 02-11-23""}, {'horse': 'Tour Ovalie', 'horse_id': 4566534, 'quote': ""A genuine mare with a habit of winning, just the kind of habit you want. She's basically a 2m hurdler and she's won six out of 20 in that discipline. I try to keep her in mares' races. She's on a mark of 118, which is just below her highest mark. I'm hoping she takes her consistency to Ludlow on Thursday. 14-01-26""}]",,[]
2026-05-23,GB,Cartmel,Good To Soft,14:10,2m1f46y,Hadwins EBF Mares' Handicap Hurdle,Melinda,10,,5,155,/1,Derek Fox,Mrs H Kelly,3,,mare,Churchill,Wait And See,Made a winning start over hurdles in 2m Musselburgh juvenile in November 2024; had been off for 17 months before coming in last of five on Newcastle AW (1m4f) 22 days ago; needs to take a big step forward.,Off for 17 months before finishing last on Newcastle AW recently; needs a big step forward,Lucinda Russell & Michael Scudamore,"{'runs': 17, 'wins': 1, 'percent': 6}",31,,[],,[]
2026-05-23,GB,Cartmel,Good To Soft,14:10,2m1f46y,Hadwins EBF Mares' Handicap Hurdle,Magnolia,10,,7,156,3-2065,Joshua Thompson,The Magnolia Partnership,3,125,mare,Spider Flight,Ivresse Du Berlais,"A dual 2m hurdles winner at Kelso last winter and back in good nick of late, finishing third of six at Perth (2m) nine days ago; not out of things off a 2lb lower mark.","Back in good nick of late, third at Perth nine days ago; not out of things eased 2lb",Micky Hammond,"{'runs': 19, 'wins': 0, 'percent': 0}",16,105,[],,[]
2026-05-23,GB,Cartmel,Good To Soft,14:10,2m1f46y,Hadwins EBF Mares' Handicap Hurdle,Demoiselle Kap,10,,8,155,2-3535,Roisin Leech,G Thompson,3,124,mare,Kapgarde,Dabaratsa,Bagged a four-timer (around 2m) over hurdles/fences last winter; not at her best of late though and finished a remote second in 2m Hexham seller three weeks ago on her final run for Jennie Candlish; more needed in refitted cheekpieces for her new handler.,"Not at her best of late, remote Hexham second final run for Jennie Candlish; more needed",Sophie Leech,"{'runs': 3, 'wins': 0, 'percent': 0}",,112,[],,[]
2026-05-23,GB,Cartmel,Good To Soft,14:43,3m1f83y,PSR Marquees Mares' Handicap Hurdle,Musique De Fee,7,,7,167,2-0P0P,Joshua Bryan,The Happy Amigos,3,125,mare,Jukebox Jury,Fairy Tale,"2l third in this race (good) last year for Georgina Nicholls when undone by two late mistakes, only to land a C&D Class 2 two days later (good to soft) off the same mark as today's; easily her best effort for new connections at Hereford latest (3m2f, good), and her turn is possibly nearing.",2l third in 2025 renewal before winning a C&D Class 2 two days later; turn nearing again.,Mickey Bowen,"{'runs': 26, 'wins': 4, 'percent': 15}",54,118,[],,"[{'date': '2024-02-01', 'type': 'Wind Surgery'}]"
2026-05-23,GB,Cartmel,Good To Soft,14:43,3m1f83y,PSR Marquees Mares' Handicap Hurdle,Penny Perfect,7,,5,168,-3214,Sean Bowen,Mrs C M Magill,3,117,mare,Capri,Assidua,"Looked like one for stayers' trips when taking a Downpatrick 2m6f maiden last summer (good), but unable to confirm that impression on her one run after; much the longest absent of these, and her mark is no gift.",2m6f maiden winner who didn't improve for 3m latest as expected; off since October.,Gordon Elliott,"{'runs': 53, 'wins': 9, 'percent': 17}",42,56,[],,[]
2026-05-23,GB,Cartmel,Good To Soft,14:43,3m1f83y,PSR Marquees Mares' Handicap Hurdle,Tread Softly Now,7,,7,146,-24342,Ryan Mania,Stephen Sinclair & Ian Duncan,3,121,mare,Champs Elysees,Watch Closely Now,"Triple winner at up to 2m4f (soft and good); inconsistency tempers confidence in her backing up last month's Perth near-miss (2m4f, good; first-time visor retained), but has staying potential on breeding.",No certainty to back up Perth near-miss; encouragement for stayers' trips on breeding.,Ian Duncan,"{'runs': 2, 'wins': 0, 'percent': 0}",,108,[],,[]
2026-05-23,GB,Cartmel,Good To Soft,14:43,3m1f83y,PSR Marquees Mares' Handicap Hurdle,Keep On Cobbling,7,,6,150,-2361/,Harry Bannister,Sir John Timpson,3,117,mare,Passing Glance,Upbeat Cobbler,"Well served by sharp left-handed tracks and good ground, winning at Stratford (2m maiden) and Sedgefield (2m5f handicap) last year; impression given when second at Warwick latest (2m5f) was that she'll stay further and that is partly backed up by pedigree.",Sharp left-handed track and good ground are positives; may stay this far.,Henry Daly,"{'runs': 6, 'wins': 4, 'percent': 67}",83,103,[],,[]
2026-05-23,GB,Cartmel,Good To Soft,14:43,3m1f83y,PSR Marquees Mares' Handicap Hurdle,Starlyte,7,,9,148,3-4477,Patrick Wadge,Wee Dude Partnership,3,124,mare,Sir Percy,Virevolle,"Few secrets left after 41 hurdles starts but back below her last winning mark again, and every outing so far this year has suggested that an extended run of races beyond 3m looks in order now; not without interest.","Back below her last winning mark, and step up back beyond 3m looks the right move.",Lucinda Russell & Michael Scudamore,"{'runs': 17, 'wins': 1, 'percent': 6}",31,116,"[{'horse': 'Starlyte', 'horse_id': 3293710, 'quote': ""She came to us from the Flat and made a flying start by winning a 2m4½f Newcastle handicap hurdle. We'll keep her to that trip with a view to going up to 3m later. She desperately needs good ground and is ready to go as soon as things dry out. 25-01-23""}]",,"[{'date': '2023-07-18', 'type': 'Wind Surgery'}]"
2026-05-23,GB,Cartmel,Good To Soft,14:43,3m1f83y,PSR Marquees Mares' Handicap Hurdle,Pinot Rouge,7,,8,166,-4F5FP,Nathan Moscrop,S Oliver,3,120,mare,Vendangeur,Moanbaun Lady,"Below par since last June's Hexham win off 2lb higher (3m, good to soft) until reviving, up to a point, with last month's Ayr Class 2 fourth; has to show that a sharp track is what's wanted, though.",Bit better again at Ayr last time; wouldn't be convinced that Cartmel is her track.,Susan Corbett,"{'runs': 7, 'wins': 2, 'percent': 29}",71,115,[],,[]
2026-05-23,GB,Cartmel,Good To Soft,14:43,3m1f83y,PSR Marquees Mares' Handicap Hurdle,Bittalemon,7,,5,158,-77181,Charlotte Jones,Darren Naylor,3,115,mare,Dubawi,Bizzarria,"Dual 2m1f novice winner here last summer (good to soft and good); well below that level twice after, albeit once in Listed company; effectiveness beyond 2m3f has yet to be tested.",Dual 2m1f novice winner here last summer; effectiveness beyond 2m3f has yet to be tested.,James Moffatt,"{'runs': 3, 'wins': 0, 'percent': 0}",33,106,[],,"[{'date': '2026-03-19', 'type': 'Wind Surgery'}]"
2026-05-23,GB,Cartmel,Good To Soft,15:20,2m1f61y,William Hill Novices' Limited Handicap Chase (GBB Race),Tellherthename,3,,7,164,8-03/5,Harry Skelton,The Megsons,3,132,gelding,Malinas,Whos To Know,"Both wins came at Huntingdon when trained by Ben Pauling; made his stable debut in the County Hurdle at the Cheltenham Festival, when not beaten far, and he wasn't disgraced when hooded and held up out the back in the Swinton at Haydock (favourite) two weeks ago; this will feel like a drop in the ocean in comparison and, although turned over at a short price last October in his only chase, he should make light work of these two rivals on his return to fences.",Pretty useful in two hurdle runs (County/Swinton) for new yard; big chance back chasing,Dan Skelton,"{'runs': 30, 'wins': 11, 'percent': 37}",69,112,"[{'horse': 'Tellherthename', 'horse_id': 4893324, 'quote': ""He's a good horse who'll be making his debut for us, having joined us just after Christmas. He's had a bit of a chequered career but he'll go there super-fresh and his handicap mark doesn't look beyond him, although this will be a big ask. 17-02-26""}]",,[]
2026-05-23,GB,Cartmel,Good To Soft,15:20,2m1f61y,William Hill Novices' Limited Handicap Chase (GBB Race),Half A Chance,3,,7,145,4-0435,Paddy Hanlon,Tlicn Syndicate,3,135,gelding,Beat Hollow,Shivermetimber,"Sole success came in a Limerick maiden hurdle in May 2024; placed several times since and made a promising debut over fences when fourth of 12 at Wexford (2m, good to yielding) 16 days ago; should win races but up against a serious rival here.",Made a promising debut over fences when fourth at Wexford 16 days ago.,John Joseph Hanlon,"{'runs': 17, 'wins': 1, 'percent': 6}",6,98,[],,[]
2026-05-23,GB,Cartmel,Good To Soft,15:20,2m1f61y,William Hill Novices' Limited Handicap Chase (GBB Race),Tamarind Bay,3,,6,147,-32324,Sean Bowen,Llangoedmor Partnership,3,,gelding,Elusive Pimpernel,Tempest River,Still a maiden despite being placed in eight of his 12 starts over hurdles; may do better now that he tackles fences.,Still a maiden despite being placed in eight of his 12 starts over hurdles.,Mickey Bowen,"{'runs': 26, 'wins': 4, 'percent': 15}",54,,"[{'horse': 'Tamarind Bay', 'horse_id': 5587080, 'quote': ""He ran a great race at Doncaster, and he'll probably have one more run over hurdles and then go chasing in the summer. We'll see a different horse over a fence as he jumps so well. He'll be a really good summer chaser. 26-03-26""}]",,[]
2026-05-23,GB,Cartmel,Good To Soft,15:55,3m1f107y,RF Miller & Co Handicap Chase (GBB Race),Loup De Maulde,8,,9,161,-2347/,Harry Cobden,Martin Redman & Maurice Thomas,3,134,gelding,Loup Breton,Onolita Saulaie,"Scored twice over fences (around 3m) in March 2024; back from two years off in good nick, runner-up over 3m2f at Chepstow last month; can race off the same mark here so he's a player with Harry Cobden taking over.","Back from two years off in good nick, Chepstow second latest; player with Harry Cobden up",Robbie Llewellyn,"{'runs': 1, 'wins': 1, 'percent': 100}",100,127,"[{'horse': 'Loup De Maulde', 'horse_id': 3753482, 'quote': ""He improved 34lb for us last season, winning four races, and he's very consistent. He had a little bit of a setback this season but he ran in a Pertemps qualifier the other day at Huntingdon, finishing second, and it was great to get him qualified. If he goes up in the weights a bit he might have a chance of getting into the final and it would be great to have a Cheltenham Festival runner. He'd be competitive and might finish fifth or sixth. 01-02-24""}]",,[]
2026-05-23,GB,Cartmel,Good To Soft,15:55,3m1f107y,RF Miller & Co Handicap Chase (GBB Race),Ki Woo,8,,6,168,-51P26,Harry Skelton,Haydock Park Racing Company Limited,3,130,gelding,Cokoriko,Calonge,"Gained a first win over fences at Haydock (3m4f, good to soft) in March and posted a solid fifth off a 6lb higher mark there (good) last month; possibilities.",Won 3m4f Haydock chase in March and solid fifth of 11  there last month; possibilities,Oliver Greenall & Josh Guerriero,"{'runs': 21, 'wins': 5, 'percent': 24}",48,119,"[{'horse': 'Ki Woo', 'horse_id': 5613804, 'quote': ""He's had a few setbacks but is going to go over fences. He's better on better ground, so it's annoying he's been held up a bit. He could be an interesting staying chaser and the North Wales National at Bangor could be ideal for him. 20-11-25""}, {'horse': 'Ki Woo', 'horse_id': 5613804, 'quote': ""He went up in trip at Haydock last week and jumped really well to win a good race. He's a small horse who did well over hurdles and probably hasn't improved as much as we thought over fences. He doesn't cope with soft ground and hasn't had that many runs this season, so we'll run him on through the spring and summer. He might be one for the Highland National at Perth if he doesn't go too high in the handicap. 13-03-26""}]",,[]
2026-05-23,GB,Cartmel,Good To Soft,15:55,3m1f107y,RF Miller & Co Handicap Chase (GBB Race),Stratagem,8,,10,155,-413P6,Shane Fenelon,Mickey Bowen,3,135,gelding,Sunday Break,Our Ziga,"Useful chaser at his best for Paul Nicholls; in good form this spring for his current yard since undergoing wind surgery, scoring at Sedgefield (3m2f) before finishing a good fourth over 3m6f at Perth when set a lot to do; can go well eased 1lb here.",Won at Sedgefield before good Perth fourth when set a lot to do; down 1lb; can go well,Mickey Bowen,"{'runs': 26, 'wins': 4, 'percent': 15}",54,119,"[{'horse': 'Stratagem', 'horse_id': 2883458, 'quote': ""I thought he'd put up a big performance at Cheltenham in October but he was run off his feet. He's only a four-year-old but I think he's now ready for fences, so he's due to run in a novice chase over 2m3f or 2m4f. I'm sure he's a nice horse. 16-11-20""}, {'horse': 'Stratagem', 'horse_id': 2883458, 'quote': ""We'll probably aim him at a veterans' chase at Cartmel and let him take his chance alongside Fairlawn Flyer. I'll probably follow the same route as well with him and take him to Perth for the Highlands National too. We want as many runners at Cartmel as we can. 26-03-26""}]",,"[{'date': '2026-02-03', 'type': 'Wind Surgery'}, {'date': '2022-07-25', 'type': 'Wind Surgery'}, {'date': '2021-09-13', 'type': 'Wind Surgery'}]"
2026-05-23,GB,Cartmel,Good To Soft,15:55,3m1f107y,RF Miller & Co Handicap Chase (GBB Race),My Gift To You,8,,8,168,1-2496,Alex Chadwick,Lpog 23 Nh,3,124,gelding,Kingston Hill,Ariels Serenade,Resumed winning ways after six months off in 4m1f hunter chase at Warwick (good) 22 days ago; effective over this much shorter trip and this likeable front-runner is not out of things.,Won 4m1f hunter chase at Warwick latest; this likeable front-runner is not out of things,James Owen,"{'runs': 47, 'wins': 4, 'percent': 9}",57,117,"[{'horse': 'My Gift To You', 'horse_id': 4127371, 'quote': ""He'd shown very little form when I bought him at Ascot sales for£8,000. He's a very good-looking, well-bred horse and he won his first start for us over hurdles, then won a chase the next start and came back from a little break to score again on his second start over fences. He's a big baby and very much a horse for the future. 06-12-23""}]",,[]
2026-05-23,GB,Cartmel,Good To Soft,15:55,3m1f107y,RF Miller & Co Handicap Chase (GBB Race),Caughtinyourtrance,8,,7,164,-P326P,Charlotte Jones,A Horabin,3,130,gelding,Ocovango,Loyalty Card,A two-time hurdles winner here last summer; started well over fences this spring when placed at Newcastle (2m7f) and Uttoxeter (2m4f) but pulled up at Ayr last month; has since had wind surgery and no surprise to see him bounce back here.,Started well over fences but pulled up at Ayr latest; had a wind op and could bounce back,James Moffatt,"{'runs': 3, 'wins': 0, 'percent': 0}",33,110,"[{'horse': 'Caughtinyourtrance', 'horse_id': 4880981, 'quote': ""A nice bumper horse we've bought who goes very well and will run before the ground firms up. He won his only point and should be ready to run in mid-March. He's been steadily improving at home and his work has been really good. He's taken a bit of time but is very straightforward. He's improved steadily and I'll be surprised if he can't acquit himself really well in a bumper. We've had quite a few bumper winners in the last few years and his homework compares very favourably to all of those. I'd be very hopeful he's above average. 14-02-24""}]",,"[{'date': '2026-04-28', 'type': 'Wind Surgery'}]"
2026-05-23,GB,Cartmel,Good To Soft,15:55,3m1f107y,RF Miller & Co Handicap Chase (GBB Race),Loughderg Rocco,8,,10,168,-78/12,Sean Bowen,Newark Castle Partnership,3,131,gelding,Shirocco,Banaltra,"Very lightly raced but fairly useful hurdles/chase winner for Laura Morgan in 2021/22; just two runs since back from huge absence for this yard and not totally disgraced when seventh over 3m at Ffos Las (soft) in March, prominent to three out; had wind surgery since; tongue-tie now added.",Not totally disgraced when seventh at Ffos Las in March; tongue-tie is added now,Olly Murphy,"{'runs': 47, 'wins': 13, 'percent': 28}",62,116,"[{'horse': 'Loughderg Rocco', 'horse_id': 3423154, 'quote': ""He was a fair hurdler and ended last season with a rating of 121, but I always thought he'd be much better when he went over fences. He schooled well, so we started him off at Wetherby in what turned out to be a two-horse race as the third runner unseated his jockey at the start. That left us with the very useful Gelino Bello to beat and I don't think anyone gave us a hope in hell - he was 16-1 in the three-horse field. As it turned out he ran a stormer to finish a half-length second behind Gelino Bello. I was delighted with that effort but also disappointed to get so close and not win. I sent him to Leicester for his second run and he won by 12 lengths from the odds-on Unexpected Party. People crabbed the form, saying Gelino Bello and Unexpected Party hadn't performed at their best against him. I accept people will be sceptical when you're a small, up-and-coming yard, but I can assure you this is a very smart novice chaser and better days lie ahead. The handicapper has already rated him 21lb better as a chaser than over hurdles. He'll have an entry for the Turners at Cheltenham and will go straight there. He doesn't need another run and he could raise a few eyebrows at the festival because he's improving all the time. We've been very patient with him and I think by not rushing him he'll reward his owners. 18-01-23""}]",,"[{'date': '2026-03-23', 'type': 'Wind Surgery'}]"
2026-05-23,GB,Cartmel,Good To Soft,15:55,3m1f107y,RF Miller & Co Handicap Chase (GBB Race),Puddlesinthepark,8,,8,152,-56U91,Osian Radford,Tony Cromwell & Partner,3,134,gelding,Walk In The Park,Vast Consumption,A three-time scorer (including over C&D) last season; hinted at a revival when a never-nearer fifth over 3m4f at Taunton last month so needs considering off a slipping mark.,Hinted at revival when fifth at Taunton last month; considered off a slipping mark,Mrs C Williams,"{'runs': 10, 'wins': 1, 'percent': 10}",30,114,"[{'horse': 'Puddlesinthepark', 'horse_id': 4144682, 'quote': ""He had a great early summer, winning three on the spin before a short break. In October he picked up the winning thread in a 3m4f handicap chase at Ffos Las off his highest-ever mark, scoring by 11 lengths in a three-horse race. He's only 1lb higher now, so has plenty going for him, and he could run well in one of the regional nationals in the spring. He doesn't want deep ground. Spring ground with a bit of cut is ideal. 14-01-26""}]",,[]
2026-05-23,GB,Cartmel,Good To Soft,15:55,3m1f107y,RF Miller & Co Handicap Chase (GBB Race),You Some Girl,8,,9,148,U-5P51,Richie McLernon,Derek Thompson & Partners,3,130,mare,Dylan Thomas,Kallisti,Made a winning start over fences at Newcastle (2m7f) in October; has failed to build on it though and she unseated her rider at Hexham (3m) two weeks ago; has a bit to prove.,Made a winning start over fences at Newcastle in October but she has failed to build on it,Rebecca Menzies,"{'runs': 21, 'wins': 1, 'percent': 5}",29,64,"[{'horse': 'You Some Girl', 'horse_id': 4705210, 'quote': ""A bumper winner on her debut last season, she hasn't been the most fluent jumper over hurdles and we've done plenty of work on her schooling. I thought she'd won at Sedgefield in November when she came there absolutely swinging before falling two out. She needed a bit of physio and she's improved for it, and when the ground comes good we'll look to run her over two and a half miles-plus. She's qualified for the Go North mares' final and could be one for that. 24-01-24""}]",,[]
2026-05-23,GB,Cartmel,Good To Soft,16:30,3m1f107y,Molson Coors Handicap Chase,Halfway House Lad,11,,7,150,1-6635,Charlotte Jones,Halfway House Syndicate,5,106,gelding,Recharge,Pezula,"5lb out of the weights when romping home on recent stable debut at Hexham (3m, good); now 8lb higher and all wins have been gained at Newcastle or Hexham so still has some convincing to do around a sharp track.","All wins have come at Newcastle or Hexham, including on stable debut latest (3m, good).",James Moffatt,"{'runs': 3, 'wins': 0, 'percent': 0}",33,89,[],,"[{'date': '2024-08-07', 'type': 'Wind Surgery'}, {'date': '2023-12-06', 'type': 'Wind Surgery'}]"
2026-05-23,GB,Cartmel,Good To Soft,16:30,3m1f107y,Molson Coors Handicap Chase,Kaviar Wood,11,,6,153,-F4244,Conor Ring,J N Blackburn,5,105,gelding,Nom De DLa,Tulipe Des Sacart,"Rarely a strong finisher in points or sub-3m hurdles previously but still full of running in the lead when falling at the last on February's Hereford chase debut (3m1f, heavy); up 2lb without winning but given time to recover, and despite the bigger field size this is race is no better.","Last-fence faller when still leading on February's chase debut (3m1f, heavy); up 2lb.",Mrs C Williams,"{'runs': 10, 'wins': 1, 'percent': 10}",30,,[],,[]
2026-05-23,GB,Cartmel,Good To Soft,16:30,3m1f107y,Molson Coors Handicap Chase,Thehairyfella,11,,11,156,-26P45,Sean Bowen,D J Barry,5,102,gelding,Presenting,Cherry Black,"Had a below-par Defence Witness behind when a C&D third off today's mark last June, and belatedly off the mark next time out back in Ireland; can go well after a break without necessarily being able to threaten a win.",C&D third last June was followed by a belated first career win; can give a fair account.,Gordon Elliott,"{'runs': 53, 'wins': 9, 'percent': 17}",42,96,[],,[]
2026-05-23,GB,Cartmel,Good To Soft,16:30,3m1f107y,Molson Coors Handicap Chase,Defence Witness,11,,7,162,-27212,Richie McLernon,Ursa Major -England,5,104,gelding,Court Cave,Colleen Dubh,"Justified favouritism over 2m5f on this card last year (good to soft), and added a Catterick stayers' event in the winter, both off 4lb lower; all wins on good to soft and soft but last month's Sedgefield second on good was the equal of his peak soft-ground form; chance.",Won the 2m5f chase on this card last year; winless on good but handles it if necessary.,Sam England,"{'runs': 19, 'wins': 5, 'percent': 26}",47,98,"[{'horse': 'Defence Witness', 'horse_id': 5045993, 'quote': ""He won a 2m5f chase round Cartmel but didn't really go when we took him back there. It turned out he'd picked up an injury, so he's on rest at the moment and will be out again in January. He wants good ground, so we'll see where we can find that. 29-10-25""}]",,"[{'date': '2025-01-08', 'type': 'Wind Surgery'}]"
2026-05-23,GB,Cartmel,Good To Soft,16:30,3m1f107y,Molson Coors Handicap Chase,Isle Of Sark,11,,8,168,5-3783,Alice Stevens,Anthony Bithell,5,105,gelding,Kittens Joy,Endless Fancy,"Posted best effort for these connections when third at Sedgefield in April (2m5f, good), before appearing to find it harder work last time; mixed record over stayers' trips, and would appreciate the ground drying out.",Didn't build on previous good Sedgefield third latest; mixed record over stayers' trips.,Micky Hammond,"{'runs': 19, 'wins': 0, 'percent': 0}",16,93,"[{'horse': 'Isle Of Sark', 'horse_id': 3273550, 'quote': ""We were pleased with his run in the Ballysax, which was his first run on turf, and he will have learned a lot from that. He seems to have come out of that race well and he'll probably go for another Derby trial. 19-04-21""}]",,[]
2026-05-23,GB,Cartmel,Good To Soft,16:30,3m1f107y,Molson Coors Handicap Chase,Mistymal,11,,8,151,-6/36P,Callum Pritchard,J Durston & N Harris,5,102,gelding,Malinas,Amazon Mist,"Form of October 2024's Hereford chase debut win (3m1f, good) has been consolidated rather than improved upon; fair record after long absences but realistically needs the wind surgery since last seen to elicit improvement.","Hasn't kicked on from 2024's chase debut win (3m1f, good); has received wind surgery.",Tim Vaughan,"{'runs': 0, 'wins': 0, 'percent': None}",,88,"[{'horse': 'Mistymal', 'horse_id': 4952205, 'quote': ""He's an ex-Irish point-to-pointer. He looked a nice prospect and ran with credit at Southwell two starts ago, but he couldn't handle Fakenham last time. He wants better ground and a big, galloping track and I'd be gutted if he can't win races for us. 20-03-24""}]",,"[{'date': '2026-03-02', 'type': 'Wind Surgery'}]"
2026-05-23,GB,Cartmel,Good To Soft,16:30,3m1f107y,Molson Coors Handicap Chase,Jakana,11,,7,154,-4PPP5,Derek Fox,A Kerr L Kerr,5,102,mare,Soldier Of Fortune,Golden Firth,"Back on track to a certain extent when fourth switched to fences at Perth latest (3m, good), shaping as if further still is required; longer trip all to the good and is now 20lb lower than this time last year.","12l fourth on last month's Perth chasing debut, shaping as if needing further than 3m.",Leonard Kerr,"{'runs': 0, 'wins': 0, 'percent': None}",,61,[],,[]
2026-05-23,GB,Cartmel,Good To Soft,16:30,3m1f107y,Molson Coors Handicap Chase,Croagh Patrick,11,,11,146,/P9P12,Sean Quinlan,R J Hewitt,5,,gelding,Mountain High,Benedicta Rose,"Back on the lowly mark off which he snapped a long losing run in December 2024 at Carlisle (3m2f, soft); remains to be seen what ability remains on this stable debut following 14 months out.","Off for 14 months; back on the mark he defied at Carlisle in December 2024 (3m2f, soft).",Gillian Boanas,"{'runs': 1, 'wins': 0, 'percent': 0}",,,"[{'horse': 'Croagh Patrick', 'horse_id': 3255826, 'quote': ""Sam: He's had a break as he's had a chip taken out of a front fetlock. I hope he'll be back for the spring and summer. Jonathan: He keeps finishing second but the owner is proud because he says he's the only horse in the country to be rated under 100 and earn more than £50,000! He keeps getting placed and runs the same race over any trip. He's tricky because you think after a race ‘I should have done that', but you do that next time and you find something else! He's frustrating. 08-02-24""}]",,"[{'date': '2022-02-01', 'type': 'Wind Surgery'}]"
2026-05-23,GB,Cartmel,Good To Soft,16:30,3m1f107y,Molson Coors Handicap Chase,Lights Are Green,11,,9,153,-PP4P6,Jonathon Bewley,Holland And Todd,5,,gelding,Califet,Katjakem,"C&D record of 2-7 includes victory in this race in 2023 off 5lb higher (good); pulled up in last year's renewal, however, and other results last term offer scant optimism on this return from seven months off.",2023 race winner off 5lb higher (good); struggled badly here and elsewhere last season.,George Bewley,"{'runs': 6, 'wins': 0, 'percent': 0}",17,57,[],,[]
2026-05-23,GB,Cartmel,Good To Soft,16:30,3m1f107y,Molson Coors Handicap Chase,Jet Light,11,,7,151,-8/P77,Ryan Mania,Jones/Naylor And Jl Syndicate,5,,gelding,Cokoriko,Or Light,"Still early days in handicaps, but fences and cheekpieces (retained nonetheless) elicited no improvement on recent return from a year out.","Still early days, but no improvement latest for fences and application of cheekpieces.",James Moffatt,"{'runs': 3, 'wins': 0, 'percent': 0}",33,65,[],,[]
2026-05-23,GB,Cartmel,Good To Soft,16:30,3m1f107y,Molson Coors Handicap Chase,Fast Deal,11,,9,142,-PF68P,Miss Ellie Callwood,Mrs M Chapman,5,,gelding,Fast Company,Maven,"Approaching two years since he last showed any form to speak of, and has a lot to prove from 9lb out of the weights this time.",Approaching two years since he last showed any form to speak of; 9lb out of the weights.,Michael Chapman,"{'runs': 0, 'wins': 0, 'percent': None}",,32,[],,[]
2026-05-23,GB,Cartmel,Good To Soft,17:05,2m5f34y,St Marys Hospice Handicap Chase,Line Of Descent,12,,8,165,-2326/,James Bowen,Jim And Claire Limited,5,106,gelding,Nathaniel,Joys Of Spring,"2m1f chase win off today's mark in 2023 is his contribution to the Greatrex yard's 40% strike-rate with chasers here; mostly solid efforts this year since returning from absence, and the slight rise back up in trip is a likely plus having found it all happening too quickly at Plumpton latest (cheekpieces added, retained).",2m1f course winner off today's mark (and off higher elsewhere); solid efforts this year.,Warren Greatrex,"{'runs': 13, 'wins': 1, 'percent': 8}",31,95,"[{'horse': 'Line Of Descent', 'horse_id': 2951957, 'quote': ""He was doing all his best work at the finish first time up over 1m2f at Doncaster. He's a big, strong, galloping type who will step up to 1m4f, but he's still raw and we'd expect to see further improvement from him as the campaign progresses. 26-04-21""}]",,[]
2026-05-23,GB,Cartmel,Good To Soft,17:05,2m5f34y,St Marys Hospice Handicap Chase,Jacks A Legend,12,,11,163,-331/P,Miss Imogen Mathias,Miss I Mathias,5,109,gelding,Midnight Legend,Dancing Emily,"Only seen twice since making all in a 2m4f open point under Imogen Mathias one year ago, and would have run the winner closer than around 3l at Newton Abbot latest (2m5f, good to soft) but for whacking two out; 1lb rise is very fair.",Upped only 1lb for Newton Abbot third latest that was better than the bare form; chance.,Tim Vaughan,"{'runs': 0, 'wins': 0, 'percent': None}",,88,[],,"[{'date': '2020-11-19', 'type': 'Wind Surgery'}]"
2026-05-23,GB,Cartmel,Good To Soft,17:05,2m5f34y,St Marys Hospice Handicap Chase,Zumbi,12,,9,156,-244PP,Leah Noreci,Dave & Yvonne Simpson,5,103,gelding,Reliable Man,Zalexa,"Fourth (2023) and eighth (2024) in this race previously, and winless for exactly four years now; place prospects only, therefore, a return to form at Newcastle latest notwithstanding.",Back-to-form Newcastle second latest; winless in four years; twice well held in this race.,James Moffatt,"{'runs': 3, 'wins': 0, 'percent': 0}",33,96,"[{'horse': 'Zumbi', 'horse_id': 3918385, 'quote': ""He was talented as a novice hurdler and beat Charlie Uberalles, who's gone on to be a really good horse. He's had a little bit of a niggle and it's been stop-start, but we're having a nice run at it now and he'll be ready for the spring. He's got a cracking handicap mark and he's as good a jumper as you could want - he glides over the fences. I'm certain he'll have a productive time. 14-02-24""}]",,[]
2026-05-23,GB,Cartmel,Good To Soft,17:05,2m5f34y,St Marys Hospice Handicap Chase,Italian Spirit,12,,10,155,-24535,Miss Megan Bevan,Miss H Dickin,5,106,gelding,Fame And Glory,Coco Milan,"Uneven chasing profile looks better once pared down to just efforts at or around 2m4f; chance on the form of his last-time Ffos Las second off 1lb lower, though jumping late on wasn't all it could have been.",Enters reckoning on form of Ffos Las second latest (2m3f); needs to jump better late on.,Harriet Dickin,"{'runs': 4, 'wins': 0, 'percent': 0}",25,78,"[{'horse': 'Italian Spirit', 'horse_id': 3271089, 'quote': 'Ran a most encouraging race on his debut at Ascot in October when second in what looked a decent race on paper. He learned plenty from that run and showed a terrific attitude to get up and win at Market Rasen last week. It was good to see him win and he will now have a break until the spring and nicer ground when we will bring him back for a better bumper. I think he will be a lovely novice hurdler next year. 09-12-20'}]",,[]
2026-05-23,GB,Cartmel,Good To Soft,17:05,2m5f34y,St Marys Hospice Handicap Chase,Clonakilty,12,,9,168,-47P0/,Alan Doyle,A Balmer,5,104,gelding,Flemensfirth,Soeur Gael,"Well treated on 2024 winning form for Olly Murphy; last-time 11l fourth at Sedgefield (2m5f, good) rates a best for his current yard, but he can't afford to repeat that day's constant jumping right.",15lb below his last winning mark of 2024; jumped constantly to the right last time out.,Lizzie Quinlan,"{'runs': 2, 'wins': 1, 'percent': 50}",50,106,"[{'horse': 'Clonakilty', 'horse_id': 3499223, 'quote': ""I'd be disappointed if he's not a lot better than his mark, as he looked like he was going to be progressive but had an ordinary second half of the season. We might have one run over hurdles to get his confidence back, but we're looking forward to jumping a fence with him. 26-10-23""}, {'horse': 'Clonakilty', 'horse_id': 3499223, 'quote': ""I'd be disappointed if he's not a lot better than his mark, as he looked like he was going to be progressive but had an ordinary second half of last season. We might have one run over hurdles to get his confidence back, but we're looking forward to jumping a fence with him. 01-11-23""}]",,"[{'date': '2026-03-19', 'type': 'Wind Surgery'}, {'date': '2024-12-30', 'type': 'Wind Surgery'}, {'date': '2023-11-08', 'type': 'Wind Surgery'}]"
2026-05-23,GB,Cartmel,Good To Soft,17:05,2m5f34y,St Marys Hospice Handicap Chase,Kingofthegame,12,,8,144,F-45/P,Ryan Mania,Murphys Law Partnership,5,103,gelding,Kingston Hill,Sand Lady,"0-10 and lasted only three fences in a debuted visor (discarded) latest; saw out 3m well enough on the latter of two Irish point starts, but yet to hit the line strongly over 2m3f or beyond under rules.","Early faller latest; ability lurks, but yet to hit the line strongly over 2m3f or beyond.",Martin Todhunter,"{'runs': 4, 'wins': 0, 'percent': 0}",25,62,[],,[]
2026-05-23,GB,Cartmel,Good To Soft,17:05,2m5f34y,St Marys Hospice Handicap Chase,Judicial Review,12,,8,156,-P9P12,Charlotte Jones,Racing In Furness,5,108,gelding,Getaway,Chartani,"Course record of 3-8 includes the odd flop, but also two C&D successes, the latest off 1lb lower last August; hasn't offered anything elsewhere since, and much depends on this place inspiring him again.",No form anywhere else since his most recent C&D success off 1lb lower last August.,James Moffatt,"{'runs': 3, 'wins': 0, 'percent': 0}",33,91,[],,"[{'date': '2024-01-25', 'type': 'Wind Surgery'}]"
2026-05-23,GB,Cartmel,Good To Soft,17:05,2m5f34y,St Marys Hospice Handicap Chase,Of Corse I Can,12,,9,143,-65411,Bradley Harris,Jane Nuala Cartwright,5,105,gelding,Lord Du Sud,Walk In Corsica,Back-to-back 3m2f wins at Fontwell and Newton Abbot last October (good and good to soft) suggest he'll enjoy this sharp track but the drop back from a stayers' trip doesn't rate an obvious plus.,"Track and going fine, but Fontwell and Newton Abbot wins last October came over 3m2f.",Neil Mulholland,"{'runs': 20, 'wins': 2, 'percent': 10}",40,85,[],,[]
2026-05-23,GB,Cartmel,Good To Soft,17:05,2m5f34y,St Marys Hospice Handicap Chase,Imperial Rule,12,,9,163,-5633/,Sean Quinlan,Mrs K Elliott & Partner,5,106,gelding,Imperial Monarch,Our Ned,"Triple scorer over just shy of this trip during 2024 (good and good to soft), and now back below his last winning mark; needs forgiving a pair of weakening efforts around Sedgefield most recently, however.",Back below latest winning mark; weakening efforts in 2 Sedgefield runs need forgiving.,Lizzie Quinlan,"{'runs': 2, 'wins': 1, 'percent': 50}",50,67,[],,"[{'date': '2025-11-18', 'type': 'Wind Surgery'}]"
2026-05-23,GB,Cartmel,Good To Soft,17:05,2m5f34y,St Marys Hospice Handicap Chase,Blazing Court,12,,8,151,-U5045,Mr John Dixon,Mrs S F Dixon,5,95,gelding,Court Cave,Bright Blaze,"2m4f Worcester chase winner off 11lb higher in August 2024, but over a year since showing much over either type of obstacle.","11lb below winning mark, but just over a year since he last showed much of interest",John Dixon,"{'runs': 1, 'wins': 0, 'percent': 0}",,63,[],,[]
2026-05-23,GB,Cartmel,Good To Soft,17:05,2m5f34y,St Marys Hospice Handicap Chase,Walkinthecotswolds,12,,7,156,-P7PP/,Tabitha Worsley,The Cotswold Strollers,5,,mare,Walk In The Park,Blueberry Bramble,"Now 9lb below the mark of her sole hurdling success (2m3f, heavy), but aptitude for chasing remains unproven, falling mid-race on one attempt and racing too freely on the other.","9lb below the mark of her sole hurdling win, but yet to prove herself over fences.",Harriet Dickin,"{'runs': 4, 'wins': 0, 'percent': 0}",25,,[],,"[{'date': '2026-02-27', 'type': 'Wind Surgery'}, {'date': '2024-12-20', 'type': 'Wind Surgery'}]"
2026-05-23,GB,Cartmel,Good To Soft,17:05,2m5f34y,St Marys Hospice Handicap Chase,Cardamon Hill,12,,9,158,P-5P/5,Patrick Wadge,A Slack,5,104,gelding,Presenting,Through The Lens,"Three listless performances since returning from 13 months out; 12lb below his last winning mark now, but no good thing to capitalise.","Poor 2026 so far; 12lb below his last winning mark now, but no good thing to capitalise.",Miss A M Slack,"{'runs': 0, 'wins': 0, 'percent': None}",,62,"[{'horse': 'Cardamon Hill', 'horse_id': 3956746, 'quote': 'He ran well in a few points for Colin McKeever and will run in a bumper sooner rather than later. 18-10-22'}]",,[]
2026-05-23,GB,Salisbury,Good,17:45,5f,Whitsbury Manor Stud EBF Restricted Novice Stakes (Bands A/B/C/D) (Qual') (GBB/IRE Incentive Race),Call Me Tomorrow,10,3,2,126,52,Joe Leavy,Martin Hughes & Partnership,5,94,filly,Minzaal,Al Dawodiya,"Shaped well when second of eight at Newmarket's Craven meeting (5f, good) but she failed to back it up at the Guineas meeting (raced too freely); if she returns to the debut form it will take a useful newcomer to beat her but she will need to settle better.",Debut effort sets the standard but she failed to build on it at the Guineas meeting,Richard Hannon,"{'runs': 53, 'wins': 8, 'percent': 15}",64,81,[],,[]
2026-05-23,GB,Salisbury,Good,17:45,5f,Whitsbury Manor Stud EBF Restricted Novice Stakes (Bands A/B/C/D) (Qual') (GBB/IRE Incentive Race),My Maria,10,4,2,126,,Hollie Doyle,Middleham Park Racing XXII & Partner,5,,filly,Persian Force,Hello Brigette,"50,000gns breeze-up 2yo by Persian Force; half-sister to winners Ippotheos (6f AW 2yo; RPR 84) and Jr Climbs (5.7f 2yo; 81); dam 6f winner (including 2yo; 93); stable's 2yos have made a bright start to the season and she is more appealing than many.","50,000gns breeze-up 2yo; half-sister to two sprint winners; yard's 2yos going well",Archie Watson,"{'runs': 24, 'wins': 3, 'percent': 13}",33,,[],,[]
2026-05-23,GB,Salisbury,Good,17:45,5f,Whitsbury Manor Stud EBF Restricted Novice Stakes (Bands A/B/C/D) (Qual') (GBB/IRE Incentive Race),Sonado,10,1,2,131,,Charles Bishop,Mick and Janice Mariscotti,5,,colt,Dream Ahead,Reims,"40,000gns yearling; second foal of a maiden half-sister to three useful winners; stable off the mark with 2yos and this one looks a likely type on paper.","40,000gns yearling; dam a maiden from a useful family; market instructive",Eve Johnson Houghton,"{'runs': 28, 'wins': 5, 'percent': 18}",46,,[],,[]
2026-05-23,GB,Salisbury,Good,17:45,5f,Whitsbury Manor Stud EBF Restricted Novice Stakes (Bands A/B/C/D) (Qual') (GBB/IRE Incentive Race),Viking Barbie,10,5,2,128,4,Harry Davies,OxleyShanahanCasseNbr 15,5,47,filly,Starman,Almond Brook,"5-1 third favourite for her Yarmouth debut last month (6f, good to firm), a race where she dropped away in the final furlong; the second has done well since and she could take a step forward now dropped to 5f.",Showed speed before weakening over 6f on debut; can do better back at 5f,Ollie Sangster,"{'runs': 20, 'wins': 2, 'percent': 10}",35,,[],,[]
2026-05-23,GB,Salisbury,Good,17:45,5f,Whitsbury Manor Stud EBF Restricted Novice Stakes (Bands A/B/C/D) (Qual') (GBB/IRE Incentive Race),Belardo Ace,10,2,2,128,,Nicola Currie,Rashid Al Saud,5,,colt,Belardo,Politicism,"3,800gns foal, 25,000gns yearling; dam, placed over 5f (RPR 63), is a half-sister to smart sprint winners Tis Marvellous (5f-6f Group 2) and Mythmaker (6f); represents a powerful stable","25,000gns yearling; dam a half-sister to some smart sprinters; top yard; check betting",Andrew Balding,"{'runs': 63, 'wins': 9, 'percent': 14}",63,,[],,[]
2026-05-23,GB,Salisbury,Good,17:45,5f,Whitsbury Manor Stud EBF Restricted Novice Stakes (Bands A/B/C/D) (Qual') (GBB/IRE Incentive Race),Hes Readytorumble,10,8,2,128,,George Bass,Norman Court Stud,5,,colt,Rumble Inthejungle,El Che,"Seventh foal; brother to Listed-placed 5f winner Getreadytorumble (RPR 106), half-brother to winners Desperate Hero (Group-placed 5f/6f including 2yo/UAE; 113) and Whistledown (6f/7f including 2yo; 76); dam placed 5f/6f (including 2yo/AW; 76); lots to like on paper and he is an appealing newcomer.",Comes from a good sprinting family; no surprise to see him in the thick of the action,Jack Channon,"{'runs': 22, 'wins': 1, 'percent': 5}",50,,[],,[]
2026-05-23,GB,Salisbury,Good,17:45,5f,Whitsbury Manor Stud EBF Restricted Novice Stakes (Bands A/B/C/D) (Qual') (GBB/IRE Incentive Race),Shimmering Sun,10,9,2,128,,Daniel Muscutt,Shapoor Mistry,5,,filly,Havana Grey,Stubble Field,"£100,000 yearling; first foal of a maiden half-sister to 6f Group 3 winner Shouldvebeenaring; stable not prolific with 2yos but she makes enough paper appeal to warrant a look in the betting.","£100,000 yearling; dam a maiden half-sister to a 6f Group 3 winner; betting should guide",Harry Eustace,"{'runs': 15, 'wins': 2, 'percent': 13}",47,,[],,[]
2026-05-23,GB,Salisbury,Good,17:45,5f,Whitsbury Manor Stud EBF Restricted Novice Stakes (Bands A/B/C/D) (Qual') (GBB/IRE Incentive Race),Goldtrader,10,10,2,131,,Ashley Lewis,Mrs T Walker,5,,colt,Sergei Prokofiev,Piffle,"First foal of a 6f/7f winner (including 2yo; RPR 80), herself a half-sister to two winners; stable have had a winning newcomer this year; betting can guide.",First foal of 6f/7f winner (inc 2yo; RPR 80); yard have winning newcomers; check betting,Ed Walker,"{'runs': 36, 'wins': 4, 'percent': 11}",46,,[],,[]
2026-05-23,GB,Salisbury,Good,17:45,5f,Whitsbury Manor Stud EBF Restricted Novice Stakes (Bands A/B/C/D) (Qual') (GBB/IRE Incentive Race),Courseyoudo,10,7,2,133,6,Luke Morris,Mrs D Mitchell,5,35,colt,Mehmas,Spirit Of Brittany,"Only 9-1 for his York debut ten days ago (5f, good) but he dropped right away in the closing stages; presumably felt capable of better.",Only 9-1 for York debut but finished well beaten; presumably felt capable of much better,Tom Lacey,"{'runs': 11, 'wins': 0, 'percent': 0}",18,,[],,[]
2026-05-23,GB,Salisbury,Good,17:45,5f,Whitsbury Manor Stud EBF Restricted Novice Stakes (Bands A/B/C/D) (Qual') (GBB/IRE Incentive Race),Seasail,10,6,2,125,,Marco Ghiani,Whitsbury 21,5,,colt,Tasleet,Lady Marigold,"7,500gns yearling; fourth foal; half-brother to 6f winner Margorie (RPR 66) out of a 5.7f 2yo winner; stable not renowned for winning newcomers.","7,500gns half-brother to a minor 6f winner; stable not known for winning 2yo newcomers",Marcus Tregoning,"{'runs': 10, 'wins': 1, 'percent': 10}",50,,[],,[]
2026-05-23,GB,Salisbury,Good,18:15,1m,Taste The World Handicap,Great Dream,12,5,4,136,-39144,Harry Davies,Ali Abdulla Saeed,4,93,gelding,Invincible Spirit,Banna,"Won an AW maiden at Newcastle in September before coming up short in a Listed contest at Redcar; finished off the year with a third in a York handicap (7f, good to soft) in October; has since left the Crisfords and has been gelded; must come into consideration on his debut for an in-form yard.",Won an AW maiden at Newcastle in September and then finished third in a York handicap.,William Haggas,"{'runs': 52, 'wins': 12, 'percent': 23}",60,81,[],,[]
2026-05-23,GB,Salisbury,Good,18:15,1m,Taste The World Handicap,Aspull,12,4,4,136,-9231,Charles Bishop,David W Armstrong,4,88,gelding,Invincible Spirit,Hilldale,"Made a winning debut at this track (7f, good to firm) last July and wasn't beaten far subsequently in a couple of similar races, and on his handicap/AW debut; has been gelded since and still unexposed and may have more to offer.",Made a winning debut at this track last July and wasn't beaten far subsequently.,Clive Cox,"{'runs': 23, 'wins': 5, 'percent': 22}",52,78,[],,[]
2026-05-23,GB,Salisbury,Good,18:15,1m,Taste The World Handicap,Cristo,12,2,4,132,387486,Joe Leavy,Middleham Park Racing Cxxv & Partner,4,88,gelding,Havana Grey,Puzzled Look,"Both wins have been at Chelmsford AW (1m2f) last spring; progression has stalled this year but handicap mark has reflected that and he finished third of eight at Lingfield (1m2f, AW) two weeks ago; his turn is near but not sure drop back to 1m will be in his favour.",Both wins have been at Chelmsford AW last spring; progression has stalled this year.,Richard Hannon,"{'runs': 53, 'wins': 8, 'percent': 15}",64,71,"[{'horse': 'Cristo', 'horse_id': 5708604, 'quote': 'A fairly well-handicapped horse with plenty of ability who has grown and is beginning to look the part. He won for the first time at Chelmsford on Friday and seems to be going the right way. He could get further than a mile and there are plenty more races to be won with him. 22-04-25'}]",,[]
2026-05-23,GB,Salisbury,Good,18:15,1m,Taste The World Handicap,Champagne Powder,12,3,4,135,582-13,Daniel Muscutt,S Jones P Burrell & P F I Cole Ltd,4,89,gelding,Kodiac,Grace And Danger,"Got off the mark in a Chelmsford novice (1m, AW) in December; has excuses for his last two defeats as he pulled too hard at Newcastle in February and missed the break at Kempton last time; tongue-tie returns to combine with blinkers and not out of this if things pan out for him.",Got off the mark in a Chelmsford novice in December; has excuses for his last two defeats.,Oliver Cole,"{'runs': 5, 'wins': 0, 'percent': 0}",20,53,[],,[]
2026-05-23,GB,Salisbury,Good,18:15,1m,Taste The World Handicap,Happy Banner,12,1,4,128,3-2687,Ashley Lewis,Robert Black,4,92,gelding,Starspangledbanner,Lady Clinch,"Sole success came in a Kempton AW novice in December 2024; has been beaten in eight handicaps since, latest when a place behind Nakaaha when third of six at Bath (1m, firm) last month; no margin for error off this mark but should find a race soon.",Sole success came at Kempton in December 2024; has been beaten in eight handicaps since.,Ed Walker,"{'runs': 36, 'wins': 4, 'percent': 11}",46,84,[],,[]
2026-05-23,GB,Salisbury,Good,18:15,1m,Taste The World Handicap,Kodi Fire,12,12,4,128,5-0511,Harry Vigors,Hills Angels,4,91,gelding,Kodi Bear,Emilandra,"Landed a three-timer last summer, including one over C&D; should strip fitter following his recent fifth of 11 at Windsor (1m, good to firm) but may need to come down the weights.","Landed a three-timer last summer, including one over C&D.",Charles Hills,"{'runs': 12, 'wins': 3, 'percent': 25}",58,84,[],,[]
2026-05-23,GB,Salisbury,Good,18:15,1m,Taste The World Handicap,Dovey Moon,12,7,4,130,7-1351,Marco Ghiani,R Kent,4,90,gelding,Massaat,Song To The Moon,"Won three times last year; should be sharper following his seasonal return when seventh of 12 at Wetherby (1m, good to firm) last month but is 6lb higher than his last winning mark and may need to come down a few pounds.",Won three times last year; should be sharper following his seasonal return.,David Evans,"{'runs': 12, 'wins': 2, 'percent': 17}",42,74,[],,[]
2026-05-23,GB,Salisbury,Good,18:15,1m,Taste The World Handicap,Nakaaha,12,6,4,130,20-806,Luke Morris,Ronald Davies & Mrs Candida Davies,4,86,filly,Bated Breath,Naqaawa,"Scored at Ffos Las and Newbury last summer; ran her best race since when runner-up at Bath (1m, firm) last month; holds place claims.",Scored at Ffos Las and Newbury last summer; runner-up at Bath last month.,Grace Harris,"{'runs': 20, 'wins': 0, 'percent': 0}",40,72,[],,[]
2026-05-23,GB,Salisbury,Good,18:15,1m,Taste The World Handicap,Glistening,12,8,4,135,091-75,Jack Mitchell,T Hyde & Mrs P Shanahan,4,90,filly,Frankel,Soffia,"Off the mark on her stable debut at Kempton (1m, AW) in February; got caught out wide when ninth of 11 on her handicap debut at Southwell subsequently and probably ran up to her best when beating only one rival in a Listed contest at Kempton (1m) in March in first-time cheekpieces (retained); still unexposed and back at her level here.",Won at Kempton in February; outclassed in Listed company in March.,Ollie Sangster,"{'runs': 20, 'wins': 2, 'percent': 10}",35,,[],,[]
2026-05-23,GB,Salisbury,Good,18:15,1m,Taste The World Handicap,Tanmawwy,12,11,8,129,/25014,George Bass,Moss Llewelyn Runeckles Wetumpka Racing,4,,gelding,Invincible Spirit,Rufoof,All six wins on turf over 6f/7f; steps up in trip on this return from a 556-day layoff; best watched.,All six wins on turf over 6f/7f; steps up in trip on this return from a 556-day layoff.,Heather Main,"{'runs': 8, 'wins': 0, 'percent': 0}",63,,"[{'horse': 'Tanmawwy', 'horse_id': 3199975, 'quote': ""He's set to join Orazio in the Wokingham, and he ran well at Newbury on his first start of the season. We quietly fancied him for the Buckingham Palace last year, but he didn't stay seven furlongs so coming back to six will help. 13-06-23""}, {'horse': 'Tanmawwy', 'horse_id': 3199975, 'quote': ""He did more than his share for the team last season when notching up three wins, all at 6f. That saw his rating shoot up to 96 and on his first start of the season he ran a cracker to go down a neck to Bernardo O'Reilly at Newbury. He subsequently ran at Newmarket, where it's fair to say he bounced as he ran no race at all. I've been very happy with him since then and he wouldn't mind a drop of rain this week. We'll look at the ground closer to the race before deciding about the Wokingham. I hope he gets a run as he could be an interesting runner off his new mark of 97. 21-06-23""}]",,[]
2026-05-23,GB,Salisbury,Good,18:15,1m,Taste The World Handicap,Silca Bay,12,9,4,131,04-451,Oliver Carmichael,Jeremy Mark Webb,4,90,gelding,Cable Bay,Strictly Silca,All three wins have came at Kempton AW (7f/1m); caught out wide and was found to have an irregular heartbeat after finishing last back there last time; may be best to wait until he returns to the Sunbury venue.,All three wins have came at Kempton AW; may be best to wait until he returns there.,Eve Johnson Houghton,"{'runs': 28, 'wins': 5, 'percent': 18}",46,,[],,[]
2026-05-23,GB,Salisbury,Good,18:15,1m,Taste The World Handicap,Kings Vanity,12,10,6,130,4-9/61,NON-RUNNER,Mrs M E Wates,4,85,gelding,Kingman,Poets Vanity,"Sole success came at Ffos Las on heavy in August 2024 when trained by Andrew Balding; has stood little racing since but ran well when fourth of seven at Lingfield (7f, AW) last month on his seasonal return; may need soft ground to been seen at his best on turf.",Sole success came at Ffos Las on heavy in August 2024; has stood little racing since.,Marcus Tregoning,"{'runs': 10, 'wins': 1, 'percent': 10}",50,,[],,[]
2026-05-23,GB,Salisbury,Good,18:45,6f,Whitsbury Manor Stud Maiden Stakes (GBB Race),Golden Brown,12,11,3,133,2-2064,Ashley Lewis,Kennet Valley Syndicates Xii,4,85,gelding,Galileo Gold,Dark Acclamation,"Finished second in the Redcar Two-Year-Old Trophy (6f, good to soft; Listed) last October, form that would give him strong claims in this field; beaten as 4-9 favourite at Lingfield on his reappearance (6f, AW) but the winner there could be useful; should be involved once again.",Second in Listed Two-Year-Old Trophy last October; beaten at 4-9 on return; contender,Ed Walker,"{'runs': 36, 'wins': 4, 'percent': 11}",46,66,"[{'horse': 'Golden Brown', 'horse_id': 7436446, 'quote': 'He did well last season without winning, running a career-best when second in the Redcar Two Year Old Trophy on his final start. He finished second on his return at Lingfield on Monday and should be a fun sprint handicapper this year. 22-04-26'}]",,[]
2026-05-23,GB,Salisbury,Good,18:45,6f,Whitsbury Manor Stud Maiden Stakes (GBB Race),Charlie Boyo,12,9,3,133,-52,Harry Davies,Paul & Clare Rooney,4,81,gelding,Kodi Bear,Emelia Rose,"Close second here on last May's debut (5f, good to firm); raced too freely when beaten at odds-on at Nottingham last June; gelded since; not yet exposed and he's one to take seriously back from his absence.",Good 2nd here on debut 12 months ago (5f); below par one month later; gelded; unexposed,Clive Cox,"{'runs': 23, 'wins': 5, 'percent': 22}",52,40,[],,[]
2026-05-23,GB,Salisbury,Good,18:45,6f,Whitsbury Manor Stud Maiden Stakes (GBB Race),Vichenza,12,6,3,128,,Marco Ghiani,Mrs Lynn Turner & Guy Brook,4,,filly,Advertise,Richenza,Third foal; half-sister to 6f/7f winner Zoum Zoum (including 2yo/AW/Listed; RPR 113); dam a 6f winner (including Listed; 104); lots to like on paper and she's a newcomer of some interest.,"Bred for the job, half-sister to Listed winner out of Listed winner; interesting newcomer",Ralph Beckett,"{'runs': 41, 'wins': 8, 'percent': 20}",66,,[],,[]
2026-05-23,GB,Salisbury,Good,18:45,6f,Whitsbury Manor Stud Maiden Stakes (GBB Race),Upper Hendersyde,12,1,3,133,,Silvestre De Sousa,P W Harris,4,,gelding,Havana Grey,Bilandy,"65,000gns foal, 220,000gns yearling; first foal of a maiden from a good sprinting family; enough paper appeal to warrant a market check.","220,000gns yearling; dam a maiden from a good sprinting family; betting to guide",Jane Chapple-Hyam,"{'runs': 15, 'wins': 1, 'percent': 7}",57,,[],,[]
2026-05-23,GB,Salisbury,Good,18:45,6f,Whitsbury Manor Stud Maiden Stakes (GBB Race),Lucky Luna,12,12,3,128,,Joe Leavy,RC Syndicate IV,4,,filly,Lucky Vega,Fleur De Sel,"40,000gns yearling; eighth foal; closely related to 1m2f winner Capla Lazarus (RPR 85), half-sister to French winners Salt Lake City (5f-1m; 97) and Flying Fleur (1m1f); dam unraced half-sister to Listed winners Wilki (6f 2yo) and Madhya (1m); bred for further but still worth a market check.","40,000gns yearling; three winning siblings; bred for further but worth a market check",Richard Hannon,"{'runs': 53, 'wins': 8, 'percent': 15}",64,,[],,[]
2026-05-23,GB,Salisbury,Good,18:45,6f,Whitsbury Manor Stud Maiden Stakes (GBB Race),Speransky,12,5,3,133,,George Bass,Mrs Rolline OCallaghan,4,,gelding,Hello Youmzain,Pepper Bay,"52,000euros yearling; second foal of a 6f AW 2yo winner (RPR 76); has a fair standard to aim at on debut and only of interest if attracting market support.","52,000euros yearling; dam a 6f AW 2yo winner; fair standard to aim at on debut",Jack Channon,"{'runs': 22, 'wins': 1, 'percent': 5}",50,,[],,[]
2026-05-23,GB,Salisbury,Good,18:45,6f,Whitsbury Manor Stud Maiden Stakes (GBB Race),Lady V,12,2,3,128,-6,William Cox,Gary Gillies,4,42,filly,Supremacy,Kadra,"66-1, slowly away and never in the hunt on her Wolverhampton debut (6f; for Paul Attwater) last October; may leave that well behind in time.","66-1, green and never in the hunt in one 2yo run for Paul Attwater; may do much better",Charlie Pike,"{'runs': 7, 'wins': 0, 'percent': 0}",14,,[],,[]
2026-05-23,GB,Salisbury,Good,18:45,6f,Whitsbury Manor Stud Maiden Stakes (GBB Race),Red Moon,12,4,3,133,0-6,Charles Bishop,Thurloe Thoroughbreds Lviii & Partner,4,55,gelding,Twilight Son,Nardin,"Down the field in two 7f novices, the latest at Newbury eight days ago; a big step forward is required.","Down the field in two 7f novices, the latest eight days ago; a big step forward is needed",Jack Channon,"{'runs': 22, 'wins': 1, 'percent': 5}",50,41,[],,[]
2026-05-23,GB,Salisbury,Good,18:45,6f,Whitsbury Manor Stud Maiden Stakes (GBB Race),Imagine That,12,7,3,128,0-7,Nicola Currie,Candy Deal & Jensen,4,49,filly,Dream Ahead,Nantany,Just modest form in two 6f AW runs 222 days apart; a big step forward is essential.,Just modest form in two 6f AW runs 222 days apart; a big step forward is essential,Henry Candy,"{'runs': 5, 'wins': 0, 'percent': 0}",,,[],,[]
2026-05-23,GB,Salisbury,Good,18:45,6f,Whitsbury Manor Stud Maiden Stakes (GBB Race),Whitesnake,12,3,4,137,7-4,Jack Mitchell,Mrs D F Turner,4,48,filly,Tip Two Win,Allmost Inti,She has run to a modest level in two 6f runs eight months apart; handicaps should provide more suitable opportunities.,Modest form in two 6f runs eight months apart; minor handicaps should be more suitable,Roger Teal,"{'runs': 12, 'wins': 1, 'percent': 8}",83,16,[],,[]
2026-05-23,GB,Salisbury,Good,18:45,6f,Whitsbury Manor Stud Maiden Stakes (GBB Race),Fozzy Osbourne,12,8,5,142,,Kieran ONeill,Withyslade,4,,gelding,Eastern Anthem,Look Surprised,First foal of a 5f winner (RPR 75); not easily recommended on his belated racecourse debut.,First foal of a 5f winner (RPR 75); not easily recommended on his belated racecourse debut,Grace Harris,"{'runs': 20, 'wins': 0, 'percent': 0}",40,,[],,[]
2026-05-23,GB,Salisbury,Good,18:45,6f,Whitsbury Manor Stud Maiden Stakes (GBB Race),Sheik Yerbouti,12,10,5,142,8,Jack Doughty,Withyslade,4,,gelding,Eastern Anthem,One Big Surprise,"150-1 and offered little on his belated debut at Kempton (1m, AW) in February.","150-1 and offered little on his belated debut at Kempton (1m, AW) in February",Grace Harris,"{'runs': 20, 'wins': 0, 'percent': 0}",40,,[],,[]
2026-05-23,GB,Salisbury,Good,19:15,6f,British Stallion Studs EBF Cathedral Stakes (Listed Race),Almeraq,10,9,4,133,-F12/1,Harry Davies,Shadwell Estate Company Ltd,1,116,colt,Dark Angel,Manaajim,"Promising in 6f novice events, winning at Yarmouth on second occasion (soft ground), but it was his runaway Ayr win last July that stamped him as a potential top notcher; still in contention for a York Listed event when clipping heels and taking an horrific fall in September; he remains a sprinter of considerable interest but having a positive experience back on the racecourse may be the number one priority today.",Looked high class at Ayr last July; absent since taking terrible fall at York in September,William Haggas,"{'runs': 52, 'wins': 12, 'percent': 23}",60,68,[],,[]
2026-05-23,GB,Salisbury,Good,19:15,6f,British Stallion Studs EBF Cathedral Stakes (Listed Race),Prince Of India,10,8,4,133,205-83,Marco Ghiani,Walter Moraes & Renato Bruni,1,120,colt,Wootton Bassett,Bright Eyed,"Made good progress over 6f last season; better than ever with his second at Leicester four weeks ago (6f, good to firm); still has more to give but this looks deep for a Listed contest.",Progressive over 6f last year; better than ever when 2nd at Leicester last month; chance,Marco Botti,"{'runs': 15, 'wins': 2, 'percent': 13}",53,85,[],,[]
2026-05-23,GB,Salisbury,Good,19:15,6f,British Stallion Studs EBF Cathedral Stakes (Listed Race),Spy Chief,10,7,4,133,-83672,Kieran ONeill,Godolphin,1,119,gelding,Kingman,Shirocco Star,"Highly tried after trouncing Almeraq in a Yarmouth novice (6f, good to firm; receiving 7lb) last June, finishing second in the Jersey Stakes nine days later and not beaten far in the July Cup the following month; finished his 3yo campaign quietly but possible he'll kick on again this year.",Highly tried after wide-margin defeat of Almeraq last June and results were mixed; chance,John & Thady Gosden,"{'runs': 29, 'wins': 6, 'percent': 21}",69,101,[],,[]
2026-05-23,GB,Salisbury,Good,19:15,6f,British Stallion Studs EBF Cathedral Stakes (Listed Race),Zoum Zoum,10,5,5,133,-22047,Daniel Muscutt,Mrs Lynn Turner & Guy Brook,1,119,gelding,Zoustar,Richenza,Just missed out in this race on his reappearance 12 months ago (good to firm); ended 2025 with two good second-place finishes in Listed company at Doncaster and Southwell; each-way shout once again.,Close second in this race last year; ended 2025 with two good Listed runs; each-way shout,Ralph Beckett,"{'runs': 41, 'wins': 8, 'percent': 20}",66,100,"[{'horse': 'Zoum Zoum', 'horse_id': 5353619, 'quote': ""We always thought he was a giraffe rather than a racehorse and then suddenly late last summer he started showing up at home. He's going to go to the Greenham Stakes. Being a gelding, our options are limited but the Greenham and the Jersey Stakes are on his radar at this point. 15-04-24""}]",,[]
2026-05-23,GB,Salisbury,Good,19:15,6f,British Stallion Studs EBF Cathedral Stakes (Listed Race),Cool Hoof Luke,10,2,4,136,013/13,Nicola Currie,John Wallinger & Partner,1,115,colt,Advertise,Dutch Monument,"Won the Gimcrack as a 2yo (Group 2; form worked out well); better than ever on AW earlier in the year, making most in a 7f Listed event at Wolverhampton in March; 15-2 fourth favourite for a York Group 2 ten days ago but found nothing when asked for his effort, eventually coming home in his own time; has the ability to go well despite a penalty but he does have a point to prove all of a sudden.",7f Listed win in March; ran no sort of race in York Group 2 ten days ago; risky after that,Andrew Balding,"{'runs': 63, 'wins': 9, 'percent': 14}",63,14,[],,[]
2026-05-23,GB,Salisbury,Good,19:15,6f,British Stallion Studs EBF Cathedral Stakes (Listed Race),Hollywood Treasure,10,1,3,119,2-711,Luke Morris,Amo Racing Limited,1,112,filly,Gregorian,Dreaming Lady,"Won her first two starts, notably a 5f Listed event at Newbury; improved again when second of nine in a 6f Listed race at Goodwood three weeks ago (fillies' only) on her reappearance; not fully exposed and 3yos, including three fillies, have won six of the last ten runnings.","Unexposed 3yo; good second at Goodwood (6f, Listed) on her reappearance; contender",Kevin Philippart De Foy,"{'runs': 19, 'wins': 2, 'percent': 11}",53,94,[],,[]
2026-05-23,GB,Salisbury,Good,19:15,6f,British Stallion Studs EBF Cathedral Stakes (Listed Race),Soldiers Tree,10,4,5,133,21-3,Silvestre De Sousa,Roxholme Racing,1,102,gelding,Soldiers Call,Maontri,"Improved with each of his three runs for M J Tynan in Ireland, most recently finishing second of ten in a Cork Listed race seven weeks ago (6f, soft); unexposed as a sprinter and it will be interesting to see if there is market confidence behind him as he starts out for James Owen.","Unexposed after three runs, second in Listed company last month; interesting on yard debut",James Owen,"{'runs': 47, 'wins': 4, 'percent': 9}",57,92,[],,[]
2026-05-23,GB,Salisbury,Good,19:15,6f,British Stallion Studs EBF Cathedral Stakes (Listed Race),Flash Harry,10,10,4,133,-01321,Joe Leavy,Deauville Daze Partnership,1,113,gelding,Harry Angel,Mrs Todd,"Won two 6f events last summer, notably a Goodwood handicap (good to to firm; RPR 106) in August; not at the same level in the Ayr Gold Cup when last seen but there should be more to come this year.",Two 6f wins last year; absent since finishing down the field in Ayr Gold Cup; low mileage,Clive Cox,"{'runs': 23, 'wins': 5, 'percent': 22}",52,95,[],,[]
2026-05-23,GB,Salisbury,Good,19:15,6f,British Stallion Studs EBF Cathedral Stakes (Listed Race),Oxted,10,3,10,133,/3/1/3,Jack Mitchell,S Teal S Piper & J Collins,1,,gelding,Mayson,Charlotte Rosina,"Top-class sprinter in his youth with the 2020 July Cup and the 2021 King's Stand Stakes featuring amongst his five wins; retired due to injury in 2024 but returned to training this year; while it would be a fine story were he to come out on top, it is asking an awful lot of him to take this after 1,778 days on the sidelines.","Dual Group 1 winner in prime; retired in 2024 but now back in action after 1,778 days off",Roger Teal,"{'runs': 12, 'wins': 1, 'percent': 8}",83,,"[{'horse': 'Oxted', 'horse_id': 2324200, 'quote': ""My wife Sue has ridden him out for the last two years and he's a typical sprinter with two gears - walk and flat out. He loves what he does and I want to give him the opportunity to come back. If he's not good enough and not showing his ability then we wouldn't go any further, but he deserves to take his chance as he loves being a racehorse. He looks amazing and he's working well - but we won't know for sure how much ability he retains until we run him. We were planning to go to the Abernant but he picked up a stone bruise, so we're now eyeing the Cathedral Stakes at Salisbury for his first run back. 29-04-26""}]",,"[{'date': '2020-07-23', 'type': 'Wind Surgery'}]"
2026-05-23,GB,Salisbury,Good,19:15,6f,British Stallion Studs EBF Cathedral Stakes (Listed Race),Cinque Verde,10,6,6,128,18-441,Jack Doughty,Wellbelove Williams & Partners,1,119,mare,Sioux Nation,Gregoria,"The winner of ten of her 39 starts, notably when scampering clear of ten rivals in a Class 3 fillies' handicap at Newmarket three weeks ago; this represents a much stiffer assignment.",Good strike-rate and won well at Newmarket three weeks ago; this is much tougher,Tony Carroll,"{'runs': 46, 'wins': 11, 'percent': 24}",54,100,"[{'horse': 'Cinque Verde', 'horse_id': 4438488, 'quote': ""She was in very good form on the all-weather earlier this year, winning five times between February and May. She was fifth at Windsor last week and then sixth there again on Saturday. She may go to Brighton, where she's entered in the Bullet on Friday. 07-08-24""}]",,[]
2026-05-23,GB,Salisbury,Good,19:45,6f213y,Carty Builders 'Proud To Restore The Rubbing House' Handicap,Archers Grace,14,8,3,135,12-2,Daniel Muscutt,Fred Archer Racing - Wheel Of Fortune II,5,80,filly,Magna Grecia,Badr Al Badoor,"Improved with each of her three runs in fillies' novice events, getting off the mark at Lingfield last month (7f); not obviously thrown in on that effort but her pedigree and profile do point to further progress being highly likely.",Improving run by run and pedigree/profile suggest further progress is highly likely,James Fanshawe,"{'runs': 22, 'wins': 3, 'percent': 14}",68,,[],,[]
2026-05-23,GB,Salisbury,Good,19:45,6f213y,Carty Builders 'Proud To Restore The Rubbing House' Handicap,Swiped,14,9,3,125,5-55,Jack Doughty,Marcstown Ltd,5,79,gelding,Too Darn Hot,Give And Take,"Beaten odds-on favourite on his debut last summer (6f, good to firm); well beaten twice since but he could leave those efforts behind him now handicapping in blinkers.",Not lived up to market billing in maiden/novice company; goes handicapping in headgear,Ralph Beckett,"{'runs': 41, 'wins': 8, 'percent': 20}",66,60,[],,[]
2026-05-23,GB,Salisbury,Good,19:45,6f213y,Carty Builders 'Proud To Restore The Rubbing House' Handicap,Starlight Sami,14,5,3,130,3-8223,George Bass,Mrs Christine F Young,5,82,gelding,Earthlight,Samite,"Five-race maiden but placed in four of them, including when a close third at Lingfield on last month's seasonal debut (7f, AW); that run can be upgraded (forced wide) and he should have no issue with the return to turf; more appealing than many.",0-5 but has shown plenty of promise; reappearance 3rd can be marked up; capable of better,Denis Coakley,"{'runs': 7, 'wins': 1, 'percent': 14}",57,55,[],,[]
2026-05-23,GB,Salisbury,Good,19:45,6f213y,Carty Builders 'Proud To Restore The Rubbing House' Handicap,Mojito,14,13,3,133,1-065,Joe Leavy,Highclere Thoroughbred Racing - Aspen,5,82,filly,Palace Pier,Swing Out Sister,Left her 2yo efforts behind her when running away with a Class 6 handicap at Doncaster on her reappearance last month (second won since); up 6lb but could well have more in the tank.,Ran away with a 7f handicap at Doncaster last month; up 6lb but far from exposed,Richard Hannon,"{'runs': 53, 'wins': 8, 'percent': 15}",64,76,[],,[]
2026-05-23,GB,Salisbury,Good,19:45,6f213y,Carty Builders 'Proud To Restore The Rubbing House' Handicap,Lovers Leap,14,2,3,133,13-64,Silvestre De Sousa,P W Harris,5,78,filly,Lope De Vega,Quiet Times,"Off the mark at the fourth attempt when easily seeing off four rivals in a fillies' maiden at Beverley 11 days ago (7.4f, good to firm; 2-13f); this is more demanding but she should have more to come.",Easy winner of small-field 7.4f fillies' maiden at Beverley 11 days ago; may do better,Jane Chapple-Hyam,"{'runs': 15, 'wins': 1, 'percent': 7}",57,63,[],,[]
2026-05-23,GB,Salisbury,Good,19:45,6f213y,Carty Builders 'Proud To Restore The Rubbing House' Handicap,Speculative,14,10,3,129,8-47,William Cox,D R Passant,5,75,filly,Wootton Bassett,Helvezia,Recorded RPR in the 60s in two 7f fillies' events at Newbury last summer; pulled hard back from a break at Kempton 19 days ago; she will need to settle better now handicapping but does still have some potential.,Two runs last summer were encouraging; pulled hard on seasonal return; unexposed,Tom Dascombe,"{'runs': 11, 'wins': 1, 'percent': 9}",55,44,[],,[]
2026-05-23,GB,Salisbury,Good,19:45,6f213y,Carty Builders 'Proud To Restore The Rubbing House' Handicap,Decem Starr,14,3,3,135,44-520,Jack Mitchell,Decem Racing,5,78,gelding,Showcasing,Purple Sage,"Five-race maiden; not beaten far on his handicap debut three weeks ago (1m, good to firm; cheekpieces first time) but he will need to raise his game to come out on top here.",Five-race maiden; not beaten far on recent handicap debut but needs more to take this,Jack Jones,"{'runs': 13, 'wins': 0, 'percent': 0}",38,64,[],,[]
2026-05-23,GB,Salisbury,Good,19:45,6f213y,Carty Builders 'Proud To Restore The Rubbing House' Handicap,Iconic Dawn,14,7,3,122,-0530,Harry Davies,Caveat Emptor Partnership,5,76,filly,Twilight Son,Quaint,Displayed promise in a couple of 6f AW events last September; 28-1 for her handicap debut at Lingfield in October and finished last of the 14 runners; still has time to do better.,Low-key handicap debut last October but could prove a different proposition this year,Hughie Morrison,"{'runs': 7, 'wins': 1, 'percent': 14}",29,,[],,[]
2026-05-23,GB,Salisbury,Good,19:45,6f213y,Carty Builders 'Proud To Restore The Rubbing House' Handicap,Robert Anstruther,14,11,3,132,4-7454,Nicola Currie,Candy Deal & Jensen,5,80,gelding,Time Test,Distinctive,Didn't run badly on his seasonal return last month (first start after a gelding operation) but he is only 1lb lower and needs to raise his game a notch.,Ran okay on seasonal return last month but he will need more to come out on top here,Henry Candy,"{'runs': 5, 'wins': 0, 'percent': 0}",,69,[],,[]
2026-05-23,GB,Salisbury,Good,19:45,6f213y,Carty Builders 'Proud To Restore The Rubbing House' Handicap,White Ladder,14,6,3,122,-27249,Harry Vigors,The Infinite Folly Partnership,5,77,gelding,Ubettabelieveit,Babylon Lane,"Improved once tackling nurseries/wearing cheekpieces for Archie Watson last season, finishing second in 6f events at Doncaster and Southwell; sold for 15,000gns last October; up in trip on stable debut but goes without the headgear.",Improved for nurseries/cheekpieces last summer; up in trip/no headgear on stable debut,John Ryan,"{'runs': 5, 'wins': 0, 'percent': 0}",40,62,[],,[]
2026-05-23,GB,Salisbury,Good,19:45,6f213y,Carty Builders 'Proud To Restore The Rubbing House' Handicap,Doodling,14,4,3,132,62-4,Charles Bishop,Norman Court Stud,5,78,filly,Rumble Inthejungle,Drawing,Similar form in three runs in maiden/novice company; should have more to offer now handicapping but opening mark doesn't look obviously generous.,Could improve now handicapping but she will need to if she is to defy this opening mark,Eve Johnson Houghton,"{'runs': 28, 'wins': 5, 'percent': 18}",46,19,[],,[]
2026-05-23,GB,Salisbury,Good,19:45,6f213y,Carty Builders 'Proud To Restore The Rubbing House' Handicap,Jackabi,14,14,3,131,-42275,Luke Morris,Paul Williams,5,75,gelding,Hello Youmzain,Countryside,Runner-up in his first two nurseries (five and four ran respectively); too free when last of four at Newcastle when last seen in December; into a much deeper race now back on turf.,Ran okay in AW nurseries in late 2025 but this is much more competitive; absent 158 days,Ian Williams,"{'runs': 30, 'wins': 3, 'percent': 10}",33,68,[],,[]
2026-05-23,GB,Salisbury,Good,19:45,6f213y,Carty Builders 'Proud To Restore The Rubbing House' Handicap,Footstepinthewoods,14,1,3,127,00-55,Marco Ghiani,Andy Pittman,5,74,gelding,Footstepsinthesand,Penwood,"No immediate improvement for the switch to handicaps at Windsor 19 days ago (6f, good to firm); dropped 3lb for his troubles but others still appeal more.",No improvement for handicapping (6f) 19 days ago; down 3lb but improvement essential,Emma Lavelle,"{'runs': 8, 'wins': 1, 'percent': 13}",63,52,[],,[]
2026-05-23,GB,Salisbury,Good,19:45,6f213y,Carty Builders 'Proud To Restore The Rubbing House' Handicap,Grimeses Special,14,12,3,125,-5617,Kieran ONeill,J Grimes & Partner,5,77,filly,Nando Parrado,Cafetiere,Won a C&D seller on heavy ground last September; two heavy defeats in AW handicaps have followed and she is easy enough to swerve back from a break.,C&D win came in a heavy-ground seller; tailed off in two AW handicaps since,J S Moore,"{'runs': 9, 'wins': 0, 'percent': 0}",22,39,[],,[]
2026-05-23,GB,Salisbury,Good,20:15,1m1f201y,Symonds Event Catering 'Confined' Handicap (For Horses Which Have Won No More Than One Race),Raspoutine,14,12,3,132,21-856,Luke Morris,Denford Stud,5,87,gelding,Time Test,Intrigued,"Duly stepped up on his 2yo efforts when winning a Class 6 handicap in good style at Lingfield last month (1m, AW); beaten a nose at Southwell under a penalty nine days later (also 1m; winner gone in again since) and he a further 6lb higher today; stepping up to 1m2f looks sure to prompt further progress though.",Two improved runs at 1m last month; up in weights but he has more to come at 1m2f,Sir Mark Prescott Bt,"{'runs': 10, 'wins': 1, 'percent': 10}",56,,[],,[]
2026-05-23,GB,Salisbury,Good,20:15,1m1f201y,Symonds Event Catering 'Confined' Handicap (For Horses Which Have Won No More Than One Race),Mayaada,14,7,3,134,29-703,Jack Mitchell,Nick Bradley Racing 15 & Partner,5,84,filly,Phoenix Of Spain,Young Special,"7f maiden win at Epsom last summer (only four ran); well beaten on her reappearance but she fared better when second of six back at Epsom last month (8.5f, good); stamina for this trip has to be taken on trust and less-exposed rivals may have her measure.","Fair effort at Epsom (8.5f) latest but the new, longer trip isn't sure to suit; vulnerable",Ollie Sangster,"{'runs': 20, 'wins': 2, 'percent': 10}",35,75,[],,[]
2026-05-23,GB,Salisbury,Good,20:15,1m1f201y,Symonds Event Catering 'Confined' Handicap (For Horses Which Have Won No More Than One Race),Fahidi,14,3,3,135,4-36,Silvestre De Sousa,Rashid Al Saud,5,80,colt,Australia,Coeur Damour,Promise at up to 1m in three maiden/novice runs on good or faster ground; cheekpieces enlisted prior to this handicap debut; new trip should suit and he is one to take seriously.,Up in trip and tried in headgear on this handicap debut; open to improvement,Andrew Balding,"{'runs': 63, 'wins': 9, 'percent': 14}",63,65,[],,[]
2026-05-23,GB,Salisbury,Good,20:15,1m1f201y,Symonds Event Catering 'Confined' Handicap (For Horses Which Have Won No More Than One Race),Too Hot To Tango,14,8,3,132,3323-2,Harry Davies,Helena Springfield Ltd,5,82,filly,Too Darn Hot,Last Tango Inparis,"Consistent filly; ran her best race to date when a close third at Goodwood three weeks ago (1m2f, good); this looks deeper and she will need the new tongue tie to have a positive effect.","Consistent maiden; good third at Goodwood (1m2f, good) three weeks ago; now tongue tied",Hughie Morrison,"{'runs': 7, 'wins': 1, 'percent': 14}",29,39,[],,[]
2026-05-23,GB,Salisbury,Good,20:15,1m1f201y,Symonds Event Catering 'Confined' Handicap (For Horses Which Have Won No More Than One Race),Whats The Plan,14,10,3,134,4-4013,Arron DArcy,Mrs Mary Slack,5,81,gelding,Time Test,Moonlight Sonata,7f AW winner in September; no significant impact in two handicaps but stepping up in trip could help this well-related 3yo; inexperienced apprentice booked.,Bred to be useful and stepping up in trip could help; inexperienced apprentice booked,James Fanshawe,"{'runs': 22, 'wins': 3, 'percent': 14}",68,52,[],,[]
2026-05-23,GB,Salisbury,Good,20:15,1m1f201y,Symonds Event Catering 'Confined' Handicap (For Horses Which Have Won No More Than One Race),Miss Pretty,14,5,3,130,-71,Marco Ghiani,In The Mix Racing,5,77,filly,Masar,Lamorna,"Saw off 11 rivals when winning a 7f fillies' maiden on her debut last August; down the field in a 1m fillies' novice back at Kempton in October; absent since and although 1m2f should suit, she is not obviously well handicapped; will find easier races than this.","Two runs at Kempton at 2yrs, winning on debut before struggling under penalty; tough mark",Edward Smyth-Osbourne,"{'runs': 5, 'wins': 0, 'percent': 0}",60,,[],,[]
2026-05-23,GB,Salisbury,Good,20:15,1m1f201y,Symonds Event Catering 'Confined' Handicap (For Horses Which Have Won No More Than One Race),Tabasko,14,4,3,132,-4435,Ashley Lewis,Chris Stedman,5,82,filly,Too Darn Hot,Frankels Storm,"Similar form in four runs as a 2yo, tapped for speed over 9.4f on her nursery debut at Wolverhampton when last seen in November; capable of better this year but she is returning in a useful contest.","Similar form in four 2yo runs, beaten 2.5l in AW nursery (9.5f) when last seen; opposable",Ed Walker,"{'runs': 36, 'wins': 4, 'percent': 11}",46,46,[],,[]
2026-05-23,GB,Salisbury,Good,20:15,1m1f201y,Symonds Event Catering 'Confined' Handicap (For Horses Which Have Won No More Than One Race),Melody De Vega,14,9,3,133,53-328,Daniel Muscutt,Michael P Tudor & J P M OConnor,5,81,filly,Lope De Vega,Legal Lyric,She has shown promise at up to 8.6f on AW; the longer trip and switch to turf aren't enough to earn her the verdict here though.,Promise at up to 8.6f on AW; new trip/surface aren't enough to tempt,Dr Richard Newland & Jamie Insole,"{'runs': 23, 'wins': 2, 'percent': 9}",43,,[],,[]
2026-05-23,GB,Salisbury,Good,20:15,1m1f201y,Symonds Event Catering 'Confined' Handicap (For Horses Which Have Won No More Than One Race),Battosai,14,11,3,131,50-54,Charles Bishop,Ryan Kent,5,77,colt,Invincible Spirit,Forest View,"Failed to improve for the switch to handicaps when fifth of eight, beaten 12l, in a 1m2f event at Newmarket last week; down in class with blinkers fitted but he needs a big personal best.",Well held on handicap debut last week; down in class with blinkers fitted but not solid,Brian Meehan,"{'runs': 11, 'wins': 2, 'percent': 18}",36,63,[],,[]
2026-05-23,GB,Salisbury,Good,20:15,1m1f201y,Symonds Event Catering 'Confined' Handicap (For Horses Which Have Won No More Than One Race),Celestarak,14,1,3,132,-085,Jack Doughty,Jayar Investments,5,82,gelding,Zarak,Pleione,Only beat two rivals home in his three novice/maiden runs as a 2yo (all 1m); gelded since last seen; surprising if this stoutly-bred 3yo couldn't leave those efforts well behind now his stamina is being more fully tested.,Down the field in three 1m runs as a 2yo; bred to do much better over 1m2f and further,David Menuisier,"{'runs': 17, 'wins': 2, 'percent': 12}",53,50,[],,[]
2026-05-23,GB,Salisbury,Good,20:15,1m1f201y,Symonds Event Catering 'Confined' Handicap (For Horses Which Have Won No More Than One Race),Semper Femina,14,6,3,128,792,Joe Leavy,Michael Pescod,5,78,filly,Lucky Vega,Supreme Seductress,Shaped well when second at Kempton on debut (1m3f) but that form hasn't really worked out and she has been well beaten at big odds twice since; may tap back into that initial promise now handicapping but others hold stronger claims here.,Not built on debut promise in 2 subsequent runs; moves into handicaps with a bit to prove,Richard Hannon,"{'runs': 53, 'wins': 8, 'percent': 15}",64,53,"[{'horse': 'Semper Femina', 'horse_id': 7205001, 'quote': ""A lovely filly who ran very well in second at Kempton on her debut, looking as though she wanted further, and she was travelling really nicely into the race at Newbury on Friday when Sean [Levey] said she started to hang right. It turned out she'd spread a plate, but the shoe didn't come off until after the line. She's capable of a lot better. 21-04-26""}]",,[]
2026-05-23,GB,Salisbury,Good,20:15,1m1f201y,Symonds Event Catering 'Confined' Handicap (For Horses Which Have Won No More Than One Race),Tough Date,14,2,3,125,07236,George Bass,The Wilsley Partnership,5,78,gelding,Gregorian,Princess Lahar,"Down the field in two Class 5 handicaps this month (1m, good to firm and 1m2f, good); dropped 3lb and now tried in cheekpieces but others look much stronger.",Down the field in two handicap runs this month; new cheekpieces not enough to tempt,Jack Channon,"{'runs': 22, 'wins': 1, 'percent': 5}",50,55,[],,[]
2026-05-23,GB,Salisbury,Good,20:15,1m1f201y,Symonds Event Catering 'Confined' Handicap (For Horses Which Have Won No More Than One Race),Terranoble,14,13,3,130,613-7,Nicola Currie,Ms Imelda Coakley,5,77,colt,Ubettabelieveit,Carmenere,"Improved with each of his three runs on the AW, winning an 8.6f novice at Wolverhampton in January; 16-1 when a remote last of six at Epsom on last month's handicap debut; step up in trip needs to have a positive effect.",8.6f AW winner; well beaten on last month's handicap debut; up in trip with point to prove,Denis Coakley,"{'runs': 7, 'wins': 1, 'percent': 14}",57,42,[],,[]
2026-05-23,GB,Salisbury,Good,20:15,1m1f201y,Symonds Event Catering 'Confined' Handicap (For Horses Which Have Won No More Than One Race),Bnaider,14,14,3,141,14-344,Daniel Muscutt,Sheikh Ahmed Yousuf Saud Alsabah,5,84,gelding,New Bay,Rivercat,"Promise as a 2yo and again upped to 1m2f for his handicap debut at Sandown four weeks ago; carried his head awkwardly (possibly still green) but was well on top at the finish in Haydock event (1m2f, good to soft; dropped to Class 5) yesterday and looks likely to improve further; respected under 6lb penalty, assuming he turns out quickly.",Well on top at the finish in Haydock event yesterday and looks likely to improve further,Harry Charlton,"{'runs': 14, 'wins': 4, 'percent': 29}",79,80,[],,[]
2026-05-23,GB,Salisbury,Good,20:45,1m4f5y,Saunton Sands Hotel Handicap (GBBPlus Race),Shayhana,10,5,4,131,1-2,Daniel Muscutt,Shadwell Estate Company Ltd,4,90,filly,Frankel,Tatweej,"Chased home a useful sort in a three-runner maiden a Lingfield on her debut in November; went one better when beating an errant rival (who has won since) at Wolverhampton last month, the pair pulling 15l clear; this unexposed and well-related daughter of Frankel moves into handicaps with the potential for even better.",Two solid efforts in AW maidens; well bred and moves into handicaps with lots of potential,Owen Burrows,"{'runs': 12, 'wins': 2, 'percent': 17}",58,,[],,[]
2026-05-23,GB,Salisbury,Good,20:45,1m4f5y,Saunton Sands Hotel Handicap (GBBPlus Race),Yaa Min,10,4,4,134,1461-5,Harry Davies,The Wright Way Syndicate,4,90,gelding,Frankel,Wonderful Filly,"Two wins from four starts since joining Hayley Burton, both the victories coming over 1m4f on Lingfield's AW track; should prove just as effective back on turf and he is not fully exposed just yet.","On the up for new yard, winning twice at Lingfield (1m4f, AW); not fully exposed just yet",Hayley Burton,"{'runs': 5, 'wins': 1, 'percent': 20}",40,71,[],,"[{'date': '2025-06-25', 'type': 'Wind Surgery'}]"
2026-05-23,GB,Salisbury,Good,20:45,1m4f5y,Saunton Sands Hotel Handicap (GBBPlus Race),Nap Hand,10,7,6,135,4-537/,Hollie Doyle,Goodwin Racing Ltd,4,93,gelding,Fast Company,Dream Sleep,Three Flat wins at up to 1m2f; in the frame twice over hurdles since last seen on the Flat; drops into a 0-80 and should stay 1m4f; not discounted.,Three Flat wins at up to 1m2f; fair form over hurdles since latest Flat run; down in grade,Alan King,"{'runs': 20, 'wins': 1, 'percent': 5}",65,72,"[{'horse': 'Nap Hand', 'horse_id': 4395041, 'quote': ""He is improving on the Flat and won over 1m2f on heavy ground at Newbury last time. Hurdling is a possibility at a later date, he's schooled well and if he gets the trip he could be quite useful, although he'd obviously be kept to sharper tracks. 07-11-24""}]",,[]
2026-05-23,GB,Salisbury,Good,20:45,1m4f5y,Saunton Sands Hotel Handicap (GBBPlus Race),Masterinthewoods,10,1,4,129,7-3512,Marco Ghiani,Andy Pittman,4,93,gelding,Mastercraftsman,Penwood,He had been knocking on the door prior to his 10.4f win at Haydock last summer; not so good since but he should be sharper with his reappearance behind him and he is only 2lb higher than for the win; unexposed at 1m4f and respected back on turf.,10.4f win at Haydock last summer; sharper for reappearance and returning to turf a plus,Emma Lavelle,"{'runs': 8, 'wins': 1, 'percent': 13}",63,86,[],,[]
2026-05-23,GB,Salisbury,Good,20:45,1m4f5y,Saunton Sands Hotel Handicap (GBBPlus Race),First Officer,10,10,7,132,-34651,Alexandra Egan,Bryan Hirst & Jane Chapple-Hyam,4,91,gelding,Galileo,Weekend Strike,Six-time winner but only one of those came in a double-figure field (October 2022); ran well at Newmarket when last seen eight months ago; has gone well fresh in the past; others appeal more all the same.,Ran well off this mark when last seen but he's done most of his winning in small fields,Jane Chapple-Hyam,"{'runs': 15, 'wins': 1, 'percent': 7}",57,81,[],,[]
2026-05-23,GB,Salisbury,Good,20:45,1m4f5y,Saunton Sands Hotel Handicap (GBBPlus Race),Siouxfonic,10,9,5,134,793-12,Silvestre De Sousa,Cambrianway Ltd,4,92,rig,Sioux Nation,Velvet Ribbon,Bumper winner; won a 1m4f Wolverhampton maiden in December on his second Flat start; no improvement for handicapping on his last two starts (cheekpieces added latest); still has low mileage but improvement is required.,1m4f AW win in December; unplaced in two handicap runs this spring; needs more to win,James Owen,"{'runs': 47, 'wins': 4, 'percent': 9}",57,65,"[{'horse': 'Siouxfonic', 'horse_id': 6256658, 'quote': ""He got off the mark in a Sedgefield bumper last month and will now go novice hurdling. He wants nice, spring ground and he works very well at home. He's schooled nicely as well and we'll look to run him before the ground turns, but I think he will be a nice horse in the spring. 24-10-25""}]",,"[{'date': '2025-10-10', 'type': 'Wind Surgery'}]"
2026-05-23,GB,Salisbury,Good,20:45,1m4f5y,Saunton Sands Hotel Handicap (GBBPlus Race),Trojan Storm,10,2,5,130,0708-7,Joe Leavy,The Green Bar Owners,4,92,gelding,Ulysses,Mystic Storm,"Won twice last year, notably a 1m6f handicap at Ascot in July off a 1lb lower mark; well held in five starts since December but this trip more suitable than those he has been tackling and the return of the tongue tie could help; betting should be revealing.",Back to a more suitable trip and the tongue tie returns; worth a market check,Ian Williams,"{'runs': 30, 'wins': 3, 'percent': 10}",33,,[],,[]
2026-05-23,GB,Salisbury,Good,20:45,1m4f5y,Saunton Sands Hotel Handicap (GBBPlus Race),Too Farhh Gone,10,6,4,124,1-32,Charles Bishop,FB Racing Club,4,87,filly,Farhh,Bright Approach,Didn't have to improve much on her earlier efforts to win a 1m3f novice at Southwell last month; has low mileage but she will need a good step forward if she is to make a successful handicap debut.,Dug deep to win a Southwell novice last month (1m3f); faces tougher task now handicapping,Warren Greatrex,"{'runs': 13, 'wins': 1, 'percent': 8}",31,,[],,[]
2026-05-23,GB,Salisbury,Good,20:45,1m4f5y,Saunton Sands Hotel Handicap (GBBPlus Race),Cinammon Coco,10,8,4,133,63-102,Harry Vigors,Mark Boulton,4,87,gelding,Persian King,Hoorreya,Flat/hurdle winner for Joseph O'Brien; pulled up in two hurdle runs for his new stable and hard to know what to expect now back on the Flat.,Flat/hurdle winner for Joseph O'Brien; pulled up in two hurdle runs for new yard; risky,David Pipe,"{'runs': 3, 'wins': 3, 'percent': 100}",100,60,[],,[]
2026-05-23,GB,Salisbury,Good,20:45,1m4f5y,Saunton Sands Hotel Handicap (GBBPlus Race),One Million Dreams,10,3,6,117,030-21,Luke Morris,Juxtaposition Records,4,90,gelding,No Risk At All,Indian Lizzy,"28-1 and well beaten on his stable debut at Newbury eight days ago (1m4f, good); not easily recommended on the back of that.",28-1 and well beaten on recent stable debut; not easily recommended after that,Archie Watson,"{'runs': 24, 'wins': 3, 'percent': 13}",33,44,[],,[]
2026-05-23,GB,Windsor,Good To Firm,16:57,6f12y,Trev's Final Furlong Handicap,Moonhall Lass,16,12,4,128,1130-6,Paddy Bradley,Paul Drinkwater & Partner,6,77,filly,Dandy Man,Analasa,0-22 in Ireland but form figures of 311 since joining James Owen and 2-2 since returned to turf back in cheekpieces; an 8lb rise will make life tougher but she's shortlisted having been taken out on account of rain-softened ground last weekend.,2-2 since returned to turf in cheekpieces; has 8lb rise but is shortlisted,James Owen,"{'runs': 47, 'wins': 4, 'percent': 9}",57,65,[],,[]
2026-05-23,GB,Windsor,Good To Firm,16:57,6f12y,Trev's Final Furlong Handicap,Distant Rumble,16,11,4,137,2665-6,Jack Callan,Homecroft Wealth Racing,6,75,gelding,Rumble Inthejungle,Distant Thunder,C&D winner last spring off a 4lb higher mark who finished a clear second on his return to turf nine days ago; 2lb higher now but having Jack Callan (1-11 for the yard) up to take off 3lb won't hurt; one to consider.,C&D winner last spring off a 4lb higher mark; one to consider at this lower level,Roger Teal,"{'runs': 12, 'wins': 1, 'percent': 8}",83,68,[],,[]
2026-05-23,GB,Windsor,Good To Firm,16:57,6f12y,Trev's Final Furlong Handicap,Insuspense,16,4,4,135,222228,Alistair Rawlinson,Brightwalton Bloodstock Ltd,6,76,filly,Bated Breath,Incharge,"Consistent maiden who's had plenty of chances in handicaps and often been turned over at short prices; won't mind being back on turf and tonight's big field should suit her come-from-behind style, though, and she looks set to go well again.",Consistent maiden; tonight's big field should suit her come-from-behind style; player,Oliver Cole,"{'runs': 5, 'wins': 0, 'percent': 0}",20,66,[],,[]
2026-05-23,GB,Windsor,Good To Firm,16:57,6f12y,Trev's Final Furlong Handicap,Monsieur Patat,16,3,9,133,3-9058,Finley Marsh,Wackey Racers Harefield,6,75,gelding,Coach House,Miss Trish,Won this last year under Finley Marsh off a 4lb lower mark and is currently 3-6 over C&D having gone in again in August; a pleasing comeback third on the AW (7f) will have set him up for a repeat bid.,Won this last year under Finley Marsh off a 4lb lower mark; fair chance of repeating,Adrian Wintle,"{'runs': 16, 'wins': 2, 'percent': 13}",25,72,[],,[]
2026-05-23,GB,Windsor,Good To Firm,16:57,6f12y,Trev's Final Furlong Handicap,Alashos,16,14,4,128,18445-,Rowan Scott,Alwens & Digweeds,6,76,gelding,Showcasing,Exceed Loose,Ended a lengthy losing run when winning a 0-55 AW handicap run to suit round Lingfield last time; upped 6lb but was competitive off higher marks on turf last summer and that win may have boosted confidence.,"Ended a lengthy losing run when winning a 0-55 AW handicap latest; up 6lb, this is tougher",Chris Gordon,"{'runs': 4, 'wins': 0, 'percent': 0}",50,72,[],,[]
2026-05-23,GB,Windsor,Good To Firm,16:57,6f12y,Trev's Final Furlong Handicap,Rye,16,9,4,128,4233-6,Myla Coppins,Rye Racing,6,76,filly,Massaat,Get Even,"Regressive, if consistent, maiden who's blown plenty of chances in less competitive handicaps; just behind Elvetham last time (first-time cheekpieces; off tonight) and holds similar claims to that one back on turf.","Regressive, if consistent, maiden who's blown plenty of chances; each-way claims",Tony Carroll,"{'runs': 46, 'wins': 11, 'percent': 24}",54,,[],,[]
2026-05-23,GB,Windsor,Good To Firm,16:57,6f12y,Trev's Final Furlong Handicap,Danger Alert,16,13,6,133,4-7435,Neil Callan,George Baker,6,75,gelding,Ardad,Sandy Times,Still consistent but hasn't won in three years and isn't as good now; just a fair comeback effort over 5f here 12 days ago in second-time cheekpieces (has often worn a visor) but won't mind going back up in trip now he's had a run.,Still consistent but hasn't won in three years and isn't as good now; each-way shout,George Baker,"{'runs': 11, 'wins': 0, 'percent': 0}",45,71,"[{'horse': 'Danger Alert', 'horse_id': 4336793, 'quote': ""He's owned by Tim Rodber, a former England rugby player, and his wife. He's a horse who frustrates me because he's bubbling under. He was rated up in the 90s at one point but it hasn't been completely plain sailing with him. He's had a couple of niggles along the way and was unlucky at Sandown two runs back when he bumped into one. He'll probably have one more run this season but he's definitely a horse the owners are keen to keep in training and I absolutely support that decision because he's got down to a good mark. He's one of those sprinters who when things drop right will win two or three. It's unlikely it will be this autumn, but he's a horse I would hope that, after a winter of rest, will have a lucrative year next year for sure. 15-10-25""}]",,[]
2026-05-23,GB,Windsor,Good To Firm,16:57,6f12y,Trev's Final Furlong Handicap,Liosa,16,1,6,135,4-0334,Jack Dace,Mrs P E Hawkings,6,75,gelding,The Last Lion,Sally Is The Boss,Trainer off the mark in the week with another who was formerly under the charge of Stuart Kittow; this three-time AW winner made it 0-10 on turf when some way off the front three on comeback (won first time out last season); needs a deal more.,Made it 0-10 on turf when some way off the front three on comeback; needs a deal more,Zoe Hawkins,"{'runs': 2, 'wins': 1, 'percent': 50}",50,61,[],,[]
2026-05-23,GB,Windsor,Good To Firm,16:57,6f12y,Trev's Final Furlong Handicap,Elvetham,16,10,4,130,31771-,Jack Gilligan,B Homewood,6,75,gelding,Blue Point,Elouges,"Got it together since dropped to this trip on the AW this year, winning a couple of 0-55s on Polytrack, latterly off 5lb lower in first-time blinkers; returns to turf 7lb higher than when last seen on it and will need a career-best effort to take this.",Got it together since dropped to this trip on the AW this year; will need a career-best,Conrad Allen,"{'runs': 1, 'wins': 0, 'percent': 0}",100,,[],,[]
2026-05-23,GB,Windsor,Good To Firm,16:57,6f12y,Trev's Final Furlong Handicap,Sub Thirteen,16,8,5,127,2664-5,Georgia Dobie,The Punchestown Syndicate,6,75,gelding,Territories,So Refined,Wins have come on good or softer but he ran fairly well on good to firm when second to Moonhall Lass at Salisbury three weeks ago; 9lb better off tonight but the winner had a good bit in hand and this one could have done without the summer weather arriving.,2nd to Moonhall Lass three weeks ago; 9lb better off tonight; rain would have been ideal,Jeremy Scott,"{'runs': 2, 'wins': 0, 'percent': 0}",50,69,[],,"[{'date': '2023-11-08', 'type': 'Wind Surgery'}]"
2026-05-23,GB,Windsor,Good To Firm,16:57,6f12y,Trev's Final Furlong Handicap,Just Jump,16,16,4,126,8573-3,Dougie Costello,Hrycko Carpentry Ltd,6,76,gelding,Kodi Bear,Academicienne,"Ex-Irish gelding who's got into the habit of fluffing the start for this yard, which also saddles Rye; can pull hard too and comes with risks, returned to turf and going without the hood tonight.",Into the habit of fluffing the start for this yard; can pull hard too and is risky,Tony Carroll,"{'runs': 46, 'wins': 11, 'percent': 24}",54,67,[],,[]
2026-05-23,GB,Windsor,Good To Firm,16:57,6f12y,Trev's Final Furlong Handicap,Roman Spring,16,7,6,127,63-312,Ryan Kavanagh,Vice Royal Partnership,6,73,gelding,Caravaggio,Aurora Spring,Up in the weights following three wins in the second half of last year; not at his best in a couple of starts back off 3lb higher and might need more help yet from the handicapper.,Not at his best in a couple of starts back; might need more help yet from the handicapper,Rachel Cook & John Bridger,"{'runs': 9, 'wins': 0, 'percent': 0}",22,62,[],,"[{'date': '2024-05-28', 'type': 'Wind Surgery'}]"
2026-05-23,GB,Windsor,Good To Firm,16:57,6f12y,Trev's Final Furlong Handicap,Outer Edge,16,15,5,123,-44840,Gina Mangan,Int Plywood (lmporters) Ltd And C Mason,6,72,gelding,Due Diligence,Edged Out,Well held first time out in his three previous seasons; resumes on a winning mark but this race looks too competitive after his seven months off.,Well held first time out in his three previous seasons; this race looks too competitive,Christopher Mason,"{'runs': 5, 'wins': 0, 'percent': 0}",40,50,[],,[]
2026-05-23,GB,Windsor,Good To Firm,16:57,6f12y,Trev's Final Furlong Handicap,Riot,16,6,9,132,8787-0,Jonny Peate,John Joseph Smith,6,72,gelding,Kingman,Alexander Queen,"Now 11lb lower than when successful for David O'Meara last autumn but has lost his way; it's a long time since he won on turf and even longer since he ran in a sprint, so he is hard to fancy back from a break.",Long time since he won on turf and even longer since he ran in a sprint; hard to fancy,Charlie Wallis,"{'runs': 4, 'wins': 1, 'percent': 25}",25,83,"[{'horse': 'Riot', 'horse_id': 2698904, 'quote': 'He was placed in the Buckingham Palace for previous connections and has dropped down the handicap now. He had a few runs for us on slower ground but he wants it faster and could be well handicapped for the summer. He runs at Chelmsford on Thursday. 04-05-23'}]",,[]
2026-05-23,GB,Windsor,Good To Firm,16:57,6f12y,Trev's Final Furlong Handicap,Capotes Dream,16,5,9,132,8-0094,Lewis Edmunds,Tom Ward,6,72,gelding,Dream Ahead,Capote West,"Dry since a C&D win in 2023 and has looked on the downgrade in recent times; goes back to cheekpieces from blinkers, minus the tongue-tie again, after four months off; outsider.",Dry since a C&D win in 2023 and has looked on the downgrade in recent times,Tom Ward,"{'runs': 9, 'wins': 0, 'percent': 0}",33,66,[],,[]
2026-05-23,GB,Windsor,Good To Firm,16:57,6f12y,Trev's Final Furlong Handicap,Clasina,16,2,5,134,-13358,Kaiya Fraser,Star Racing,6,74,mare,Oasis Dream,Gavota,"Finally off the mark on her debut for this yard when last seen nine months ago; fair effort first time out last season gives hope but a 7lb rise looks plenty and she's done most of her racing over 7f, so looks to have a bit to overcome.",Off the mark on debut for this yard when last seen nine months ago; 7lb rise looks plenty,John Berry,"{'runs': 5, 'wins': 0, 'percent': 0}",20,67,"[{'horse': 'Clasina', 'horse_id': 5147990, 'quote': ""She's been a bit of an enigma. I think she's got a fair bit of ability and has been placed a fair few times but we're just struggling to find the key to getting her nose in front. She's had trouble in running and a few different things just not going right. She ran at Ayr on Monday, finishing third behind Spun To Gold. 17-07-25""}]",,[]
2026-05-23,GB,Windsor,Good To Firm,17:30,6f12y,Bodhi Solutions - Exceeding Expectations In Construction EBF Restricted Maiden (GBB) (Div I),Greek Street,13,10,2,133,25,Kaiya Fraser,C Booth P Boyle S Coleby & S Smith,5,64,gelding,Persian Force,Volkovkha,Well below market billing when a remote last of five on his turf debut early last month; bettered that upped to this trip at a big price on Polytrack next time but will need another forward step.,Bettered debut effort at a big price on Polytrack latest; will need another forward step,Harry Eustace,"{'runs': 15, 'wins': 2, 'percent': 13}",47,,[],,[]
2026-05-23,GB,Windsor,Good To Firm,17:30,6f12y,Bodhi Solutions - Exceeding Expectations In Construction EBF Restricted Maiden (GBB) (Div I),Empire Rising,13,9,2,133,,Rowan Scott,Amo Racing Limited,5,,colt,Persian Force,Single Thought,"45,000euros foal, 70,000euros yearling who holds a Super Sprint entry in July; turned two only a few weeks ago and the market will be the best guide.","70,000euros yearling; turned two only a few weeks ago; the market will be the best guide",Charlie Clover,"{'runs': 6, 'wins': 1, 'percent': 17}",67,,[],,[]
2026-05-23,GB,Windsor,Good To Firm,17:30,6f12y,Bodhi Solutions - Exceeding Expectations In Construction EBF Restricted Maiden (GBB) (Div I),Time Saxon Warrior,13,12,2,130,4,Finley Marsh,Jaber Abdullah,5,48,colt,Saxon Warrior,Joie De Vivre,Yard (among the winners of late) has a much better record with 2yos on the AW than turf; 2-1 for a small-field Bath maiden on his debut ten days ago but blew the start and ran green; clearly thought capable of better.,2-1 for debut but blew the start and ran green; clearly thought capable of better,Richard Hughes,"{'runs': 25, 'wins': 5, 'percent': 20}",36,,[],,[]
2026-05-23,GB,Windsor,Good To Firm,17:30,6f12y,Bodhi Solutions - Exceeding Expectations In Construction EBF Restricted Maiden (GBB) (Div I),Printing Money,13,8,2,133,,Mason Paetel,Hold My Beer N Bradley 6 L Bearman,5,,colt,Starman,Utterly Charming,"Trainer going great guns now after a quieter spell and is 2-4 with 2yos here; this 50,000gns yearling, who's a half-brother to a 1m winner in Norway out of a 5f 2yo winner for Clive Cox (second time out), holds a few notable entries in sales races later on.","50,000gns yearling; out of a 5f 2yo winner for Clive Cox; a few notable entries later on",Dylan Cunha,"{'runs': 26, 'wins': 6, 'percent': 23}",65,,[],,[]
2026-05-23,GB,Windsor,Good To Firm,17:30,6f12y,Bodhi Solutions - Exceeding Expectations In Construction EBF Restricted Maiden (GBB) (Div I),King Of Montenegro,13,6,2,130,95,Jack Callan,Montenegro Racing,5,70,colt,Earthlight,Peace Trail,Nothing exciting on his debut and went backwards from it at Ascot a fortnight ago; yard ended a dry run recently but 0-5 with 2yos this spring and he needs a deal more.,Nothing exciting on his debut and went backwards from it at Ascot; needs a deal more,Brian Meehan,"{'runs': 11, 'wins': 2, 'percent': 18}",36,46,[],,[]
2026-05-23,GB,Windsor,Good To Firm,17:30,6f12y,Bodhi Solutions - Exceeding Expectations In Construction EBF Restricted Maiden (GBB) (Div I),Woodhay Wayfarer,13,7,2,125,,Lewis Edmunds,Matthew Webber & Toby Ward,5,,filly,Space Blues,Freiheit,"May-foaled 27,000gns yearling who's a half-sister to two winners and holds a couple of sales race entries later on; stable form might be better.","May-foaled 27,000gns yearling; half-sister to two winners; couple of sales race entries",Tom Ward,"{'runs': 9, 'wins': 0, 'percent': 0}",33,,[],,[]
2026-05-23,GB,Windsor,Good To Firm,17:30,6f12y,Bodhi Solutions - Exceeding Expectations In Construction EBF Restricted Maiden (GBB) (Div I),Agitator,13,4,2,130,0,Neil Callan,Pollyanna Gredley,5,51,colt,Cracksman,Incharge,"Yard still to get on the board for the year and this 30,000gns yearling, who holds a couple of sales race entries, didn't offer a lot on his Newmarket debut last weekend; this race is easier, though, and he's entitled to improve.",Didn't offer a lot on his Newmarket debut last weekend; this race is easier though,Oliver Cole,"{'runs': 5, 'wins': 0, 'percent': 0}",20,48,[],,[]
2026-05-23,GB,Windsor,Good To Firm,17:30,6f12y,Bodhi Solutions - Exceeding Expectations In Construction EBF Restricted Maiden (GBB) (Div I),Beach Ahead,13,2,2,127,,Paddy Bradley,Ian Beach,5,,colt,Dream Ahead,Al Janadeirya,"Early-foaled 13,000gns yearling who's a brother to useful French sprinter Antonella and a half-brother to five winners, including on 2yo debut; yard struggling for winners of late and just 1-59 with 2yos in recent seasons; tongue-tie straight on.","13,000gns yearling; yard struggling for winners and just 1-59 with 2yos in recent seasons",Gary & Josh Moore,"{'runs': 21, 'wins': 0, 'percent': 0}",29,,[],,[]
2026-05-23,GB,Windsor,Good To Firm,17:30,6f12y,Bodhi Solutions - Exceeding Expectations In Construction EBF Restricted Maiden (GBB) (Div I),Lord Ragnar,13,11,2,127,,Dougie Costello,Sarah Fern Patricia James And Partner,5,,colt,Cotai Glory,St Clerans,"11,000euros yearling whose dam won over middle distances; stable going well of late but still to get rolling with 2yos and he may want more of a test in due course.","11,000euros yearling whose dam won over middle distances; may want more of a test",Ed Dunlop,"{'runs': 16, 'wins': 5, 'percent': 31}",63,,[],,[]
2026-05-23,GB,Windsor,Good To Firm,17:30,6f12y,Bodhi Solutions - Exceeding Expectations In Construction EBF Restricted Maiden (GBB) (Div I),Emerald Bay,13,1,2,130,0,Liam Wright,J Mitchell & Ballylinch Stud,5,41,gelding,Bayside Boy,Sea Of Gems,"Gelded 42,000euros yearling whose yard has enjoyed a decent spring with 2yos; always caught wide from stall 13 on his Wolverhampton debut recently and should fare better with that under his belt.",Always caught wide from stall 13 on his Wolverhampton debut and should fare better,George Scott,"{'runs': 15, 'wins': 5, 'percent': 33}",60,,[],,[]
2026-05-23,GB,Windsor,Good To Firm,17:30,6f12y,Bodhi Solutions - Exceeding Expectations In Construction EBF Restricted Maiden (GBB) (Div I),Its A Dream,13,5,2,127,,Ben Ffrench Davis,P J & Mrs J P Haycock,5,,colt,Showcasing,Ababeel,"April-foaled 7,000gns yearling who's the fourth foal of a French 1m winner; her yard's first 2yo runner of the year (2-44 with them here all told) and the market will guide.","April-foaled 7,000gns yearling; yard's first 2yo runner of the year; the market will guide",Dominic Ffrench Davis,"{'runs': 5, 'wins': 0, 'percent': 0}",20,,[],,[]
2026-05-23,GB,Windsor,Good To Firm,17:30,6f12y,Bodhi Solutions - Exceeding Expectations In Construction EBF Restricted Maiden (GBB) (Div I),Harriet Vane,13,3,2,122,,Gina Mangan,Haxted Racing,5,,filly,Sergei Prokofiev,Poudretteite,"Late-foaled 4,500gns yearling who's a half-sister to three 2yo winners, one of debut; trainer (first juvenile runner of the year) is 0-53 with 2yos in recent seasons, with just five placed.",Trainer (first juvenile runner of the year) is 0-53 with 2yos in recent seasons,Michael Attwater,"{'runs': 11, 'wins': 1, 'percent': 9}",45,,[],,[]
2026-05-23,GB,Windsor,Good To Firm,17:30,6f12y,Bodhi Solutions - Exceeding Expectations In Construction EBF Restricted Maiden (GBB) (Div I),Bated Benevolence,13,13,2,125,,NON-RUNNER,Moores Racing & C J Murfitt,5,,filly,Bated Breath,Rustic Charm,Half-sister to the yard's ordinary 7f Tapeta winner Galileo Charm (ran well on her 2yo debut); trainer off the mark with juveniles for the season during the week (second time out); the market will tell a story.,Half-sister to the yard's ordinary 7f Tapeta winner Galileo Charm; the market will guide,Marco Botti,"{'runs': 15, 'wins': 2, 'percent': 13}",53,,[],,[]
2026-05-23,GB,Windsor,Good To Firm,18:00,6f12y,Bodhi Solutions - Exceeding Expectations In Construction EBF Restricted Maiden (GBB) (Div II),Satellite Of Love,12,2,2,133,,Georgia Dobie,Middleham Park Racing Xvii & M Parker,5,,colt,Minzaal,Maybride,"April foal by Minzaal, £45,000 yearling; fifth foal; half-brother to winners Jersey Rocs (1m/8.6f AW; RPR 73) and Bride Tree (7f AW; 67); dam 6f winner (including 2yo; 94), sister to Group-placed 5f/6f 2yo winner Rosebride, out of 6f/7f 2yo winner; stable always to be respected in these events and market should provide a good clue ahead of this one's debut.","April foal by Minzaal, £45,000 yearling; yard respected and market can provide a good clue",Clive Cox,"{'runs': 23, 'wins': 5, 'percent': 22}",52,,[],,[]
2026-05-23,GB,Windsor,Good To Firm,18:00,6f12y,Bodhi Solutions - Exceeding Expectations In Construction EBF Restricted Maiden (GBB) (Div II),Sweet Devastation,12,3,2,128,5,Finley Marsh,C Wright D Kilburn & Mrs C Corbett,5,77,filly,Minzaal,Gharbeya,"April foal by Minzaal; 50,000euros yearling; 33-1 and she got the message late on when beaten just over 2l at Nottingham (6f, good) a fortnight ago; likely improver.",Got the message late on when beaten just over 2l on debut a fortnight ago; likely improver,Michael Bell,"{'runs': 19, 'wins': 1, 'percent': 5}",58,52,[],,[]
2026-05-23,GB,Windsor,Good To Firm,18:00,6f12y,Bodhi Solutions - Exceeding Expectations In Construction EBF Restricted Maiden (GBB) (Div II),Patronise,12,10,2,130,,William Carver,Forz Europe Ltd,5,,colt,Dark Angel,Purple Sage,"April foal by Dark Angel; 45,000euros yearling; fifth foal; half-brother to winners Kolachi (1m 2yo; RPR 94), The Thunderer (1m2f-1m4f including AW; 91) and Sage Advice (1m2f Flat, 84; 2m hurdle); dam Listed-placed 7f 2yo winner (102); respected newcomer from leading yard.","April foal by Dark Angel; 45,000euros yearling; respected newcomer from leading yard",Andrew Balding,"{'runs': 63, 'wins': 9, 'percent': 14}",63,,[],,[]
2026-05-23,GB,Windsor,Good To Firm,18:00,6f12y,Bodhi Solutions - Exceeding Expectations In Construction EBF Restricted Maiden (GBB) (Div II),Perigord Noir,12,6,2,133,3,Neil Callan,Gently Down The Stream,5,71,colt,Invincible Army,Sweet Dragon Fly,"March foal by Invincible Army; 45,000gns yearling; 33-1 when third of nine at Kempton (6f, AW) 19 days ago; that was a solid first stab and he can probably do better.","March foal; 33-1 when solid third (6f, AW) 19 days ago; can probably do better",George Baker,"{'runs': 11, 'wins': 0, 'percent': 0}",45,,[],,[]
2026-05-23,GB,Windsor,Good To Firm,18:00,6f12y,Bodhi Solutions - Exceeding Expectations In Construction EBF Restricted Maiden (GBB) (Div II),Ventura Power,12,7,2,130,,Jack Callan,Miss Eleanor Wellesley,5,,colt,Perfect Power,Miskin Diamond,"Late March 18,000gns foal, 17,000gns yearling and £28,000 breeze-up 2yo; eleventh foal; Perfect Power half-brother to five winners including Rogue (6f-1m1f including 2yo; RPR 96), Zennor Storm (7f/1m AW 2yo; 85) and The Ferret (1m AW 2yo; 72); dam 1m2f winner (51); respected yard and the betting should reveal more.","Late March 18,000gns foal, 17,000gns yearling and £28,000 breeze-up 2yo; heed the betting",George Boughey,"{'runs': 21, 'wins': 3, 'percent': 14}",38,,[],,[]
2026-05-23,GB,Windsor,Good To Firm,18:00,6f12y,Bodhi Solutions - Exceeding Expectations In Construction EBF Restricted Maiden (GBB) (Div II),True Charm,12,1,2,130,,Lewis Edmunds,David Anderson & Partner,5,,colt,Ardad,Belle Dormant,"March foal by Ardad; £15,000 yearling, 25,000gns breeze-up 2yo; seventh foal; brother to Listed-placed 5f winner Ardad's Great (RPR 89), half-brother to 5f winner Rotokura Belle (including 2yo/AW; 70); dam 6f winner (71) out of maiden half-sister to 7f 2yo Group 3 winner Ugo Fire; requires a market check.","March foal by Ardad; £15,000 yearling, 25,000gns breeze-up 2yo; requires a market check",Lemos De Souza,"{'runs': 8, 'wins': 2, 'percent': 25}",50,,[],,[]
2026-05-23,GB,Windsor,Good To Firm,18:00,6f12y,Bodhi Solutions - Exceeding Expectations In Construction EBF Restricted Maiden (GBB) (Div II),Rex Regum,12,12,2,133,,Kaiya Fraser,Moulton Racing,5,,colt,Space Blues,Farzeen,"February foal by Space Blues; 55,000gns yearling; third foal; closely related to 6f 2yo July debut winner Distant Shore (RPR 76), half-brother to 6f 2yo/1m winner Fondo Blanco (107); dam Group-placed 7f winner (including AW; 99), out of unraced half-sister to 1m2f Group 1 winner Izzi Top; first 2yo runner of the season for his yard and he holds a foaling date advantage over this field.","February foal by Space Blues; 55,000gns yearling; has foaling date advantage on the field",Tom Clover,"{'runs': 18, 'wins': 2, 'percent': 11}",50,,[],,[]
2026-05-23,GB,Windsor,Good To Firm,18:00,6f12y,Bodhi Solutions - Exceeding Expectations In Construction EBF Restricted Maiden (GBB) (Div II),Harrys Pop,12,9,2,130,,Rowan Scott,K Shenton N Bradley 6 & D Cunha,5,,colt,Harry Angel,Poppy Jag,"Early April foal; 32,000gns yearling by Harry Angel; third foal; dam 5f winner (RPR 56), closely related to 5f-6f winner Jaganory (including 2yo), half-sister to 6f 2yo/7f winner Mr Kiki, out of unraced sister to 6f Group 1 winner Fayr Jag; speedy pedigree and yard is going well; watch the market.","Early April foal; 32,000gns yearling by Harry Angel; speedy pedigree and yard going well",Dylan Cunha,"{'runs': 26, 'wins': 6, 'percent': 23}",65,,[],,[]
2026-05-23,GB,Windsor,Good To Firm,18:00,6f12y,Bodhi Solutions - Exceeding Expectations In Construction EBF Restricted Maiden (GBB) (Div II),One In A Millz,12,11,2,133,,Alistair Rawlinson,Upton House Stud,5,,colt,Bungle Inthejungle,Blue Saphire,"Bungle Inthejungle March foal; 60,000euros yearling; seventh foal out of unraced dam; brother to French/Italian 6f/6.5f winner Genie In A Bottle (including 2yo/AW), half-brother to winners Diamond Dougal (5f-1m including 2yo/AW/Italy; RPR 96) and Brand New Day (French Listed-placed 4.5f/5f 2yo; 89); the most expensive of these at auction and the betting may guide on his introduction.","Bungle Inthejungle March foal; 60,000euros yearling; the biggest price at auction",Dr Richard Newland & Jamie Insole,"{'runs': 23, 'wins': 2, 'percent': 9}",43,,[],,[]
2026-05-23,GB,Windsor,Good To Firm,18:00,6f12y,Bodhi Solutions - Exceeding Expectations In Construction EBF Restricted Maiden (GBB) (Div II),My Normandie,12,5,2,125,7,Liam Wright,Gerard A Normand Anna & Moa Sundstrom,5,59,filly,Ardad,Wild Mimosa,"15,500gns late April foal, 20,000euros yearling; by Ardad; 22-1 and no real impact when seventh of nine at Leicester (5f, good to firm) on her debut a fortnight ago; goes up in trip for this second start.","22-1 and no real impact (5f, good to firm) on her debut a fortnight ago; goes up in trip",George Scott,"{'runs': 15, 'wins': 5, 'percent': 33}",60,49,[],,[]
2026-05-23,GB,Windsor,Good To Firm,18:00,6f12y,Bodhi Solutions - Exceeding Expectations In Construction EBF Restricted Maiden (GBB) (Div II),Prides Queen,12,4,2,125,,Jack Gilligan,Sudendu Shah,5,,filly,Territories,Parousia,"April foal by Territories; 30,000gns yearling; second foal; dam French 1m winner (RPR 74), half-sister to German 1m Group 2 winner Peace At Last, out of maiden half-sister to 1m Group 1 winner Fly To The Stars; market informative ahead of this first go.","April foal by Territories; 30,000gns yearling; market informative ahead of this first go",Marco Botti,"{'runs': 15, 'wins': 2, 'percent': 13}",53,,[],,[]
2026-05-23,GB,Windsor,Good To Firm,18:00,6f12y,Bodhi Solutions - Exceeding Expectations In Construction EBF Restricted Maiden (GBB) (Div II),Sparkling Jem,12,8,2,122,,Ryan Kavanagh,Clay Paton And Pell,5,,filly,Calyx,Amber Spark,"April 28,000euros foal by Calyx; 14,000gns yearling; fourth foal; dam 7f AW 2yo and 1m2f turf winner (RPR 87), sister to useful 6f-1m winner Alba Power, half-sister to 6f 2yo Listed winner Ventura Diamond; first 2yo runner of the year from a yard not noted for successful starts with its juveniles.","April 28,000euros foal by Calyx; 14,000gns yearling; yard not noted for winning newcomers",Rachel Cook & John Bridger,"{'runs': 9, 'wins': 0, 'percent': 0}",22,,[],,[]
2026-05-23,GB,Windsor,Good To Firm,18:30,1m31y,David And Debbie Married At Last Handicap,Legacy Rock,10,3,3,130,149-60,Jack Callan,Commercium II,5,80,gelding,Kameko,Rich Legacy,Always well positioned when winning a messy C&D handicap off 3lb lower early in the month (Eyes Front fifth); showed the right attitude that day but the effort's been let down by the placed horses since and he'll need more again.,Won a messy C&D handicap off 3lb lower early in the month; needs more if he's to follow up,Dr Richard Newland & Jamie Insole,"{'runs': 23, 'wins': 2, 'percent': 9}",43,54,[],,[]
2026-05-23,GB,Windsor,Good To Firm,18:30,1m31y,David And Debbie Married At Last Handicap,Galba,10,6,3,135,37-3,John Fahy,Martin Hughes & Michael Kerr-Dineen,5,76,colt,Lope Y Fernandez,Mystic Jade,"Inclined to pull hard on comeback and was said to have hung right last time, both round undulating courses (7f); has shown enough ability to suggest he can be a factor now handicapping at a sensible level though.",Shown enough ability to suggest he can be a factor now handicapping at a sensible level,Richard Hannon,"{'runs': 53, 'wins': 8, 'percent': 15}",64,42,[],,[]
2026-05-23,GB,Windsor,Good To Firm,18:30,1m31y,David And Debbie Married At Last Handicap,Blue Jammin,10,2,3,118,-13850,Jack Dace,W R Muir,5,75,gelding,Sands Of Mali,Tintern,Found a weak soft-ground Chepstow nursery when scrambling home off 3lb lower on his final run last season; different conditions tonight as he returns from nine months off.,Found a weak soft-ground Chepstow nursery latterly; returns from nine months off,William Muir & Chris Grassick,"{'runs': 12, 'wins': 1, 'percent': 8}",58,61,[],,[]
2026-05-23,GB,Windsor,Good To Firm,18:30,1m31y,David And Debbie Married At Last Handicap,Eyes Front,10,5,3,130,556-63,Alistair Rawlinson,E Smyth-Osbourne,5,76,gelding,Soldiers Call,Kyllarney,"Regressive, exposed maiden who wasn't best suited by the way things unfolded behind Legacy Rock over C&D last time; 5lb better off with the winner, which gives him claims, but he didn't conclusively prove his stamina that day.",Not best suited by the way things unfolded behind Legacy Rock last time; 5lb better off,Edward Smyth-Osbourne,"{'runs': 5, 'wins': 0, 'percent': 0}",60,54,[],,[]
2026-05-23,GB,Windsor,Good To Firm,18:30,1m31y,David And Debbie Married At Last Handicap,Royal Bodyguard,10,8,3,135,8-2313,Finley Marsh,Mrs H Breitmeyer And Partner,5,77,gelding,Kodi Bear,Speciality,"Consistent once handicapping last season before finding 1m2f beyond him latterly; entitled to have come on for his recent comeback, having been gelded, and this is easier but he's vulnerable to improvers now.",Entitled to come on for his comeback and this is easier but he's vulnerable to improvers,Michael Bell,"{'runs': 19, 'wins': 1, 'percent': 5}",58,65,[],,[]
2026-05-23,GB,Windsor,Good To Firm,18:30,1m31y,David And Debbie Married At Last Handicap,Lux Aeterna,10,4,3,135,61-876,Mason Paetel,Horse Watchers 10 & Trip To Syndicate,5,81,gelding,Sergei Prokofiev,Sassy Dresser,"Found a weak Wolverhampton handicap when winning off 5lb lower on his comeback (9.5f), having been gelded; inclined to pull hard on his turf debut last time and drops in trip tonight for a yard among the winners.",Inclined to pull hard on turf debut; drops in trip tonight for a yard among the winners,Ed Dunlop,"{'runs': 16, 'wins': 5, 'percent': 31}",63,9,[],,[]
2026-05-23,GB,Windsor,Good To Firm,18:30,1m31y,David And Debbie Married At Last Handicap,Norfolk Blue,10,1,3,131,4-5042,Taylor Fisher,Norfolk Thoroughbreds II,5,79,gelding,AAli,Kinderfrau,Didn't progress last season and was gelded over the winter; just a fair effort in a less-competitive Yarmouth handicap on his comeback and first-time cheekpieces (wore a hood twice as a 2yo) will need to make a difference.,Didn't progress last season; first-time cheekpieces will need to make a difference,William Knight,"{'runs': 14, 'wins': 2, 'percent': 14}",57,72,[],,[]
2026-05-23,GB,Windsor,Good To Firm,18:30,1m31y,David And Debbie Married At Last Handicap,Shadowmere,10,10,3,132,-538,Neil Callan,PJL Racing,5,72,colt,Sea The Moon,Magical Fire,"Big prices for three runs last backend, two on soft ground (7f-1m1f), pulling hard laterly; hard to know what he might be capable of as yet and the market will be the best guide back from seven months off.",Hard to know what he might be capable of as yet and the market will be the best guide,George Baker,"{'runs': 11, 'wins': 0, 'percent': 0}",45,58,"[{'horse': 'Shadowmere', 'horse_id': 8039758, 'quote': ""A lovely horse and we've always thought a bit of him. He cost £150k but is next year's horse really. A lovely two-year-old, he ran with promise on his debut and then ran a nice race at Sandown again the other day - he just got a little bit tired. He went to Goodwood on Sunday for a 1m1f novice and was far from disgraced, finishing fifth behind Poseidon's Warrior, who was a long odds-on Godolphin horse. I really hope he'll be an exciting horse for next year. He's still a big, raw baby, but he's got a proper pedigree as his dam was placed in Group races. Pat Cosgrave got off him at Sandown (penultimate start) and said he'll be a 1m2f or 1m4f horse next year. He's a proper one to look forward to. I've got a few dreams tied up in him - I own a leg of him myself so I need to work hard to get that job done. He'd be my trainer's pick. 15-10-25""}]",,[]
2026-05-23,GB,Windsor,Good To Firm,18:30,1m31y,David And Debbie Married At Last Handicap,Miss Starlet,10,9,3,128,5-4346,Grace McEntee,Graham Lodge Partnership,5,72,filly,Starman,Lovers Peace,"Yard been quiet so far this year and she finished well held on her AW comeback; dam stayed middle-distances, so perhaps the longer trip will help, but she's not easily recommended.",Yard been quiet so far this year and she finished well held on her AW comeback,George Margarson,"{'runs': 8, 'wins': 0, 'percent': 0}",13,56,[],,[]
2026-05-23,GB,Windsor,Good To Firm,18:30,1m31y,David And Debbie Married At Last Handicap,Thomas Picton,10,7,3,123,070,Rose Dawes,Box 41 Racing II,5,71,gelding,Soldiers Call,Scarlet Plum,"Beaten a long way in three runs at about this trip this spring; related to winners and this is more realistic now handicapping in first-time headgear, but would want to see some support before considering him.","This more realistic now handicapping in headgear, but would want to see some support",Jack Channon,"{'runs': 22, 'wins': 1, 'percent': 5}",50,57,[],,[]
2026-05-23,GB,Windsor,Good To Firm,19:00,6f12y,Bodhi Solutions - Constructing Champions Handicap,Marengo Storm,16,2,3,135,15,Finley Marsh,Neal And Sheralee Grayston,4,87,gelding,Havana Grey,Eternal Sun,"Took a good step forward from encouraging debut when comfortably landing Kempton maiden (6f, AW) 19 days ago; runner-up scored next time out and this one brings lots of potential to his handicap debut; first go on turf.",Good win latest and brings lots of potential to his h'cap debut; first go on turf; player,Richard Hughes,"{'runs': 25, 'wins': 5, 'percent': 20}",36,,[],,[]
2026-05-23,GB,Windsor,Good To Firm,19:00,6f12y,Bodhi Solutions - Constructing Champions Handicap,Generous Rascal,16,13,3,131,33-210,Mason Paetel,Quest Thoroughbreds - Generous Rascal,4,84,gelding,Showcasing,Suelita,"Off the mark on his second start when taking Kempton novice (AW) for Oliver Cole in October; gelded ahead of his stable debut when third of 13 in Ripon handicap (also 6f, good to soft) last month on his return from a break; pedigree offers hope he can do better this term and his yard's going very nicely.",Won 6f AW novice for Oliver Cole; encouraging handicap third on stable debut last month,Dylan Cunha,"{'runs': 26, 'wins': 6, 'percent': 23}",65,70,[],,[]
2026-05-23,GB,Windsor,Good To Firm,19:00,6f12y,Bodhi Solutions - Constructing Champions Handicap,Kesta,16,9,3,135,0-6133,Kaiya Fraser,Mrs Tina Larcombe,4,87,gelding,Kessaar,Destacado,"Busy spell as a juvenile included wins in Brighton maiden (5.5f) and course nursery (5f, again good to firm); also stays 6f and landed series final at Nottingham (good to soft) in October; more exposed than most of these and finished last on his reappearance, however; drops back down in grade.",More exposed than most of these and finished last on his reappearance,Eve Johnson Houghton,"{'runs': 28, 'wins': 5, 'percent': 18}",46,78,[],,[]
2026-05-23,GB,Windsor,Good To Firm,19:00,6f12y,Bodhi Solutions - Constructing Champions Handicap,Ecclefechan,16,10,3,128,455-24,Donagh Murphy,Gerry McGladery,4,87,gelding,Bated Breath,Bahia Star,"0-10 but he's gone close on a couple of occasions, including when beaten a neck in Lingfield nursery (6f, AW) in November; favourite but only fourth of eight behind Akabusi at Newmarket (6f, good) last Friday; needs more.","Favourite when fourth to Akabusi at Newmarket (6f, good) last Friday; needs more",John Ryan,"{'runs': 5, 'wins': 0, 'percent': 0}",40,77,[],,[]
2026-05-23,GB,Windsor,Good To Firm,19:00,6f12y,Bodhi Solutions - Constructing Champions Handicap,Firewalker,16,15,3,130,49-2,Rowan Scott,Amo Racing Limited,4,84,colt,Kingman,Arcamist,"Group-class pedigree; recorded the best of three qualifying runs when odds-on second on his introduction at Southwell (6f, AW) in December; makes handicap debut with his two turf runs this spring needing to be improved upon but that's not out of the question.",Two runs this spring need improving on but that's not out of the question on h'cap debut,Kevin Philippart De Foy,"{'runs': 19, 'wins': 2, 'percent': 11}",53,39,[],,[]
2026-05-23,GB,Windsor,Good To Firm,19:00,6f12y,Bodhi Solutions - Constructing Champions Handicap,Akabusi,16,1,3,132,18849-,Tom Queally,Jim Gill,4,85,gelding,Mohaather,Todays The Day,"He's seen plenty of action and was with his third trainer when bagging Newmarket handicap (6f, good) last Friday; return to this career-high mark demands more.","Won handicap (6f, good) last Friday; return to this career-high mark demands more",Mike Murphy,"{'runs': 8, 'wins': 1, 'percent': 13}",25,80,[],,[]
2026-05-23,GB,Windsor,Good To Firm,19:00,6f12y,Bodhi Solutions - Constructing Champions Handicap,Comic Strip,16,4,3,135,73-211,Liam Wright,Rabbah Racing,4,84,gelding,Blue Point,Laugh Aloud,"Dual nursery (5f, AW) winner who was outpaced when a little short of room on his turf debut at Bath last month; this step back up to 6f should help.",Outpaced when a little short of room on turf debut latest; return to 6f should help,Simon & Ed Crisford,"{'runs': 20, 'wins': 0, 'percent': 0}",25,66,[],,[]
2026-05-23,GB,Windsor,Good To Firm,19:00,6f12y,Bodhi Solutions - Constructing Champions Handicap,Up The Agenda,16,12,3,131,1-3110,Jonny Peate,Up The Racing Team,4,85,gelding,Sands Of Mali,Silent Agenda,"7f nursery winner who subsequently improved dropped back to 6f on AW, winning three handicaps including when he got up late at Kempton in January; unexposed on turf and could be the sort to resume his progress now back from a break.",Improved at 6f on AW; unexposed on turf; could resume his progress now back from a break,Jack Morland,"{'runs': 12, 'wins': 1, 'percent': 8}",50,66,[],,[]
2026-05-23,GB,Windsor,Good To Firm,19:00,6f12y,Bodhi Solutions - Constructing Champions Handicap,Powder Monkey,16,8,3,125,532,Jack Callan,Jacobs Holdings & Aura Racing,4,86,gelding,No Nay Never,Edna OBrien,Gelded after finishing fifth of eight on his turf debut over 7f at Newmarket in April; opening mark looks reasonable and this experiment at sprinting is well worth a go too; interesting.,Opening mark looks reasonable and this experiment at sprinting is worth a go; interesting,George Boughey,"{'runs': 21, 'wins': 3, 'percent': 14}",38,61,[],,[]
2026-05-23,GB,Windsor,Good To Firm,19:00,6f12y,Bodhi Solutions - Constructing Champions Handicap,Bintola,16,6,3,129,-626,Lewis Edmunds,Salhia Stud Limited,4,79,filly,Sea The Stars,Best Terms,"Hooded all three starts last term; best effort when second at Kempton (6f, AW) in September; opening mark looks a little punchy ahead of her handicap debut/reappearance but pedigree offers plenty of hope she'll do better this season.",Opening mark looks a little punchy but pedigree offers hope she can do better,Harry Charlton,"{'runs': 14, 'wins': 4, 'percent': 29}",79,38,[],,[]
2026-05-23,GB,Windsor,Good To Firm,19:00,6f12y,Bodhi Solutions - Constructing Champions Handicap,Fresh Fade,16,3,3,135,6-5406,Kieren Fox,Dare To Dream Racing,4,82,gelding,Cotai Glory,Julienne,Couldn't make the most of Lingfield's golden highway when weakening over 7f on his stable debut (50-1) a fortnight ago; drop back to 6f probably in his favour but others hold more pressing claims.,Weakened over 7f on stable debut (50-1) a fortnight ago; drop back to 6f might help,Michael Attwater,"{'runs': 11, 'wins': 1, 'percent': 9}",45,87,[],,[]
2026-05-23,GB,Windsor,Good To Firm,19:00,6f12y,Bodhi Solutions - Constructing Champions Handicap,Grey Horizon,16,5,3,124,496526,Christian Howarth,Amphitheatre Racing Limited,4,88,colt,Havana Grey,Sharla,"Enjoyed a fine spell on AW during the winter, winning four consecutive handicaps at 6f across January and February; good effort when second in Class 2 at Lingfield (AW; 50-1) on his next start at that trip but hasn't been at his best over shorter in two turf handicaps this spring; still not totally ruled out back at 6f.",Fine AW winter spell at 6f but not at best over shorter in two turf handicaps this spring,Scott Dixon,"{'runs': 23, 'wins': 1, 'percent': 4}",30,59,[],,[]
2026-05-23,GB,Windsor,Good To Firm,19:00,6f12y,Bodhi Solutions - Constructing Champions Handicap,Romantic Twilight,16,11,3,132,-61052,Paddy Bradley,Mrs Denis Haynes,4,80,filly,Twilight Son,Percys Romance,"Made all in Yarmouth nursery (6f, good; handicap debut) in October but raced freely before weakening over 7f nine days later; that's easily forgiven and she's not ruled out on this return.","Made all in nursery (6f, good) in October; excuse next time; not ruled out on this return",William Stone,"{'runs': 3, 'wins': 0, 'percent': 0}",,71,[],,[]
2026-05-23,GB,Windsor,Good To Firm,19:00,6f12y,Bodhi Solutions - Constructing Champions Handicap,Alkuwarrior,16,7,3,126,9-9376,Gina Mangan,Brian Hicks,4,89,gelding,Alkumait,Elegant Peace,"Changed stables last summer and it was an inauspicious start for this yard when last of nine in course nursery (good to firm) in August; subsequently gelded but again trailed the field at Bath (also 5f, firm) on his reappearance last month; plenty to prove on his first go at 6f.",Finished last on both starts for this yard and has plenty to prove on his first go at 6f,Christopher Mason,"{'runs': 5, 'wins': 0, 'percent': 0}",40,76,[],,[]
2026-05-23,GB,Windsor,Good To Firm,19:00,6f12y,Bodhi Solutions - Constructing Champions Handicap,Hayynah,16,16,3,135,712-26,Dougie Costello,Ahmad Ziad Galadari,4,83,filly,Showcasing,Platinum Pearl,"Went very close in C&D novice (good to firm) in July and narrowly picked up Southwell novice (5f, AW) in February; disappointing last of seven on handicap debut over latter C&D next time, however.","Went close in C&D novice in July; disappointed when last on h'cap debut (5f, AW) latest",Ollie Sangster,"{'runs': 20, 'wins': 2, 'percent': 10}",35,80,[],,[]
2026-05-23,GB,Windsor,Good To Firm,19:00,6f12y,Bodhi Solutions - Constructing Champions Handicap,Sargent Dennis,16,14,3,129,1225,Rose Dawes,Hodcott Downs Racing,4,93,gelding,Invincible Army,Gabridan,"Chased home Marengo Star at Kempton (6f, AW) on penultimate start and it was a good step forward when doing well (carried left) to beat 11 others in C&D novice (good to firm) 12 days ago; that was his first go on turf and there could be better to come on this handicap debut.",Good step forward to win novice (good to firm) recently; respected on this handicap debut,Jack Channon,"{'runs': 22, 'wins': 1, 'percent': 5}",50,92,[],,[]
2026-05-23,GB,Windsor,Good To Firm,19:30,1m2f,Chloe's Still A Filly At Forty Handicap,Galactic Glow,16,6,9,134,26-545,Taylor Fisher,The Clueless Syndicate,6,67,gelding,No Nay Never,Shine Like A Star,Bath/fast ground specialist who wasn't too far away from landing a fifth win at that track when runner-up (1m2f) last Wednesday on his return from a break; effective elsewhere too and should go well.,Bath/firm ground specialist who was second there (1m2f) last Wednesday; should go well,Joe Tickle,"{'runs': 9, 'wins': 1, 'percent': 11}",44,63,[],,"[{'date': '2024-03-05', 'type': 'Wind Surgery'}]"
2026-05-23,GB,Windsor,Good To Firm,19:30,1m2f,Chloe's Still A Filly At Forty Handicap,Naughty Niall,16,16,5,135,62472-,Ryan Kavanagh,Jayant Pindolia,6,68,gelding,Oasis Dream,Always A Drama,"Good run of turf form last summer included when making all at Yarmouth (1m2f, good to soft; acts on quicker) in July; mostly creditable efforts on AW since winning at Wolverhampton (1m4f) in November and he's far from ruled out back on grass despite tricky stall.",Good run of turf form last summer; mostly creditable efforts on AW since; not ruled out,Ian Williams,"{'runs': 30, 'wins': 3, 'percent': 10}",33,,[],,[]
2026-05-23,GB,Windsor,Good To Firm,19:30,1m2f,Chloe's Still A Filly At Forty Handicap,Guinness Lad,16,12,6,129,56-780,Alistair Rawlinson,P Magee,6,72,gelding,Berkshire,Never Again,"Slowly into stride but still finished second to subsequent prolific winner in similar event over C&D around this time last year; blew the start again when beaten a head at Leicester (1m2f, also good to firm) three weeks later; still not perfected the art of starting but mark is reduced after AW spell and he's dangerous back on turf if ready after a break.","Second over C&D and at Leicester (1m2f, also good to firm) last May; dangerous if ready",Neil Mulholland,"{'runs': 20, 'wins': 2, 'percent': 10}",40,68,[],,[]
2026-05-23,GB,Windsor,Good To Firm,19:30,1m2f,Chloe's Still A Filly At Forty Handicap,Night Bear,16,3,9,135,024324,Neil Callan,R Bellamy,6,70,gelding,Dragon Pulse,Contenance,"Four-time turf winner who last scored at Brighton (1m4f, good to firm; has won at this trip) two years ago; went close on two occasions at 1m3f (visored) during latest AW campaign but his latest effort when last of ten at Southwell (1m4f; raced freely) wasn't an ideal springboard for this switch back to grass; blinkers (has won in them before) go back on.",Latest AW last of ten wasn't ideal springboard for switch back to turf; blinkers back on,Tony Carroll,"{'runs': 46, 'wins': 11, 'percent': 24}",54,,[],,[]
2026-05-23,GB,Windsor,Good To Firm,19:30,1m2f,Chloe's Still A Filly At Forty Handicap,Judge Frank,16,15,5,131,70-756,Millie Wonnacott,The Highlife Racing Club,6,68,gelding,Inns Of Court,Her Kindness,"Went back-to-back in good-ground handicaps (7f/1m, including here) in September 2024 but no wins since and two runs last month (led before weakening) don't suggest another crack at this trip will turn the ship around.",No wins since September 2024 and doesn't appear to be crying out for another go at 1m2f,John & Rhys Flint,"{'runs': 3, 'wins': 1, 'percent': 33}",67,30,[],,[]
2026-05-23,GB,Windsor,Good To Firm,19:30,1m2f,Chloe's Still A Filly At Forty Handicap,Le Pelerin,16,2,4,135,70-703,Harry Burns,Tcf Racing,6,69,gelding,Sottsass,Heavenly Holly,Three third-placed finishes on quick turf (1m) and AW (9.5f) last term but finished the year tamely and wind surgery didn't improve matters in two starts last month; tongue-tie added.,Finished 2025 tamely and this year has started similarly; tongue-tie added,William Knight,"{'runs': 14, 'wins': 2, 'percent': 14}",57,36,[],,"[{'date': '2025-12-16', 'type': 'Wind Surgery'}]"
2026-05-23,GB,Windsor,Good To Firm,19:30,1m2f,Chloe's Still A Filly At Forty Handicap,Port Noir,16,11,9,135,731617,Rose Dawes,R Stephens,6,66,mare,Harbour Watch,Cocabana,Hardy mare who landed four races on AW (1m to 9.5f) between February and April; also a previous four-time winner on turf but this is just her second crack at 1m2f on her 111th start; still not discounted.,Won four AW races (1m to 9.5f) this year; having second crack at 1m2f on her 111th start,Robert Stephens,"{'runs': 5, 'wins': 1, 'percent': 20}",40,35,[],,"[{'date': '2025-01-22', 'type': 'Wind Surgery'}, {'date': '2020-12-03', 'type': 'Wind Surgery'}]"
2026-05-23,GB,Windsor,Good To Firm,19:30,1m2f,Chloe's Still A Filly At Forty Handicap,Masqool,16,8,8,135,389244,Dougie Costello,Peter Clarke Racing Partners,6,67,gelding,Invincible Spirit,Eshaadeh,"Very respectable 12-76 record for one who plies his trade in this sort of grade; vast majority of those wins came on AW but he can do it on turf and latest third over C&D (good to firm), while beaten a fair way, wasn't a bad effort; has dropped back down to his career-low mark.",Effective on turf and latest C&D third wasn't a bad effort; back on career-low mark,Tony Carroll,"{'runs': 46, 'wins': 11, 'percent': 24}",54,51,[],,[]
2026-05-23,GB,Windsor,Good To Firm,19:30,1m2f,Chloe's Still A Filly At Forty Handicap,Pride Of Nepal,16,1,8,131,76628-,Matthew Lloyd Slater,Mrs S Bowen,6,72,gelding,The Gurkha,Best Regards,"Five turf wins were all secured in a tongue-tie, with additional cheekpeices on last three occasions; has never won on AW and after latest campaign on that surface he now returns to grass with good handicapping case to be made; no headgear looks a negative, though.",Five turf wins in tongue-tie/cheekpeices; good handicapping case but no headgear this time,Tony Carroll,"{'runs': 46, 'wins': 11, 'percent': 24}",54,67,[],,[]
2026-05-23,GB,Windsor,Good To Firm,19:30,1m2f,Chloe's Still A Filly At Forty Handicap,Monks Mead,16,9,5,128,234215,William Carver,Rowdown Racing Partnership,6,67,gelding,Outstrip,Abbotsfield,Turf winner who was in good nick on AW during the winter and he scraped home to secure Lingfield classified (1m2f) in January; another solid effort when runner-up in similar event last time and he's respected back on grass after two-month break.,Turf winner who was in good nick on AW during the winter; respected back on grass,Mark Usher,"{'runs': 5, 'wins': 0, 'percent': 0}",60,54,[],,[]
2026-05-23,GB,Windsor,Good To Firm,19:30,1m2f,Chloe's Still A Filly At Forty Handicap,Fighting Queen,16,14,5,132,-53757,Paddy Bradley,Have A Go Racing,6,66,mare,Iffraaj,El Gumryah,Made a winning turf/handicap debut at Bath (1m) last May and posted a creditable second upped to 1m2f at that track (also firm) nine days later; didn't match that form subsequently but last year was this 5yo's first season racing so chance she might have a shade more to offer this term.,Winning turf/h'cap debut (1m) last May; 1m2f second next time; might do better this term,Joe Ponting,"{'runs': 8, 'wins': 0, 'percent': 0}",13,67,[],,[]
2026-05-23,GB,Windsor,Good To Firm,19:30,1m2f,Chloe's Still A Filly At Forty Handicap,Twilight Guest,16,5,6,132,55-377,Tom Queally,John Guest Racing,6,69,gelding,Twilight Son,Astrosecret,"Fired off a hat-trick at this trip in cheekepices last May/June but he's been well held on last five starts, including when making his comeback at Yarmouth last month; visor (unplaced previously) is tried for a third time.",Fired off a 1m2f hat-trick last May/June but well held last five starts; visor tried again,George Margarson,"{'runs': 8, 'wins': 0, 'percent': 0}",13,64,[],,"[{'date': '2024-08-29', 'type': 'Wind Surgery'}]"
2026-05-23,GB,Windsor,Good To Firm,19:30,1m2f,Chloe's Still A Filly At Forty Handicap,Majestic Leo,16,10,4,128,8060-9,Finley Marsh,Mrs S Bullock,6,,gelding,Camelot,Nayarra,"Latest effort when eighth of 11 here (11.5f, good to firm) was comfortably his best for this yard but that still leaves him with work to do.","Latest eighth here (11.5f, good to firm) was a best for this yard; still has work to do",Gary Brown,"{'runs': 4, 'wins': 1, 'percent': 25}",25,50,[],,"[{'date': '2025-12-01', 'type': 'Wind Surgery'}]"
2026-05-23,GB,Windsor,Good To Firm,19:30,1m2f,Chloe's Still A Filly At Forty Handicap,Read All About It,16,13,4,132,830-06,Lewis Edmunds,Mrs R F Greener,6,66,filly,Advertise,Annawi,"She has developed a particularly rocky profile but would hold good claims on any of her first three starts in maidens and a novice last term; three poor efforts in handicaps followed but her penultimate run when third (9.5f, AW; possibly flattered) in first-time cheekpieces was a bright spot; tailed off over C&D last time, however, and the visor is now given a whirl.",Rocky profile these days and tailed off over C&D last time; visor is now given a whirl,Tom Ward,"{'runs': 9, 'wins': 0, 'percent': 0}",33,62,[],,[]
2026-05-23,GB,Windsor,Good To Firm,19:30,1m2f,Chloe's Still A Filly At Forty Handicap,Liberty Bird,16,4,4,135,90-072,Jack Gilligan,Mrs L Edghill,6,59,filly,Without Parole,Skrei,"Nicely treated on some of last year's form for Charlie Johnston (consistency was an issue) but didn't shine in subsequent short spells with Alice Haynes and Lemos De Souza; never figured when ninth at Lingfield (1m, AW; stays further) on her debut for this yard last month.",Nicely treated on some of last year's form but seems to have lost her way,James Evans,"{'runs': 0, 'wins': 0, 'percent': None}",,56,[],,[]
2026-05-23,GB,Windsor,Good To Firm,19:30,1m2f,Chloe's Still A Filly At Forty Handicap,Scenario,16,7,4,133,571640,Jack Callan,Mrs Helen Hawkins & Partner,6,70,filly,Territories,Rahaaba,"Got up on the line to pip Naughty Niall at Wolverhampton (AW, 9.5f) in January and it was a second win on turf when beating 13 others at Bath (1m, good) in April; excuses on next two starts and she's respected on her first go at 1m2f.","Second win on turf when scoring at Bath (1m, good) in April; respected on first go at 1m2f",Tony Carroll,"{'runs': 46, 'wins': 11, 'percent': 24}",54,43,[],,[]
2026-05-23,GB,Windsor,Good To Firm,20:00,1m31y,Bodhi Solutions - Facilities Management Front Runner Fillies' Handicap,Proposal,9,7,3,129,1-245,Harry Burns,Wathnan Racing,4,82,filly,Frankel,One Voice,"Possibly still a touch raw but she knuckled down well when landing Doncaster maiden (7f, good to firm) on her return last month; pedigree suggests she'll kick on again at this trip and beyond; big player on handicap debut for leading connections.",7f maiden win on return; pedigree says new trip is a positive; big player on h'cap debut,William Haggas,"{'runs': 52, 'wins': 12, 'percent': 23}",60,66,[],,[]
2026-05-23,GB,Windsor,Good To Firm,20:00,1m31y,Bodhi Solutions - Facilities Management Front Runner Fillies' Handicap,Valkyrie Storm,9,9,3,129,11-325,Finley Marsh,Hunscote Stud Limited,4,83,filly,Saxon Warrior,Hail Shower,Made the breakthrough on handicap debut/reappearance when taking Nottingham event (8.5f) in April and a 3lb nudge didn't stop her going in again over that C&D (also good) a fortnight ago; raised a further 4lb but that latest success was a cosy one and she's on the up.,2-2 in h'caps this term; raised a further 4lb but last time was tidy and she's on the up,Eve Johnson Houghton,"{'runs': 28, 'wins': 5, 'percent': 18}",46,69,[],,[]
2026-05-23,GB,Windsor,Good To Firm,20:00,1m31y,Bodhi Solutions - Facilities Management Front Runner Fillies' Handicap,Crystal Pier,9,3,3,127,1-3536,Jack Dace,The Sunshine Partnership,4,82,filly,Palace Pier,Pacific Angel,"Tapped back into initial promise when opening her account at Wolverhampton (8.5f, AW) on her comeback 12 days ago; received a 2lb nudge for that narrow success and, despite shaping like she'll do better returned to further, warrants consideration in her attempt to double up.","Off the mark (8.5f, AW) on her comeback 12 days ago; 2lb nudge and she's considered",Ralph Beckett,"{'runs': 41, 'wins': 8, 'percent': 20}",66,50,[],,[]
2026-05-23,GB,Windsor,Good To Firm,20:00,1m31y,Bodhi Solutions - Facilities Management Front Runner Fillies' Handicap,Lady Dora Mae,9,1,3,127,28112-,Jack Callan,J R Boughey & Partner,4,85,filly,Space Blues,Moll Davis,"Good progress since joining this yard includes Southwell novice win (1m) in January and successful handicap debut at Kempton (7f, also AW) in March; just her second turf outing when solid second at Musselburgh (1m1f, good) four weeks ago and highly likely to be competitive again.","Solid second (1m1f, good) four weeks ago and highly likely to be competitive again",George Boughey,"{'runs': 21, 'wins': 3, 'percent': 14}",38,70,"[{'horse': 'Lady Dora Mae', 'horse_id': 7627175, 'quote': ""She'll run in the £50,000 0-80 handicap at Lingfield on All-Weather Championships finals day. She's done well with a bit of sun on her back and showed real determination to win at Kempton. Hopefully she can progress on the turf. 02-04-26""}]",,[]
2026-05-23,GB,Windsor,Good To Firm,20:00,1m31y,Bodhi Solutions - Facilities Management Front Runner Fillies' Handicap,Constant Star,9,2,3,128,12,Neil Callan,Hpb Racing - Stigliano,4,79,filly,Starman,Nurse Dee,Unraced at two; promising debut when runner-up at Lingfield (1m) in March then won going away dropped to 7f at Wolverhampton (also AW; flashed tail for pressure) one month later; another interesting handicap debutante and cheekpieces go on for this first taste of turf.,"Unraced at two; won second start (7f, AW) latest; cheekpieces on for h'cap/turf debut",Tom Clover,"{'runs': 18, 'wins': 2, 'percent': 11}",50,,[],,[]
2026-05-23,GB,Windsor,Good To Firm,20:00,1m31y,Bodhi Solutions - Facilities Management Front Runner Fillies' Handicap,Summer In Paris,9,8,3,129,4-54,Paddy Bradley,The Gredley Family,4,81,filly,Wootton Bassett,Asanta Sana,"Matched previous best when tongue tied and fourth in Newmarket maiden (1m, good; form upheld) on her reappearance in April; brings potential to this handicap debut.",Matched previous best on her reappearance in April; brings potential to handicap debut,James Owen,"{'runs': 47, 'wins': 4, 'percent': 9}",57,53,[],,[]
2026-05-23,GB,Windsor,Good To Firm,20:00,1m31y,Bodhi Solutions - Facilities Management Front Runner Fillies' Handicap,Naanas Crystal,9,5,3,128,312-8,Jack Gilligan,Scuderia Sagam Srls,4,79,filly,Kingman,Theory Of Music,"Moderate debut (turf) for previous yard last year but strongly supported in two AW novices for this stable in February, finishing runner-up at Kempton before scoring at Southwell (also 1m) one week later; third of four on handicap debut at Wolverhampton (9.5f) was a little underwhelming last month and now sports a tongue-tie for her second go on grass.",Won 1m AW novice in February; underwhelming third of four on h'cap debut; tongue-tie on,Marco Botti,"{'runs': 15, 'wins': 2, 'percent': 13}",53,22,[],,[]
2026-05-23,GB,Windsor,Good To Firm,20:00,1m31y,Bodhi Solutions - Facilities Management Front Runner Fillies' Handicap,Jakarta,9,6,4,142,-825/1,Lewis Edmunds,Mrs Fitri Hay,4,80,filly,Night Of Thunder,Pink Symphony,"Dual winning juvenile (maiden/nursery) who was off for 324 days before showing patchy form in three starts from September last year, just failing in Newmarket handicap (1m, good) but lesser shows either side of that; encouraging this year's campaign is starting earlier but reappears as the sole elder filly against some unexposed 3yos.",Patchy form after delayed start to last term; returns as 4yo against mostly unexposed 3yos,Oliver Cole,"{'runs': 5, 'wins': 0, 'percent': 0}",20,52,[],,[]
2026-05-23,GB,Windsor,Good To Firm,20:00,1m31y,Bodhi Solutions - Facilities Management Front Runner Fillies' Handicap,Come On Eibhlin,9,4,3,126,64-500,Rowan Scott,Hold My Beer Gee Gees Racing & N Clark,4,77,filly,Space Blues,Absolutely Right,"Cracking debut when 250-1 but only beaten 4l in Group 2 Queen Mary (5f) last June hasn't been built on, despite winning 6f course novice (good) next time; edging down the weights, however, and might be finding her level having not been disgraced at Wetherby last month; makes first start at 1m.",Edging down the weights and might be finding her level; makes first start at 1m,Dylan Cunha,"{'runs': 26, 'wins': 6, 'percent': 23}",65,64,[],,[]
2026-05-23,GB,Windsor,Good To Firm,20:30,1m3f99y,Bodhi Solutions - Commercial Fit-Out Challenge Handicap,Worlington,16,3,3,132,22-889,Jack Callan,Ed Ware Ed Babington & Partners,6,71,gelding,Sea The Stars,Nessina,Much better on his handicap debut/comeback and simply bumped into one at a short price at Redcar (gone on to win three more); longer trip should be fine on pedigree and his claims are obvious.,Bumped into one at a short price at Redcar; longer trip should be fine on pedigree; player,George Boughey,"{'runs': 21, 'wins': 3, 'percent': 14}",38,59,"[{'horse': 'Worlington', 'horse_id': 8251207, 'quote': ""He was unlucky on his handicap debut the other day and slightly surprised us. He never really showed much in novices and is a big, raw animal who's just going to keep progressing as he steps up in trip. 02-04-26""}]",,[]
2026-05-23,GB,Windsor,Good To Firm,20:30,1m3f99y,Bodhi Solutions - Commercial Fit-Out Challenge Handicap,Von Dutch,16,10,3,133,343-50,Rowan Scott,Amo Racing Limited,6,68,colt,Wootton Bassett,Aspiring,"Easy to back ahead of his AW handicap debut early in the year, when a well-held fourth of five; not much better on his first crack at turf a month ago and needs more.",Not much better on his first crack at turf a month ago and needs more,Kevin Philippart De Foy,"{'runs': 19, 'wins': 2, 'percent': 11}",53,57,[],,[]
2026-05-23,GB,Windsor,Good To Firm,20:30,1m3f99y,Bodhi Solutions - Commercial Fit-Out Challenge Handicap,Darkest Red,16,6,3,132,26-776,Paddy Bradley,Inside Track Racing Club,6,69,gelding,Lope Y Fernandez,Accede,Suited by the step up to 1m2f back on turf when one of three to come away off a 2lb lower mark at Yarmouth late last month; bit unlucky not to go closer still there and is on the shortlist.,Bit unlucky not to go closer latest and is on the shortlist,Jim Boyle,"{'runs': 8, 'wins': 0, 'percent': 0}",25,53,[],,[]
2026-05-23,GB,Windsor,Good To Firm,20:30,1m3f99y,Bodhi Solutions - Commercial Fit-Out Challenge Handicap,Saxophonic,16,12,3,131,83-088,Jack Dace,Amo Racing Limited,6,65,gelding,Dubawi,Criteria,Step up to 1m4f should have suited on his debut for this yard last time but he ran poorly; that leaves him with something to prove on just his second turf start.,Poor last time; that leaves him with something to prove on just his second turf start,David Simcock,"{'runs': 14, 'wins': 1, 'percent': 7}",36,28,[],,[]
2026-05-23,GB,Windsor,Good To Firm,20:30,1m3f99y,Bodhi Solutions - Commercial Fit-Out Challenge Handicap,Adores,16,7,3,132,4-070,Mason Paetel,Homecroft Wealth Racing,6,69,filly,Bated Breath,Adore,"Half-sister to three winners, two of whom improved once handicapping; she may be about to follow suit on comeback evidence (1m), when splitting two subsequent winners, albeit she has stamina to prove on her turf debut.",Half-sister to three winners; worth a look but has stamina to prove on her turf debut,Roger Teal,"{'runs': 12, 'wins': 1, 'percent': 8}",83,,[],,[]
2026-05-23,GB,Windsor,Good To Firm,20:30,1m3f99y,Bodhi Solutions - Commercial Fit-Out Challenge Handicap,Darn Hot Dame,16,9,3,131,5354-7,Kaiya Fraser,Racing Dames,6,67,filly,Too Darn Hot,Quenelle,Solid handicap debut effort in February but that race hasn't worked out; ran to a similar level upped to 1m4f when last seen and needs to improve on her turf debut.,Solid handicap debut effort in February but that race hasn't worked out; needs more,Tom Ward,"{'runs': 9, 'wins': 0, 'percent': 0}",33,,[],,[]
2026-05-23,GB,Windsor,Good To Firm,20:30,1m3f99y,Bodhi Solutions - Commercial Fit-Out Challenge Handicap,Shirakawa,16,4,3,134,470,Neil Callan,Steve Ashley & J L Rowsell,6,64,filly,Gleneagles,Shamakiya,All three runs came on Polytrack at Kempton (1m-1m3f); little chance behind a useful winner last time and starts handicap life at a lowly level; should be capable of better.,Little chance behind a useful winner last time and starts handicap life at a lowly level,Eve Johnson Houghton,"{'runs': 28, 'wins': 5, 'percent': 18}",46,,[],,[]
2026-05-23,GB,Windsor,Good To Firm,20:30,1m3f99y,Bodhi Solutions - Commercial Fit-Out Challenge Handicap,Dream Of Ithaca,16,2,3,124,54-070,Jonny Peate,Andrew Bell And Michael Wright,6,65,filly,Ulysses,Dream Of Wunders,Just behind Von Dutch at Beverley before out of her depth behind Shirakawa back into novice company last time; would be a surprise winner.,Out of her depth behind Shirakawa last time; would be a surprise winner,John Gallagher,"{'runs': 4, 'wins': 0, 'percent': 0}",25,54,[],,[]
2026-05-23,GB,Windsor,Good To Firm,20:30,1m3f99y,Bodhi Solutions - Commercial Fit-Out Challenge Handicap,Action Reaction,16,16,3,130,6867,Grace McEntee,Middleham Park Racing XVIII,6,63,filly,Masar,Perfect Showdance,"Well held all starts on the AW, latterly when 66-1 outsider of six on her handicap debut; goes right up in trip on her handicap/turf debut, which needs to make a big difference.","Goes right up in trip on her handicap/turf debut, which needs to make a big difference",George Boughey,"{'runs': 21, 'wins': 3, 'percent': 14}",38,,[],,[]
2026-05-23,GB,Windsor,Good To Firm,20:30,1m3f99y,Bodhi Solutions - Commercial Fit-Out Challenge Handicap,Rajbello,16,5,3,133,55-477,Finley Marsh,Jastar Capital Limited,6,63,gelding,Mehmas,Bella De Medici,Blinkers on since handicapping this spring; had little chance from off the pace in a messy affair upped to 1m4f last time and that gave some hope as he switches to turf.,Blinkers on since handicapping this spring; little chance the way it unfolded last time,Richard Hughes,"{'runs': 25, 'wins': 5, 'percent': 20}",36,,[],,[]
2026-05-23,GB,Windsor,Good To Firm,20:30,1m3f99y,Bodhi Solutions - Commercial Fit-Out Challenge Handicap,Pepper Fizz,16,1,3,132,6-5936,Gina Mangan,Brendan McManus & Derek Coles,6,68,filly,Cable Bay,Persepone,Didn't progress last season and finished well held from the front on her comeback here (8.1f) early in the month; goes right up in trip (stamina on the dam's side) in first-time headgear.,Exposed now; goes right up in trip (stamina on the dam's side) in first-time headgear,Georgina Nicholls,"{'runs': 7, 'wins': 0, 'percent': 0}",50,51,[],,[]
2026-05-23,GB,Windsor,Good To Firm,20:30,1m3f99y,Bodhi Solutions - Commercial Fit-Out Challenge Handicap,Midnight Media,16,13,3,135,4950,Lewis Edmunds,Muir Racing Partnership - Newbury,6,66,filly,Advertise,Gold At Midnight,"Not without hope a couple of times at huge prices this spring; stamina not assured on pedigree as she goes beyond an extended 1m for the first time on her turf/handicap debut, but this is more realistic.",Stamina not assured on pedigree but this is more realistic now handicapping on turf debut,William Muir & Chris Grassick,"{'runs': 12, 'wins': 1, 'percent': 8}",58,,[],,[]
2026-05-23,GB,Windsor,Good To Firm,20:30,1m3f99y,Bodhi Solutions - Commercial Fit-Out Challenge Handicap,NIon,16,14,3,121,658,Ryan Kavanagh,Mrs Julia Rayment,6,59,gelding,Le Brivido,Ponte Sanangelo,Massive prices for three runs this spring and beaten a long way each time; starts handicap life on a basement mark in first-time headgear.,Massive prices for three runs this spring and beaten a long way each time; headgear on,Ian Williams,"{'runs': 30, 'wins': 3, 'percent': 10}",33,,[],,[]
2026-05-23,GB,Windsor,Good To Firm,20:30,1m3f99y,Bodhi Solutions - Commercial Fit-Out Challenge Handicap,Naranka,16,15,3,121,-7557,Liam Wright,G & Mrs P Edwards,6,63,gelding,Supremacy,Golden Stunner,"Well held in four starts last summer (6f-1m), latterly on his nursery/AW debut; would want to see some support this time back from such a layoff.",Well held in four starts last summer (6f-1m); would want to see some support,George Baker,"{'runs': 11, 'wins': 0, 'percent': 0}",45,30,[],,[]
2026-05-23,GB,Windsor,Good To Firm,20:30,1m3f99y,Bodhi Solutions - Commercial Fit-Out Challenge Handicap,Panthere Noir,16,8,3,124,6468-3,Jude Fernandes,Gd Bloodstock,6,66,gelding,Mohaather,Billie Beane,"Exposed, regressive maiden who's with his third yard already; well held on his first crack at 1m2f for his new trainer last time and switches back to cheekpieces tonight.","Exposed, regressive maiden who's with his third yard already; back to cheekpieces tonight",Luke Dace,"{'runs': 6, 'wins': 0, 'percent': 0}",17,36,[],,[]
2026-05-23,GB,Windsor,Good To Firm,20:30,1m3f99y,Bodhi Solutions - Commercial Fit-Out Challenge Handicap,Keep It Classic,16,11,3,128,259-09,Harry Burns,Lael Stables,6,73,gelding,Too Darn Hot,Im So Fancy,"Well below market expectations when some way behind Darkest Red at Yarmouth; much better a fortnight ago, when narrowly beaten despite over-racing in a small field; only 1lb higher and is shortlisted, going without the cheekpieces this time.","Much better a fortnight ago, when narrowly beaten; only 1lb higher and is shortlisted",William Haggas,"{'runs': 52, 'wins': 12, 'percent': 23}",60,62,[],,[]
2026-05-23,SAF,Scottsville,,13:35,6f,Gold Medallion (Grade 1) (Turf),Rich Mans World,9,6,2,132,111,R Fourie,R L Gabler K P Truter Et Al,1,,colt,One World,Sommersonne,"Made it look easy! when 56/100 and 1st of 7 runners, 7.50 lengths ahead RICH MAN'S WORLD over 1100m at SCOTTSVILLE on 29 April 26. Signs of a top horse.    ",,Vaughan Marshall,"{'runs': 0, 'wins': 0, 'percent': None}",,,[],,[]
2026-05-23,SAF,Scottsville,,13:35,6f,Gold Medallion (Grade 1) (Turf),Haute Couture,9,8,2,132,1,Callan Murray,P M Murugasa,1,,colt,Rafeef,Isle De France,"Exercise gallop when 91/100 and 1st of 8 runners, 10.50 lengths ahead HAUTE COUTURE over 1000m at TURFFONTEIN STANDSIDE on 10 May 26. Thumped them on debut.    ",,Mike & Mathew De Kock,"{'runs': 0, 'wins': 0, 'percent': None}",,,[],,[]
2026-05-23,SAF,Scottsville,,13:35,6f,Gold Medallion (Grade 1) (Turf),Time Is Precious,9,5,2,132,111-3,Gavin Lerena,A Joannides R M Sewgoolam Et Al,1,,gelding,Querari,Twilight Hour,"Awk st - going away when 7/1 and 1st of 6 runners, 1.40 lengths ahead TIME IS PRECIOUS over 1100m at TURFFONTEIN STANDSIDE on 28 April 26. Won 3 in a row - big say.    ",,Johan Janse Van Vuuren,"{'runs': 0, 'wins': 0, 'percent': None}",,,[],,[]
2026-05-23,SAF,Scottsville,,13:35,6f,Gold Medallion (Grade 1) (Turf),Egremont,9,9,2,132,1,Craig Zackey,Sean Tarry Racing (Pty) Ltd & J J Morris,1,,colt,Skitt Skizzle,Cals Crush,"Flashed up late when 50/1 and 1st of 11 runners, 1.90 lengths ahead EGREMONT over 1200m at VAAL on 21 April 26. Easy debut winner.    ",,Sean Tarry,"{'runs': 0, 'wins': 0, 'percent': None}",,,[],,[]
2026-05-23,SAF,Scottsville,,13:35,6f,Gold Medallion (Grade 1) (Turf),Status Symbol,9,2,2,132,204-14,K De Melo,Wernars Family,1,,colt,Gimmethegreenlight,Trophy Wife,"Run out of it when 6/1 and 2nd of 6 runners, 1.40 lengths behind TIME IS PRECIOUS over 1100m at TURFFONTEIN STANDSIDE on 28 April 26. Improved again-well drawn.    ",,Sean Tarry,"{'runs': 0, 'wins': 0, 'percent': None}",,,[],,[]
2026-05-23,SAF,Scottsville,,13:35,6f,Gold Medallion (Grade 1) (Turf),Better Never Ends,9,3,2,132,214426,P Mxoli,Dladla Family Trust,1,,colt,Declarationofpeace,Endearment,"Challenged when 16/1 and 2nd of 9 runners, 1.40 lengths behind GIMME SOME LUCK over 1160m at TURFFONTEIN STANDSIDE on 10 May 26. Can be in the fight.    ",,Siboniso Ngcobo,"{'runs': 0, 'wins': 0, 'percent': None}",,,[],,[]
2026-05-23,SAF,Scottsville,,13:35,6f,Gold Medallion (Grade 1) (Turf),The Bronx Bull,9,1,2,132,4213,Calvin Habib,G G Palmer & Mrs D Palmer,1,,colt,Buffalo Bill Cody,Elusive Force,"Resp noise-fatigued when 33/10 and 4th of 6 runners, 5.60 lengths behind TIME IS PRECIOUS over 1100m at TURFFONTEIN STANDSIDE on 28 April 26. Shown ability, chance.    ",,Tony Peter,"{'runs': 0, 'wins': 0, 'percent': None}",,,[],,[]
2026-05-23,SAF,Scottsville,,13:35,6f,Gold Medallion (Grade 1) (Turf),Kudikaran,9,7,2,132,143,Serino Moodley,M Pandaram,1,,gelding,The United States,Secret Alley,"Good pace-asserted when 13/10 and 1st of 9 runners, 0.40 lengths ahead KUDIKARAN over 1000m at GREYVILLE on 02 May 26. Decent form-task here.    ",,Mano Pandaram,"{'runs': 0, 'wins': 0, 'percent': None}",,,[],,[]
2026-05-23,SAF,Scottsville,,13:35,6f,Gold Medallion (Grade 1) (Turf),Dear Doc,9,4,2,132,634133,M Yeni,Dladla Family Trust,1,,colt,Heavenly Blue,Al Bella,"Not striding out when 11/2 and 6th of 7 runners, 10.20 lengths behind SHERIFF BILL BROWN over 1600m at VAAL CLASSIC on 14 May 26. More needed for the win.    ",,Alson Ndzilana,"{'runs': 0, 'wins': 0, 'percent': None}",,,[],,[]
2026-05-23,SAF,Scottsville,,14:50,6f,South African Fillies Sprint (Grade 1) Brought To You By The Witness (Turf),Double Grand Slam,15,10,5,132,114-11,A Fortune,Drakenstein Stud D D Maclean & G J Player,1,127,mare,Vercingetorix,Princess Peach,"Top class material when 91/100 and 1st of 10 runners, 5.40 lengths ahead DOUBLE GRAND SLAM over 1600m at TURFFONTEIN STANDSIDE on 04 April 26. Champ unlucky in 2025.    ",,Justin Snaith,"{'runs': 0, 'wins': 0, 'percent': None}",,,[],,[]
2026-05-23,SAF,Scottsville,,14:50,6f,South African Fillies Sprint (Grade 1) Brought To You By The Witness (Turf),Asiye Phambili,15,8,6,132,1504-1,S Veale,Hollywood Racing,1,113,mare,What A Winter,Cast A Spell,"Powered away when 9/4 and 1st of 11 runners, 3.70 lengths ahead ASIYE PHAMBILI over 1200m at SCOTTSVILLE on 26 April 26. 2nd in 2025-be deserving.    ",,Duncan Howells,"{'runs': 0, 'wins': 0, 'percent': None}",,,[],,[]
2026-05-23,SAF,Scottsville,,14:50,6f,South African Fillies Sprint (Grade 1) Brought To You By The Witness (Turf),Princess Of Gaul,15,13,3,129,4126-4,Craig Zackey,Alac Pty Ltd,1,117,filly,Vercingetorix,Miss Marmalade,"Restless-one paced when 7/1 and 4th of 10 runners, 2.25 lengths behind WISH LIST over 1600m at GREYVILLE on 02 May 26. Each way chance.    ",,Dean Kannemeyer,"{'runs': 0, 'wins': 0, 'percent': None}",,,[],,[]
2026-05-23,SAF,Scottsville,,14:50,6f,South African Fillies Sprint (Grade 1) Brought To You By The Witness (Turf),Mia Moo,15,1,5,132,300-10,R Fourie,Drakenstein Stud,1,114,mare,Vercingetorix,Leeward,"Late charge when 40/1 and 3rd of 14 runners, 2.90 lengths behind BUFFALO STORM CODY over 1000m at TURFFONTEIN STANDSIDE on 04 April 26. 2025 winner-now gate 1!.    ",,Sean Tarry,"{'runs': 0, 'wins': 0, 'percent': None}",,,[],,[]
2026-05-23,SAF,Scottsville,,14:50,6f,South African Fillies Sprint (Grade 1) Brought To You By The Witness (Turf),Perfect Miracle,15,11,3,129,11334-,M Van Rensburg,Mrs S Viljoen,1,,filly,Hawwaam,Freddys Sister,"In control when 7/1 and 1st of 9 runners, 0.75 lengths ahead PERFECT MIRACLE over 1160m at TURFFONTEIN STANDSIDE on 28 April 26. Won last two well, go in.    ",,Tony Peter,"{'runs': 0, 'wins': 0, 'percent': None}",,,[],,[]
2026-05-23,SAF,Scottsville,,14:50,6f,South African Fillies Sprint (Grade 1) Brought To You By The Witness (Turf),Rodeo Drive,15,5,4,132,286-14,P Mxoli,Haraka Bloodstock Pty Ltd G Ambrose Et Al,1,96,filly,The United States,Crystal Cavern,"Kept on for 2nd when 10/1 and 2nd of 9 runners, 0.75 lengths behind PERFECT MIRACLE over 1160m at TURFFONTEIN STANDSIDE on 28 April 26. Went close last time.    ",,Sean Tarry,"{'runs': 0, 'wins': 0, 'percent': None}",,,[],,[]
2026-05-23,SAF,Scottsville,,14:50,6f,South African Fillies Sprint (Grade 1) Brought To You By The Witness (Turf),One Fine Winter,15,7,3,129,606-13,K De Melo,Drakenstein Stud,1,112,filly,What A Winter,One Fine Day,"Never went on when 10/1 and 6th of 9 runners, 2.30 lengths behind PERFECT MIRACLE over 1160m at TURFFONTEIN STANDSIDE on 28 April 26. Not out of it at best.    ",,Sean Tarry,"{'runs': 0, 'wins': 0, 'percent': None}",,,[],,[]
2026-05-23,SAF,Scottsville,,14:50,6f,South African Fillies Sprint (Grade 1) Brought To You By The Witness (Turf),Whistle The Tune,15,14,4,132,40-310,Calvin Habib,Itssa IT & Business Solutions (Pty) Ltd,1,106,filly,Captain Of All,Penny Whistle,"Never went on when 7/1 and 4th of 9 runners, 2.05 lengths behind PERFECT MIRACLE over 1160m at TURFFONTEIN STANDSIDE on 28 April 26. 5th in 2025-outside gate.    ",,Candice & Tammy Dawson,"{'runs': 0, 'wins': 0, 'percent': None}",,,[],,[]
2026-05-23,SAF,Scottsville,,14:50,6f,South African Fillies Sprint (Grade 1) Brought To You By The Witness (Turf),Mai Sensation,15,9,4,132,699-81,Juan Paul VD Merwe,Greg & Gina Bortz,1,102,filly,Rafeef,Mai Tai,"One paced finish when 14/1 and 6th of 11 runners, 5.40 lengths behind ASIYE PHAMBILI over 1200m at SCOTTSVILLE on 26 April 26. 10th in 2025-can pop up.    ",,Lucinda Woodruff,"{'runs': 0, 'wins': 0, 'percent': None}",,,[],,[]
2026-05-23,SAF,Scottsville,,14:50,6f,South African Fillies Sprint (Grade 1) Brought To You By The Witness (Turf),Just Be Lekker,15,4,5,132,797-04,Serino Moodley,Ralphs Racing (Pty) Ltd,1,116,mare,William Longsword,Polly Wolly Doodle,"Hung in 350m when 20/1 and 7th of 12 runners, 4.10 lengths behind ROLAND GARROS over 1400m at GREYVILLE on 11 April 26. More needed for the win.    ",,Candice & Tammy Dawson,"{'runs': 0, 'wins': 0, 'percent': None}",,,[],,[]
2026-05-23,SAF,Scottsville,,14:50,6f,South African Fillies Sprint (Grade 1) Brought To You By The Witness (Turf),Elegantrix,15,3,3,129,0018-2,Mme Mickaelle Michel,TKP Racing R P Macnab Et Al,1,113,filly,Vercingetorix,Elegantes,"Coughing when 25/2 and 11th of 12 runners, 12.50 lengths behind MIAMI MOUNTAIN over 1100m at TURFFONTEIN STANDSIDE on 21 February 26. Off form but capable.    ",,Corne Spies,"{'runs': 0, 'wins': 0, 'percent': None}",,,[],,[]
2026-05-23,SAF,Scottsville,,14:50,6f,South African Fillies Sprint (Grade 1) Brought To You By The Witness (Turf),Hierarchy,15,12,3,129,2-0012,M Yeni,Mrs H Kuhn,1,75,filly,Erupt,A Daughters Legacy,"Moved up well when 33/1 and 2nd of 9 runners, 1.00 lengths behind TAXI TO THE MOON over 1000m at GREYVILLE on 02 May 26. Eye catching last time.    ",,Duncan Howells,"{'runs': 0, 'wins': 0, 'percent': None}",,,[],,[]
2026-05-23,SAF,Scottsville,,14:50,6f,South African Fillies Sprint (Grade 1) Brought To You By The Witness (Turf),Buttercup Baby,15,6,4,132,311435,R A Venniker,Itssa IT & Business Solutions (Pty) Ltd,1,,filly,What A Winter,Hidden Thought,"Pace - tired late when 14/1 and 3rd of 11 runners, 4.00 lengths behind ASIYE PHAMBILI over 1200m at SCOTTSVILLE on 26 April 26. Useful - leap in class.    ",,Wendy Whitehead,"{'runs': 0, 'wins': 0, 'percent': None}",,,[],,[]
2026-05-23,SAF,Scottsville,,14:50,6f,South African Fillies Sprint (Grade 1) Brought To You By The Witness (Turf),Sweetie Darling,15,2,4,132,944-16,C Little,B J Fegen & R Fegen,1,,filly,Royal Mo,Captains Darling,"Stubborn-hung-eased when 25/1 and 9th of 11 runners, 6.35 lengths behind ASIYE PHAMBILI over 1200m at SCOTTSVILLE on 26 April 26. More needed to upset.    ",,Juan Nel,"{'runs': 0, 'wins': 0, 'percent': None}",,,[],,[]
2026-05-23,SAF,Scottsville,,14:50,6f,South African Fillies Sprint (Grade 1) Brought To You By The Witness (Turf),Regeneration,15,15,4,132,75-881,Callan Murray,Preggie Somasundram,1,,filly,Danon Platina,Redesign,"No threat when 25/1 and 7th of 11 runners, 5.65 lengths behind ASIYE PHAMBILI over 1200m at SCOTTSVILLE on 26 April 26. Need big form return.    ",,Robbie Hill,"{'runs': 0, 'wins': 0, 'percent': None}",,,[],,[]
