course,off_time,name,Score,Rank,%,Price,Comment,Spotlight,Quotes
Ayr,14:00,Stoneacre Joe,1448.12,1,72.5,4/5,"One of the main players, provided reappearance effort at Doncaster is backed up","Gelded after sole 2yo start; belied his 100-1 odds with second of 14, behind clearcut winner, at Doncaster (6f, good to firm) on reappearance; one of the main contenders, provided that form is backed up.",
Ayr,14:00,Railwayman,891.56,2,15.6,5/1,"Nicely bred; showed promise with third of 13, behind previous winners, at Leicester","420,000gns yearling purchase whose siblings include dual Group 1 sprint scorer Oxted; showed promise with 2l third of 13, behind two previous winners, in Leicester contest (6f, good; wore tongue-tie); respected with progress on the cards.",
Ayr,14:00,Mind Over Matter,803.68,3,11.3,15/2,Best 2yo effort when second over C&D on debut; major player if back to that form,"Raced three times last term, clear best effort when second of seven over C&D (good) on debut; major player if back to that form, and this reappearance may be the time to catch him; hood applied.",
Ayr,14:00,Saxon Gem,300.6,4,0.5,50/1,Always behind in C&D maidens last term,"Always behind in C&D maidens last May/June, beating a total of one rival; likely to find better opportunities in handicaps shortly.",
Ayr,14:00,Le Puy,196.48,5,0.1,50/1,Needs further improvement to get off the mark,"Finished fourth of six at Catterick (7f) on reappearance, managing to improve on her 2yo C&D effort but recording only a modest RPR; needs further improvement to get off the mark.",
Ayr,14:00,Macs Wee Sister,77.0,6,0.0,50/1,Last of seven at Southwell in sole start for Iain Jardine,"4yo filly who trailed home last of seven at Southwell (7f, AW) early this year for an inauspicious belated debut and sole start for Iain Jardine; needs a marked step forward for her new yard.",
Ayr,14:00,April Diamond,65.72,7,0.0,50/1,Recorded a modest RPR at Newcastle on belated debut,"5yo mare who was always towards the rear at Newcastle (6f, AW) on belated debut, beaten 6l and recording a modest RPR; likely one for handicaps further down the line.",
Ayr,14:00,Wee Dresser,55.92,8,0.0,50/1,Plenty to find on her 7f AW efforts at Newcastle,Plenty to find on her 7f AW efforts at Newcastle; this new scenario needs to make a big difference.,
Ayr,14:30,Wee Mary,1660.72,1,23.9,3/1,Off the mark on AW in January; mixed form since (fair third latest); each-way chance,"Off the mark at Newcastle in January (5f); mixed form since, one of her best efforts when third over 6f at Thirsk last time (good); each-way chance.",
Ayr,14:30,Ski Angel,1564.32,2,19.8,4/1,Dual C&D winner; won twice at Musselburgh in 2026; best on good or softer; may need it,Dual C&D winner who won twice at Musselburgh last season; ideally suited by good ground or softer but lacks a recent run.,
Ayr,14:30,Bonito Cavalo,1332.52,3,11.9,7/1,Six AW wins in early 2024; 0-27 on turf and has been out of form on AW; others stronger,Won six times at Newcastle from 5f-7f early in 2024; 0-27 on turf and well beaten last five starts.,
Ayr,14:30,Canaria Queen,1332.12,4,11.9,7/1,Beat a subsequent winner at Doncaster last time and has a chance off this 2lb higher mark,"Improved on reappearance run to win at Doncaster last month (5f, good to firm; second won next time); up 2lb; strong chance.",
Ayr,14:30,Fear And Fast,1316.2,5,11.5,15/2,"0-16; ran a couple of fair races after 10,000gns buy in July but lacks a recent run","16-race maiden; ran a couple of fair races for Jim Goldie last term after being bought for 10,000gns in July; perhaps best watched after a 181-day break.",
Ayr,14:30,Royal Duke,1072.32,6,6.0,12/1,"Two wins, one over C&D last year; back on his last winning mark but lacks a recent run",C&D winner last July (good) and also won at Musselburgh last August; form tailed off towards the end of the season and now back on his last winning mark; lacks a recent run.,
Ayr,14:30,Keep The Gold,1071.6,7,6.0,12/1,Unexposed; fair 2nd in maiden h'cap at Redcar last June but has been absent since,"Unexposed sort; fair second in a Redcar maiden handicap last June (5f, good to firm; cheekpieces on for first time) but has been absent since.",
Ayr,14:30,Harb,1005.36,8,4.9,16/1,C&D winner in 2025; also won on AW in February; below-par last twice; needs to bounce back,C&D winner off this mark last August (good); also won at Newcastle in February; needs to bounce back after two below-par runs.,"2024-08-30 | Harb | 3505929 | Amazing Sri Lanka Handicap (A Jockey Club Grassroots Series Sprint Qualifier) | 873826 | Sandown | 54 | 5 | 1110 | I'd love to say this was the plan, but it was more to have a run and then bring him back to the race he won last year. I knew he was pretty sharp, on Monday he dropped our lad who rides him every day and galloped round the field like a good'un, which gave him that last piece of work in a way. I said to his owner the morning, 'Don't think this horse hasn't got a chance', because he was as fit as I could get him at this stage. Sure enough, he's shown that. Harb is wonderful, I love him to bits, but I've also got another horse I'm really excited about called Harry Brown. I've got really high hopes for later in the year - Peter Crate, trainer.||2023-09-20 | Harb | 3505929 | Racing TV Profits Returned To Racing Handicap | 847775 | Sandown | 54 | 5 | 1110 | Harb has had a bit of a break as we thought he needed it and Peter said about running here so I said 'go on' and he has done it well. When Tom (Queally, jockey) got off him at Epsom he said we should try a mile - there was no way on God's earth he was going to get it, but you have to listen to the likes of Tom and give the horse a chance.I actually walked away as everywhere he was going he was getting blocked in, but he has ended up doing that well - Pat Gallagher, owner."
Ayr,14:30,Little Mi Mi,776.32,9,2.2,33/1,"Ex-Irish; has a good winter for new, including after a break; 0-10 on turf but a chance","Ex-Irish; had a good winter on the AW for Iain Jardine and has returned from a two-month break with two more sound AW runs; 0-10 on turf, although has run well on occasions; chance.",
Ayr,14:30,Phils Dream,712.88,10,1.7,50/1,Won a 5f Wolverhampton classified last time; this tougher; yet to prove as good on turf,Irish raider who gained his second win when winning a 5f classified stakes at Wolverhampton last time; stiffer task here and yet to prove he is as good on turf.,
Ayr,14:30,Tommy McJohn,366.96,11,0.2,50/1,Ex-Irish; won Naas nursery in 2024; fair run on AW latest; a possible on stable debut,"Ex-Irish; won a Naas nursery (5f, good) off a 13lb higher mark; some fair efforts since, including when third at Dundalk in January; quite interesting on stable debut.",
Ayr,15:00,Coconut Bay,1501.4,1,29.6,9/4,C&D winner; 5lb lower than for last success; sharper for last month's return; contender,"Enjoyed a purple patch last summer, winning three 7f handicaps (including here); 5lb lower than for the last of them and last month's return to action should have sharpened her up.",
Ayr,15:00,Jkr Cobbler,1424.48,2,25.1,11/4,Four C&D wins; on a good mark but good to firm ground wouldn't be optimal,"Four times a C&D winner, the latest by half a length on soft ground last September; 4lb lower today and of obvious interest from a handicapping perspective; could probably do with some rain arriving though.",
Ayr,15:00,Little Ted,1299.72,3,18.7,4/1,On a fair mark but needs to step up on recent Redcar run and he is 0-15 at 7f,Into the veteran stage but on a competitive mark on form as recent as December; recent Redcar run should have sharpened him up but others may have his measure for win purposes.,
Ayr,15:00,Ashen,1133.56,4,12.2,7/1,"11-race maiden but latest Musselburgh third (1m, good) was promising; more to come","0-11 but he has not been with Jim Goldie long and his latest Musselburgh third (1m, good) was encouraging; Paul Mulrennan replaces an apprentice today and a bigger effort could be forthcoming.",
Ayr,15:00,Camera Shy,1023.76,5,8.8,10/1,7f AW win in March; not quite so good twice since but still commands respect,Off the mark for new connections when leading late on in a 7f handicap at Southwell in March; not quite so good twice since but he still commands plenty of respect in this field.,"2024-05-17 | Camera Shy | 5900735 | Juddmonte EBF Restricted Novice Stakes (Bands B-D) (EBF Restricted Race Qualifier) (GBB Race) | 865714 | Newmarket | 38 | 6 | 1320 | I bought Camera Shy for 50,000 guineas at the Doncaster breeze-ups, I would have paid more but he didn't breeze that well to be honest. The consignor Paddy Vaughan put him to me and he was right - Nick Bell, trainer's son."
Ayr,15:00,Trais Fluors,636.88,6,2.0,33/1,His last five wins have come on AW at Newcastle; opposable back at 7f on turf,Getting on for three years since his last turf success and this veteran hasn't been at his best at Newcastle of late; opposable back at 7f and returned to the grass.,"2021-06-12 | Trais Fluors | 1170369 | Play Coral ""Racing-Super-Series"" For Free Handicap | 784973 | Sandown | 54 | 8 | 1760 | Trais Fluors was beaten by a good horse in Brentford Hope at Nottingham last time. He was suited by the better ground here, which was key. He carried a lot of weight but felt a lot better today - Silvestre de Sousa, rider."
Ayr,15:00,Habrdi,636.2,7,2.0,33/1,Not at best on his last two starts and no guarantee he'll get a good pace to aim at here,Hold-up performer who was a ready winner at Wolverhampton in March; similar form wheen fourth at Southwell on his next start but his performance has dipped twice since; no guarantee this will be run to suit.,"2023-10-19 | Habrdi | 5207737 | Docker Hughes Memorial EBF Restricted Novice Stakes (For horses In Bands B, C And D) (GBB Race) | 849604 | Brighton | 7 | 6 | 1315 | Habrdi was unlucky in the sales race. I thought he was going to run a big race there but unfortunately he was the first to load and it seemed like he was in there for ten minutes. It was slow loading with such a big field of two-year-olds. He fell asleep at the start and just blew his chance, hence why I ran him back quick and he went and did the job - Jane Chapple-Hyam, trainer."
Ayr,15:00,Alex Belardo,536.96,8,1.1,50/1,Infrequent winner but has C&D form and in fair form on AW this year; fast ground a query,7f win at Down Royal in September 2024 remains his only success from 24 starts but he has hit the frame three times on the AW at Dundalk this year; also finished second to Jkr Cobbler over C&D last September (soft); unraced on faster than good.,"2024-09-30 | Alex Belardo | 5147991 | Molson Coors Beverage Company Handicap | 878094 | Down Royal | 180 | 7 | 1566 | We deserved it as much as Alex Belardo did, as he's a bit tricky. He put his best foot forward today and put his head down when needed so it was great to get the win, there may be more for him next year. He's in at Bellewstown (Thursday) so we'll see if he goes there - John McConnell, trainer, speaking to Racing TV"
Ayr,15:00,Approaching Dawn,430.44,9,0.6,50/1,"Yet to offer much, including on last week's handicap debut, but should do better in time","Yet to offer much in his four starts, including his handicap debut at Musselburgh last week (7f, good), but he's bred to do better at some point; stable also run Ashen.",
Ayr,15:30,Shifter,1608.4,1,18.0,9/2,Out of form on AW in the winter; better on turf (two wins in May 2024); could go well,Out of form in three runs on the AW during the winter (latest over 1m4f) but is better on turf (won twice over 1m2f in May 2024); could go well at a decent price.,"2023-10-07 | Shifter | 4011144 | Every Race Live On Racing TV Handicap | 848662 | Redcar | 47 | 10 | 2201 | Shifter is going over hurdles, that's what she was bought for. I hope we might persuade them to stay a bit longer on the Flat now but she jumps like a bunny - Wilf Storey, trainer. She was gaining with every stride. You could almost step her up and go further. As soon as you pass horses on her, it lights her up - Paula Muir, jockey."
Ayr,15:30,Glasses Up,1522.56,2,15.1,11/2,11-times course winner (three last year); should improve on his run last week; contender,"Veteran who has won 11 times here, including three last year (1m2f/1m5f); on a good mark and should come on for his run at Musselburgh last week; contender.","2020-06-22 | Glasses Up | 1266402 | CPMS Handicap | 759407 | Ayr | 3 | 8 | 1760 | I've won on Glasses Up a few times. We thought the mile might be short for him but he's proved us wrong. They went a good gallop and he picked up well - Paddy Mathers, jockey.||2018-07-23 | Glasses Up | 1266402 | Get So Much More With Racing UK Handicap | 706089 | Ayr | 3 | 10 | 2200 | Glasses Up is just getting better and better and in time I'm sure he will step up to one and a half miles. His target is the Kilkerran Cup at the Gold Cup meeting - Mike Smith, trainer."
Ayr,15:30,Uncle Liam,1428.2,3,12.3,7/1,"0-9; second on last three starts in 2025, all with give in the ground; lacks a recent run","Nine-race maiden; runner-up on his last three starts last season, all with give in the ground, including when beaten a nose at Hamilton in September (8.5f, good to soft); lacks a recent run.",
Ayr,15:30,Golden Valour,1396.32,4,11.5,15/2,Musselburgh winner last September; form tailed off after that; lacks a recent run,"Not a regular winner; successful at Musselburgh last September (1m, good) but form tailed off after that and lacks a run this time.","2020-03-13 | Golden Valour | 2123810 | Irishinjuredjockeys.com Handicap | 753377 | Dundalk (AW) | 1138 | 10.5 | 2350 | Golden Valour is much better than his mark. I thought he wasn't helping Donagh up the straight but it was hard work in that wind. There's a valuable handicap here next month which we might go for - Richard O'Brien, trainer."
Ayr,15:30,Zebra Star,1372.32,5,10.9,8/1,Won on reappearance here in 2024 and decent run after a break in 2025; could go well,"Won over 7f here on his seasonal reappearance in 2024 (good) and was fourth over 1m here after a break in May last year, so could go well despite lack of a recent run.","2024-05-02 | Zebra Star | 4303336 | Britvic Soft Drinks Handicap | 864511 | Ayr | 3 | 7 | 1590 | I came here today fancying Zebra Star a lot more than than Ski Angel (trainer's later winner). This mare has changed. Clyde Vets were fantastic and we found a sinus problem and operated to sort it at the tail end of last year. It's definitely helped her and she's getting stronger and better all the time, and I think she'll stay further.   She's taken a wee bit of time to grow and has just matured over the winter - Mike Smith, trainer, speaking on Racing TV.||2022-09-13 | Zebra Star | 4303336 | Racing League On Sky Sports Racing Nursery Handicap | 819573 | Yarmouth | 104 | 7 | 1543 | Soft ground is the key to Zebra Star and she loved it out there. Hopefully she'll have a productive autumn and also has the scope for next year - George Boughey, trainer."
Ayr,15:30,Millbuie,1260.8,6,8.3,11/1,Longstanding maiden; had wind op in November and one good run since; inconsistent,Longstanding maiden; had a wind op in November and ran one decent race on the AW in the winter (1.25l fourth of nine over 9.5f at Wolverhampton in February); below par next time; lacks consistency.,
Ayr,15:30,Tap Dancer,1140.2,7,6.1,12/1,"Bought 8,000gns in October having won 1m2f Bath maiden; quite interesting in stable debut","Bought for 8,000gns out of Marcus Tregoning's yard last October having won a five-runner Bath novice over 1m2f in testing ground in 2024; didn't progress in handicaps last year but quite interesting off a decent mark on stable debut.",
Ayr,15:30,Royal Blaze,1100.8,8,5.4,16/1,"Two wins in cheekpieces last term, including here; back after a break with no headgear",Winner over 1m2f at Ayr (good; cheekpieces on) and Newcastle (tongue-tie and cheekpieces) last term; some fair AW runs after that but off since January and perhaps best watched this time (no cheekpieces).,
Ayr,15:30,Land Of The Giants,1040.48,9,4.5,20/1,0-17; beaten a neck in an 18-runner h'cap at Cork last time and has a chance on that form,"17-race maiden but came close at Cork last time when neck second in an 18-runner handicap (1m, good to yielding); contender.",
Ayr,15:30,Runninsonofagun,953.2,10,3.4,25/1,Won a Navan claimer for Tony Mullins in 2024; in good form on AW when last out; a possible,"Only win was in a maiden claimer at Navan (1m, good) in August 2024 when trained by Tony Mullins; three good runs on the AW when last seen out (October) and one to consider.",
Ayr,15:30,Dingwall,908.24,11,3.0,25/1,Won over 1m2f here in 2024; has been in good form on AW this year and one to consider,"Won a 1m2f handicap here in July 2024 (1m, good) but last two wins have been at Wolverhampton; three sound runs on the AW on last three starts and one to consider.",
Ayr,15:30,Lovette,728.24,12,1.5,50/1,Ripon maiden winner last July; also 3rd in Carlisle handicap; 190-day absence to overcome,"Won a Ripon maiden last July (1m, good) and best subsequent run was when third in a Carlisle handicap in September (1m, soft); could go well on second run at this trip, but has a 190-day absence to overcome.",
Ayr,16:00,Starliner,2091.4,1,20.0,4/1,Ran encouragingly on Sunday returned to turf; won off 10lb higher last May,Ran encouragingly at Hamilton on Sunday when switched back to turf (from AW) for first time since September; still has a modest strike-rate but is well treated on his win off 10lb higher last May.,"2023-09-19 | Starliner | 5104236 | Irish Stallion Farms EBF Maiden | 849982 | Listowel | 190 | 7 | 1555 | Starliner has been running with credit. We thought he had a chance but he had to do the hard work on his own which leaves you vulnerable. He was good and tough - Gavin Ryan, rider."
Ayr,16:00,Pearl Eye,1952.2,2,16.1,5/1,Fairly useful on his day; market may prove best guide on debut for another new yard,"Fairly useful for Darryll Holland, then form went markedly awry during a brief spell with Gay Kelleway; sold for 13,000gns since last run; market may prove instructive on debut for another new yard.","2025-03-29 | Pearl Eye | 4273988 | William Hill Bet £10 Get £10 Spring Mile Handicap | 889285 | Doncaster | 15 | 8 | 1760 | I've only seen the side on and they both went for the same gap. The crucial part of it was that it was a short head. Did the interference cost Pearl Eye the race? The stewards deemed it did so that's why they've overturned it. He's done well regardless and I'd have taken second. He's run super from that low draw. He was a big price but I really liked him. He had a run the other day with cheekpieces on and that put him spot on, he's quite stuffy. He was unlucky at Chester last year and that's where he'll go next - Darryll Holland, trainer.||2024-05-01 | Pearl Eye | 4273988 | Nars Supports The NHC Handicap | 864500 | Pontefract | 46 | 8 | 1766 | Pearl Eye should have won here last year, he was unlucky under Patrick Cosgrave, but he's made amends now and it's nice to win first up. He won four for us last year and was only out of the first four once. He's an improving horse and he goes to Chester now for a mile-and-a-quarter handicap. He was second off his highest mark there last year - Darryll Holland, trainer."
Ayr,16:00,Rajapour,1936.96,3,15.7,5/1,Proved resurgent and looked unlucky in first-time cheekpieces at Wetherby nine days ago,"Only 1-19 in Britain but he proved resurgent and looked unlucky in new headgear at Wetherby (1m, good to firm) nine days ago, going very close despite meeting traffic issues; respected off same mark in retained cheekpieces.",
Ayr,16:00,Eves Boy,1931.84,4,15.6,5/1,Gained sole win at Ayr and returns here off a handy mark; ran encouragingly last time,"Strike-rate is only 1-16 but he gained the win at Ayr and returns here off an attractive mark (peak one was 15lb higher); ran encouragingly at Thirsk (1m, good; 1l second) most recently, proving suited by the switch back to turf from AW.","2024-09-19 | Eves Boy | 5951756 | British Stallion Studs EBF Novice Stakes (GBB Race) | 874902 | Ayr | 3 | 7 | 1590 | Eve's Boy is a lovely horse who ran really well first time. You can put a line through his second run because he got a bit anxious in the gate, but he's shown there what we thought he could do. He'll be a nice horse next year, a winter on his back will do him good - Paul Mulrennan, jockey."
Ayr,16:00,Penelopes Sister,1740.2,5,11.2,15/2,Gained all three of her 2025 wins over C&D; has never scored when fresh; reappearance,"Gained all three of her 2025 wins over this C&D, the most recent on penultimate start; no certainty to make a successful reappearance, having never scored when fresh, but market support should be heeded.","2025-07-14 | Penelopes Sister | 4449876 | racingtv.com/freetrial Handicap | 898066 | Ayr | 3 | 8 | 1760 | It's probably the place to be running today from the front. We were dropping Penelope's Sister back in trip and we know she gets this one well. Jim's [Goldie, trainer] horses are all healthy and in great form - Paul Mulrennan, jockey, speaking to Racing TV."
Ayr,16:00,Donna Nook,1729.88,6,11.0,8/1,Has frame possibilities provided he recent consistency on AW is transferred back to turf,"Record is only 1-18 and she looks more reliable on AW than on turf; however, has frame possibilities provided her recent consistency is transferred back to this sphere; close third at Southwell (1m) last week.",
Ayr,16:00,Novak,1696.92,7,10.3,17/2,"All wins over 6f/7f, the last five on AW; not the percentage call","Has done his winning over 6f/7f, the last five times on AW (hasn't scored on turf since 2023); kept mostly to Newcastle since last September; not the percentage call in this scenario.",
Ayr,16:30,Tarlac,1271.0,1,27.2,5/2,Revival would put him in the picture; won off 8lb higher last May,"Record is only 1-17 and there is a question mark over his current form; however, a revival would put him firmly in the picture; gained his success off 8lb higher last May.",
Ayr,16:30,Summerstorms Dream,1124.2,2,18.4,4/1,Has run encouragingly at Ayr in both handicap attempts; may do better still,"Five-race maiden in her first season last year, latterly running encouragingly at Ayr (6f/5f) in her two handicap attempts, both in July; may take a further step forward this term; one to consider.",
Ayr,16:30,The Gay Blade,1066.52,3,15.6,5/1,Three AW wins this year; ran well at Musselburgh returned to turf last week,"Successful three times over 6f on Newcastle AW this year; ran well at Musselburgh (7f, good; neck second) returned to turf last week; now 2lb higher but Cara Tuke removes 7lb; respected in current form.","2024-10-02 | The Gay Blade | 3765237 | Watch On Racing TV Handicap | 875844 | Musselburgh | 16 | 7 | 1555 | The Gay Blade is not a bad little horse at his level. He likes it around the likes of Hamilton and Musselburgh and is pretty consistent - Iain Jardine, trainer."
Ayr,16:30,Colour Code,1047.8,4,14.8,11/2,Refused to race in March and withdrawn having bolted before the start at Hamilton Sunday,Far from solid on form and registered sole success in AW classified event; refused to race in March and was withdrawn having bolted before the start at Hamilton on Sunday.,
Ayr,16:30,Taygar,952.16,5,10.9,8/1,Has form figures of 113 at Ayr; interesting off a handy mark back here,"Record is 4-28; has form figures of 113 at Ayr, the wins gained off current mark and 6lb higher; interesting returned to this course with Thirsk reappearance (faded late in big field) under her belt.","2025-07-07 | Taygar | 4924798 | Start Your Racing TV Free Trial Handicap (Div II) | 899398 | Ayr | 3 | 6 | 1320 | Taygar is tricky. She goes down early but she goes when she wants to go! She's not easy at all but she's got ability and she's just been waiting for some soft ground. Things didn't really go to plan but once Danny [Tudhope] got out she dropped her head a bit and settled well but, because of that, he had to send her on earlier than he would have liked. To be fair to her, she kept going and she's done it well - Michael Dods, trainer, speaking to Racing TV."
Ayr,16:30,Fillys Last Lady,845.0,6,7.5,12/1,Lightly raced; gradually returning to form for new stable; possibilities,"Lightly raced 5yo who is gradually coming back to form for new stable, respectable fifth at Catterick (6f) most recently; may add to last year's two summer wins if the resurgence continues.",
Ayr,16:30,Iris Dancer,773.76,7,5.7,16/1,Has done nearly all of her winning at Hamilton; 0-9 at Ayr,"Has form at several different venues but is ideally suited by Hamilton, having done nearly all of her winning there; below par last time, failing to back up reappearance effort; 0-9 at Ayr.","2023-09-24 | Iris Dancer | 3092685 | Usave Business Energy Specialist Fillies' Handicap | 847838 | Hamilton | 22 | 6 | 1326 | Iris Dancer goes halfway through the race then jacks in a little then she warms back up and you always know you'll get a run out of her in the end. She really enjoys that stiff finish, she gets into top flight just at the line. It'd be nice to find another race before the end of the year and see what we can do - Andrew Mullen, jockey, speaking on Racing TV.||2022-09-18 | Iris Dancer | 3092685 | Usave Business Energy Specialist Fillies' Handicap | 819659 | Hamilton | 22 | 6 | 1326 | I think the blinkers just made the difference for Iris Dancer. She's a game horse and always tries her best, and she'll be even better with softer ground - Tristran Davidson, trainer."
Ayr,17:00,Ebony Maw,1497.0,1,29.8,9/4,"Three wins here, latest over 1m7f; bit to find with Tupero on last month's Catterick form","Has won three times here, the latest over this trip in October 2024 (good); placed on several occasions without winning last term but was behind Tupero on his reappearance at Catterick last month (1m4f, good).","2020-09-10 | Ebony Maw | 2863059 | Metges Lane Maiden | 766453 | Navan | 193 | 10 | 2200 | Ebony Maw did that lovely. He's still green, he dosn't have many miles on the clock, and he wouldn't want the ground any better than yielding. There could be a nice handicap in him over 1m2f plus - Shane Lyons, assistant trainer"
Ayr,17:00,Tupero,1297.48,2,18.9,4/1,Ex-French; 1m4f AW winner in February; steps up in trip after below-par run last week,"Ex-French; off the mark at Newcastle in February (1m4f) and a creditable second to a subsequent winner back on turf at Catterick next time (1m4f, good); bit disappointing at Southwell last week, but interesting now up 3f in trip.",
Ayr,17:00,Cascade Hall,1244.2,3,16.6,5/1,0-20; two fair runs at Musselburgh last summer but form tailed off; lacks a recent run,"20-race maiden on the Flat; ran a couple of fair races over 1m4f/2m at Musselburgh last summer, but his form tailed off after that; lacks a recent run.",
Ayr,17:00,Grey Fable,1184.64,4,14.2,6/1,Irish raider; two Chester wins over 1m4f in 2024; mixed form since; stamina to prove,"Irish raider; won twice over 1m4f at Chester in July 2024 (good/good to soft); mixed efforts since, mainly at 1m2f/1m4f as he didn't seem to stay when tried at 2m.",
Ayr,17:00,Aighear,1080.2,5,10.6,8/1,Goes well here (three track wins); best with some give in the ground; may need the run,"Has won three times here, all with give in the ground, twice over this trip; would be interesting if the ground eases but usually comes on for her first run.",
Ayr,17:00,Elemental Eye,1056.24,6,9.9,9/1,"Two wins last season, the second by 10l (soft ground); could go well if the ground eases","Winner at Redcar (2m, good to soft) and Musselburgh (1m6f, soft; by 10l) last term; went hurdling in the winter; fair run back on at Flat at Newcastle in March (1m4f); chance, particularly if the ground eases.",
Ffos Las,14:48,Prince Rhinegold,2348.68,1,25.1,11/4,Nearly won a handicap in March (good to soft) but he has his share of off days,Only win came in a novice back in 2023; nearly added a handicap in March (good to soft) but he has his share of off days.,
Ffos Las,14:48,Model Approach,1888.4,2,12.6,13/2,Well treated if going back far enough but achieved little for current yard,"Well treated if going back far enough but achieved little for current yard, over hurdles and fences; finished last of three on final run.","2024-10-20 | Model Approach | 5806682 | Join Racing TV Today Juvenile Hurdle (GBB Race) | 876690 | Kempton | 28 | 16 | 3520 | Mr [Jim] Bolger told me he'd win the Triumph Hurdle after I bought him. He could go for something at Cheltenham in November - Adrian Keatley, trainer."
Ffos Las,14:48,Forever Penywern,1808.32,3,11.0,8/1,Selling winner on the Flat; early hurdle form lacks substance; second run in a handicap,"Needed sellers to win on the Flat for William Haggas; four runs over hurdles, the standout being his 7l third in a juvenile race at Stratford; struggled since, latterly on handicap debut.",
Ffos Las,14:48,Penn Avenue,1764.88,4,10.2,17/2,No easy task in a maiden latest and has run well in two handicaps; tongue-tie added,Dual Flat winner; no easy task in a maiden last time and has run well in a couple of handicaps; could have a part to play if reacting positively to the new tongue-tie.,
Ffos Las,14:48,Collanisi,1745.16,5,9.8,9/1,Bumper form reads well; fourth in latest maiden; handicap debutant,"Fourth of 15 but beaten 21l in his latest maiden at Wetherby (2m, good); handicaps are now a better option and his bumper form reads quite well.",
Ffos Las,14:48,Kates Choice,1686.64,6,8.8,10/1,"First placing when second at Exeter (2m, good) but was some 25l off the winner","First placing when second at Exeter (2m, good) but was some 25l off the winner; dropped 2lb.",
Ffos Las,14:48,Berkshire Smudge,1590.68,7,7.3,12/1,Flat winner; sufficient promise over hurdles to be of interest on this handicap debut,Sole win came here on the Flat over 1m2f; has shaped well enough in three hurdle runs to believe he could have a future off this sort of mark.,
Ffos Las,14:48,Walk In The West,1436.88,8,5.3,16/1,"Lightly raced; back in trip after a month off, he could easily be very competitive","Kicked off his handicap career with a promising second at Taunton (2m, good) in March and never really figured when held up over 2m4f a week later; back in trip after a month off, he could easily be very competitive.",
Ffos Las,14:48,Get The Value,1426.44,9,5.2,16/1,Exposed 8yo who has topweight and he's looked out of sorts in four runs following a break,Exposed 8yo who has topweight and he's looked out of sorts in four runs following a break.,
Ffos Las,14:48,Bowling Shane,1049.64,10,2.0,33/1,Limited in four Flat runs and tailed off in three runs over hurdles; handicap debut,Limited in four Flat runs and tailed off in three runs over hurdles; plenty to prove on this handicap debut.,
Ffos Las,14:48,Uncle Remus,924.4,11,1.3,50/1,Needed to up his game on handicap debut in October but was beaten 13l at 16-1,Won a good-ground bumper last summer; needed to up his game on handicap debut in October but was beaten 13l at 16-1.,
Ffos Las,14:48,Peace Motivator,801.8,12,0.8,50/1,Has ability but makes stable/handicap debut after a lengthy break,Won a bumper for Olly Murphy; pulled up in his latest maiden on soft ground but was running well on good at his point of departures previously; has since left Alison Thorpe and makes stable/handicap debut after a lengthy break; market could be revealing.,
Ffos Las,14:48,And She Was,670.36,13,0.5,50/1,"Allowed to go off at 50-1 on handicap debut in January (2m, good/soft) and was pulled up","Lightly raced but allowed to go off at 50-1 on handicap debut in January (2m, good to soft) and was pulled up; hard to be confident.",
Ffos Las,15:18,Fairye Forth,3295.16,1,97.4,4/5,Irish point winner who divided good horses in a C&D novice two weeks ago,Irish point winner who divided good horses in a C&D novice two weeks ago (good to soft) and that marks him down as the standout candidate.,
Ffos Las,15:18,Yellow Card,1047.08,2,2.6,33/1,300-1 for a recent novice here and a long way behind Fairye Forth,Quite useful on the Flat but was 300-1 for a recent novice here and a long way behind Fairye Forth.,
Ffos Las,15:18,Idaho Fire,119.84,3,0.0,50/1,"Has stopped quickly in two maiden hurdles, with and without a tongue-tie","Second in a point and his bumper run wasn't devoid of promise; however, has stopped quickly in two maiden hurdles, with and without a tongue-tie.",
Ffos Las,15:18,Getaway Vic,87.16,4,0.0,50/1,Irish point winner who went 2-3 in good-ground bumpers; absent for over a year,Irish point winner who went 2-3 in good-ground bumpers; absent for over a year but should pay his way over hurdles.,
Ffos Las,15:18,Kind Intention,53.2,5,0.0,50/1,Definite promise in all three bumpers that were won by smart horses,"Definite promise in all three bumpers that were won by smart horses, including Storming George and Mydaddypaddy; this longer trip for hurdle debut is an obvious move on pedigree; has been off since last April.",
Ffos Las,15:18,Mariniere,23.2,6,0.0,50/1,Beaten 20l and more in his three bumpers and limited appeal on hurdle debut,Beaten 20l and more in his three bumpers and limited appeal on hurdle debut with cheekpieces added.,
Ffos Las,15:48,Star Turn,2678.64,1,21.3,7/2,Ran well over C&D last month on stable debut and return from absence; likely player,"6yo maiden who ran well, one place in front of Les's Destiny Star, in first-time visor over C&D (good to soft) last month on debut for new stable and return from lengthy layoff; likely player provided that effort is backed up and the bounce is avoided.",
Ffos Las,15:48,Less Destiny Star,2413.44,2,15.3,11/2,Had wind surgery prior to resurgent effort over C&D last time; respected off same mark,"Good-ground bumper scorer; had wind surgery prior to a resurgent effort, finishing 5l third and one place behind Star Turn, over C&D (good to soft) last month in only his second handicap attempt; warrants respect off same mark, with a step forward possible.",
Ffos Las,15:48,Jaja Jimmy,2352.4,3,14.1,6/1,Far from solid on form and folded tamely upped to 3m1f most recently,Far from solid on form and folded tamely when upped to 3m1f (from 2m5f) in first-time cheekpieces at Huntingdon most recently; enough to prove.,
Ffos Las,15:48,Colby Mayfield,2240.4,4,12.1,7/1,"May take another step forward, with Sam Twiston-Davies replacing 5lb claimer","Five-race maiden who has shown improvement under 5lb claimer since switched to handicaps, fifth at Chepstow (2m7f) last time; may take another step forward, with Sam Twiston-Davies booked; not ruled out.",
Ffos Las,15:48,Hillwalk,2193.08,5,11.3,15/2,Looks interesting in this second handicap attempt and first crack at 3m under rules,Kept to shorter under rules but was in the process of chasing down a smart rival when falling in Irish point in sole 3m attempt; creditable second to thriving opponent at Chepstow (2m3f; handicap debut) in latest hurdles attempt; interesting back up in distance.,
Ffos Las,15:48,Dessie Haze,2001.16,6,8.5,10/1,Opened his account in Chepstow event; midfield over C&D later in April,"Low-mileage 8yo who opened his account in Chepstow event (2m7f, good to soft) then finished midfield, not disgraced, over C&D (good) later in April; reasonably solid in current form.",
Ffos Las,15:48,Constantinian,1848.4,7,6.6,12/1,Lightly raced; ran respectably on handicap debut last time; steps up in distance,"Lightly raced 6yo who is a bumper winner; respectable third at Carlisle (2m3f, good to soft; handicap debut) in latest hurdles attempt; may show progress, provided he stays this new trip.",
Ffos Las,15:48,Parliamo,1800.84,8,6.1,12/1,Ran respectably upped to 2m7f at Bangor (handicap debut) most recently,"Has stamina in his pedigree but didn't strictly improve for a step up to 2m7f at Bangor (handicap debut) most recently; however, still ran respectably and may build on that effort.",
Ffos Las,15:48,Times Are Green,1656.92,9,4.7,20/1,Has failed to complete in two starts since handicapping but this is a drop in class,Maiden who has failed to complete in two starts since handicapping; otherwise interesting on bits of bumper/hurdles form and this is a drop in class.,
Ffos Las,16:18,Karuma Grey,3257.4,1,15.2,11/2,Wasn't beaten too far on his stable debut here before sent over 4m at Hexham,Inconsistent last season but wasn't beaten too far on his stable debut here before sent over 4m at Hexham; likes the mud so could do with some rain.,"2024-12-19 | Karuma Grey | 4159565 | Adept GRP Cabinets Novices' Handicap Chase (GBB Race) | 882381 | Ffos Las | 1212 | 21.5 | 4730 | We put a few quid on Karuma Grey, not a lot. The bookmakers got the price wrong - he loves wet ground. I reckon he is a Saturday horse if we can get him right. Shane came back and said he could be a Welsh National horse for next year - Aled Evans, owner, speaking to Sky Sports Racing.||2023-03-11 | Karuma Grey | 4159565 | Goresbridge Maiden Hurdle (Div II) | 835294 | Gowran Park | 184 | 16 | 3520 | Karuma Grey is quirky and he doesn't like to get bullied and I just tried to keep things simple. He's a grand horse for the future - Diarmuid Moloney, rider."
Ffos Las,16:18,The Boola Boss,3054.68,2,12.4,7/1,A likeable type who looks sure to give his running and be heavily involved,"Record of 6-17 over fences after doing it comfortably at Chepstow (2m7f, good to soft) where Buckna was back in third; a likeable type who looks sure to give his running and be heavily involved; 5lb rise is fair.","2025-03-21 | The Boola Boss | 3265163 | BetVictor A Run For Your Money At Handicap Chase (GBB Race) | 888342 | Newbury | 36 | 22.5 | 4933 | The keys to The Boola Boss are a flat track and good ground and, like Becky [Curtis, trainer] said, two [miles] six [furlongs] is probably his perfect trip. Three miles probably stretches him and two and a half [miles] is probably a bit too short so ideal conditions really - Sean Bowen, jockey, speaking to Sky Sports.||2024-05-19 | The Boola Boss | 3265163 | William Hill Extra Place Races Handicap Chase | 865524 | Stratford | 67 | 22.5 | 4965 | The Boola Boss has been going really well at home and he's just come into himself. He did it nicely and I'm very pleased. He's quite versatile on ground but I'm not sure I'll keep him going now because he's a big horse and he might not want to be summer racing. He may go out on his break next week  - Rebecca Curtis, trainer."
Ffos Las,16:18,Imperial Alex,3019.08,3,12.0,7/1,"Soundly beaten in his last three races, disappointingly so at Warwick last time","In career-best form last summer over 3m on good ground; soundly beaten in his last three races, disappointingly so at Warwick last time when back on his favoured surface (good); bit to prove now.","2024-03-28 | Imperial Alex | 3461233 | Best Odds Guaranteed Daily At Vickers.Bet Handicap Chase | 862129 | Wetherby | 87 | 24 | 5325 | The race at Chepstow fell apart and Tom (Lacey, trainer) has done the right thing because Imperial Alex was due to go up 12lb in the handicap - Stan Sheppard, jockey.||2024-03-17 | Imperial Alex | 3461233 | Capital Windscreens Supports Autism Charity Handicap Chase | 861149 | Chepstow | 12 | 23.5 | 5191 | The tempo of the race suited Imperial Alex as he's always been a bit keen, but they went a nice gallop and he settled lovely and jumped brilliantly the whole way; he didn't miss a beat. I'd say the race slightly fell apart but he's done it really well in the end. Some of his form is really good and he's fallen in today, it was about his turn - Stan Sheppard, rider, speaking to Sky Sports Racing."
Ffos Las,16:18,Copshill Lad,2919.0,4,10.8,8/1,Made it 2-4 over fences when he pulled clear with the second at Southwell; up 4lb,"Made it 2-4 over fences when he pulled clear with the second at Southwell (3m2f, good); no reason why he shouldn't be very competitive off 4lb higher.","2025-11-03 | Copshill Lad | 4129100 | BeatWright: Beat The Wright Way Novices' Handicap Chase (GBB Race) | 905357 | Hereford | 24 | 25 | 5544 | I was very pleased with Copshill Lad. I think the key was his jumping. We thought about going chasing when he was beaten at Ascot last year, but we wanted to give him a full season afterwards. He's not the fastest, but he's very genuine and he kept on galloping. Hopefully chasing can bring out further improvement - Harry Derham, trainer."
Ffos Las,16:18,Buckna,2915.76,5,10.7,8/1,Got himself back on track in the new cheekpieces when third to The Boola Boss at Chepstow,Dual chase winner who got himself back on track in the new cheekpieces when third to The Boola Boss at Chepstow; no good thing to reverse those placings despite a 5lb pull on the winner but definite each-way chance.,
Ffos Las,16:18,Arrycan,2874.56,6,10.2,17/2,Four-time winner over fences but a 12yo now and his stable debut was a quiet one,Four-time winner over fences but a 12yo now and his stable debut was a quiet one.,"2023-06-11 | Arrycan | 2765343 | Ladbrokes Handicap Chase | 842948 | Punchestown | 195 | 21 | 4620 | Arrycan came out of the Kilbeggan race well and is probably one for the bigger, more galloping tracks. He got into a lovely rhythm and he jumped for fun. We'll probably aim for the Galway Blazers - Liam Cusack, trainer.||2021-10-09 | Arrycan | 2765343 | Adare Manor Opportunity Handicap Chase | 795285 | Fairyhouse | 182 | 23.5 | 5220 | Good ground is the key to Arrycan and Eoin got him into a lovely rhythm. He stays well. We could go for the opportunity handicap chase at Leopardstown over Christmas  - Liam Cusack, trainer.||2021-06-12 | Arrycan | 2765343 | Molson Coors Opportunity Beginners Chase | 786933 | Downpatrick | 179 | 23.5 | 5170 | Arrycan had a promising debut (over fences) in Limerick and he has improved a lot from that run. He had a little look around after the back of the last but he rattled away up the hill then - Eoin Walsh, jockey."
Ffos Las,16:18,Fairlawn Flyer,2874.36,7,10.2,17/2,Capable stayer but a bit risky today after his last two performances,"Won five in a row last year (good-soft), including the 3m6f Highland National at Perth; has been rather quiet in last two races, as he was beaten 21l when third over 3m5f and then was pulled up at Kelso (4m); capable but a bit risky today.","2025-06-27 | Fairlawn Flyer | 3257914 | Krol Corlett Handicap Chase (GBB Race) | 896439 | Cartmel | 9 | 25.5 | 5607 | Fairlawn Flyer is a dude of a horse and has won a lot of races. He has a very good attitude. I've ridden the second horse two or three times now and I just didn't want to give him too much company and time to fight back. He's won on soft ground before, so I suppose if it comes up soft ground here again he might come in again. He stays very, very well - Sean Bowen, jockey, speaking to Racing TV."
Ffos Las,16:18,Hell Hound,2856.88,8,10.0,9/1,Bumper/hurdle winner who completed the set on only his second run over fences,"Bumper/hurdle winner who completed the set on only his second run over fences at Southwell (3m, good), where he won cosily by 3l; fair shout off 6lb higher but might not appreciate too much rain (good to soft would be acceptable).",
Ffos Las,16:18,Balkardy,2288.8,9,5.0,16/1,Followed two modest runs over hurdles with a pull-up on his return to fences,Multiple winner but hasn't become easy to predict and followed two modest runs over hurdles with a pull-up on his return to fences at Ludlow; others safer.,
Ffos Las,16:18,Galop De Chasse,2036.4,10,3.4,25/1,Too well handicapped to ignore but wouldn't be the percentage call,"He was weakening when falling in a small field at Bangor (2m4f, soft) and then tailed off at Newbury; too well handicapped to ignore but wouldn't be the percentage call.",
Ffos Las,16:48,Albert Park,2347.84,1,14.8,11/2,No better for cheekpieces or this headgear combination in his last three races,No better for cheekpieces or this headgear combination in his last three races and he's now 0-15; unconvincing.,
Ffos Las,16:48,Mind Hunter,2297.56,2,13.8,6/1,Hasn't won for ages but latest 9l defeat over C&D was after a lengthy break,Hasn't won for ages but latest 9l defeat over C&D was after a lengthy break; each-way claims.,
Ffos Las,16:48,Bells Of Ufford,2227.08,3,12.5,7/1,Late interference no help when a 5l fourth in this new headgear combination last time,Perhaps best on goodish ground so the weather needs watching; it was good to soft when a 5l fourth in this new headgear combination at Chepstow in March and some late interference didn't help; chance.,
Ffos Las,16:48,This Sway,2052.88,4,9.7,9/1,Winner in March; below that level since and wouldn't be a certain stayer over this far,"Rain welcomed as the ground was soft when making all at Southwell in March (2m) but beaten 11l and 23l in his subsequent races in new cheekpieces; dropped 3lb for those, so only 4lb above his win; wouldn't be a certain stayer over this far.",
Ffos Las,16:48,Kylenoe Dancer,1972.8,5,8.5,10/1,Absences in her profile and was pulled up at Fontwell when back from the latest,Has won a handicap (off 6lb lower) but there are long absences in her profile and she was pulled up when returning from one at Fontwell in March.,
Ffos Las,16:48,Mancero,1949.16,6,8.2,11/1,Building some momentum and was only 2l off the front-running Lion Of The Desert here,French hurdles winner; building some momentum and was only 2l off the front-running Lion Of The Desert here a fortnight ago; 2lb better off with the winner.,
Ffos Las,16:48,Dublin To Milan,1921.08,7,7.8,11/1,Seven-race maiden over hurdles who has shown no worthwhile form in three handicap chases,"Seven-race maiden over hurdles who has shown no worthwhile form in three handicap chases since February; tries blinkers, but cheekpieces did nothing for him.",
Ffos Las,16:48,Jukebox Joker,1872.4,8,7.2,12/1,"Last run was too bad to be true, but had been in excellent form prior to that","Won at Warwick (2m3f, good to soft) and then ran well behind next-time-out winner at Sedgefield (2m4f, good to soft); a chance on all that and his Ludlow run in February was too bad to be true.",
Ffos Las,16:48,Lion Of The Desert,1803.8,9,6.4,12/1,Failed to stay 3m two runs back and then made all over C&D two weeks ago; up 3lb,"Failed to stay 3m two runs back and then made all over C&D two weeks ago, scoring by 2l (several hurdles were omitted); off only 3lb higher he should be on the scene once more.",
Ffos Las,16:48,Makinbecon,1781.68,10,6.2,12/1,"Has offered little in his four runs, only ninth of 14 in a 3m handicap three weeks ago","Has offered little in his four runs, only ninth of 14 in a 3m handicap three weeks ago; tries cheekpieces.",
Ffos Las,16:48,Play On Court,1318.48,11,2.4,33/1,Only the one effort of any real note and goes handicapping with much to prove,Showed more in the new blinkers when beaten 13l in a 2m Exeter maiden but produced a lesser performance next time and now goes handicapping with much to prove.,
Ffos Las,16:48,Alba Crus,1315.48,12,2.4,33/1,Bumper winner; middle hurdle run was respectable and now enters handicaps,"Bumper winner on good ground; two underwhelming runs over hurdles but the middle effort was respectable and he now enters handicaps; this mark is no gift, however.",
Ffos Las,17:22,Radharc Na Slaine,2448.8,1,15.6,5/1,Running well when last seen and likely to feature if fitness isn't an issue,"1-14 as a chaser; won at Stratford in September (2m6f, good) and fair efforts since then; can go well if fitness isn't an issue on first run since October.",
Ffos Las,17:22,Of Corse I Can,2436.8,2,15.4,5/1,Won two 3m2f handicap chases in October but went a bit cold afterwards,Won two 3m2f handicap chases in October but went a bit cold afterwards and he's back from a lengthy break here.,
Ffos Las,17:22,Bahtiyar,2425.32,3,15.2,11/2,Encouraging second at Warwick 12 days ago but rain would scupper his chance,"9lb out of the weights when not beaten far at Warwick 12 days ago (2m4f, good); 1lb lower here but rain would scupper his chance.",
Ffos Las,17:22,Rangatira Jack,2316.88,4,13.1,13/2,"1-19 overall, though the win did come over fences; however, hasn't fired for a while","1-19 overall, though the win did come over fences; however, hasn't fired for a while, despite attracting market support on his return to hurdles last time.",
Ffos Las,17:22,Lelant,2140.4,5,10.2,17/2,Dual winner but nothing positive to take from his last two races,Two good-ground wins during the winter but nothing positive to take from his last two races and the weather forecast doesn't bode well.,
Ffos Las,17:22,Boston Joe,1926.68,6,7.3,12/1,Goes well here and latest fifth at the track can be upgraded; chance,"Goes well here, gaining fourth course success with a narrow verdict in March (2m3f, soft); beaten 8l behind L'Empire Vert off this 4lb higher mark on his return visit but he was held up in a race that favoured those ridden handier; good chance.",
Ffos Las,17:22,Jacks A Legend,1923.2,7,7.3,12/1,Clouted the second last when beaten 3.25l at Newton Abbot (2m5f),"Point/hurdle winner; only his third run over fences when beaten 3.25l at Newton Abbot (2m5f, good to soft) and he clouted the second last; considered.","2023-11-28 | Jacks A Legend | 2654607 | Best Odds Guaranteed At PlanetSportBet Novices' Handicap Hurdle | 853081 | Southwell | 61 | 16 | 3482 | Jack's A Legend has always been a nice horse, it's just been a case of getting him right ? the engine is too big for the frame, I think. We're only a small stable, but he's the best we've got - Alan Jones, trainer."
Ffos Las,17:22,Lokis Mischief,1908.56,8,7.1,12/1,Placed over hurdles and again on his chase debut at Exeter; steps up in distance,Placed over hurdles and again on his chase debut at Exeter when fitted in a first-time hood; that aid is missing here but stepping up from 2m3f looks favourable.,
Ffos Las,17:22,LEmpire Vert,1794.68,9,5.9,12/1,Made all here in April; effectively 9lb higher as a 3lb claimer was employed last time,"Second career win when making pretty much all here last month (2m3f, good to soft); effectively 9lb higher as a 3lb claimer was employed last time, while stamina for this far is unproven; still needs a second look given current wellbeing.",
Ffos Las,17:22,Sawpit Samantha,1432.4,10,2.9,33/1,0-14 over hurdles and finished ahead of one rival in his two chase starts; new headgear,0-14 over hurdles and has finished ahead of one rival in his two chase starts; more new headgear tried from 6lb out of the weights.,
Ffos Las,17:22,Jacks Jury,42.48,11,0.0,50/1,Course winner over hurdles but remains to be seen what he'll make of fences,"Stable debut when winning a 2m4f hurdle here in March (soft) but hasn't built on that, albeit after going up 7lb; remains to be seen what he'll make of fences.",
Hereford,17:42,Edgewell,3158.8,1,30.6,9/4,"2-2 over C&D, namely wins this spring; yet to score above Class 5","Record of 3-13 over fences; 2-2 over C&D, namely good-ground wins this spring; below par at Fontwell in hat-trick attempt but has possibilities back here; admittedly yet to score above Class 5.",
Hereford,17:42,The Gypsy Davey,2744.4,2,19.6,4/1,3-3 at Hereford (2m/2m5f); new trip is the question mark,"Achieved nothing on return from layoff last time but may well prove resurgent returned to Hereford with the outing under his belt, being 3-3 here (2m/2m5f); new trip is the question mark.",
Hereford,17:42,Mahler Moon,2549.96,3,15.5,5/1,In great form on good ground this spring and may well remain competitive,"In great form on good ground this spring, winning twice and running well in between; raised only a further 2lb for Wincanton performance (3m1f) last time; likely to remain competitive.","2026-03-18 | Mahler Moon | 4211315 | Weatherbys nhstallions.co.uk Novices' Handicap Chase (GBB Race) | 913430 | Huntingdon | 26 | 23.5 | 5189 | Mahler Moon never gave up and neither did Jonny Burke. He's enjoyed the better ground - Fergal O'Brien, trainer, speaking to Racing TV."
Hereford,17:42,Petty Cash,2422.56,4,13.2,13/2,"This may be the time to catch him, with tongue-tie applied for the first time","Record of 1-8 over fences; has had wind surgery twice, yet made a respiratory noise in two of his last three outings; this may be the time to catch him, with tongue-tie applied for the first time.",
Hereford,17:42,Maximum Offers,2292.72,5,11.1,8/1,Beat the only other finisher by a wide margin over C&D last time; up just 2lb; respected,Beat the only other finisher by 35l over C&D (good) last month on third chase attempt and second start in cheekpieces; open to further progress in this sphere and warrants respect up just 2lb.,"2025-03-12 | Maximum Offers | 5441323 | Visit Huntingdon For Your Next Conference Maiden Hurdle (GBB Race) | 888212 | Huntingdon | 26 | 16 | 3471 | Maximum Offers is a six-year-old but he's still weak and will get better with age and also get further - Gavin Sheehan, jockey."
Hereford,17:42,Smurfette,2215.72,6,10.0,9/1,Consistent mare who ran creditably last time when bidding for Southwell double; solid,Consistent mare who is 3-11 over fences; ran creditably (close second) last time when bidding for a Southwell double (3m/3m2f); up another 3lb but again looks a solid contender.,
Hereford,18:12,Whatcombe,2405.84,1,46.4,11/10,"May be capable of a resurgent display, with this contest being far from strong","Hasn't progressed from a good 2yo effort and he holds weak claims on Flat/hurdles form for current yard; however, may be capable of a resurgent display, with this contest being far from strong.",
Hereford,18:12,Backer Bilk,1935.0,2,23.3,3/1,AW Flat winner; never landed a blow over C&D last time but this is weaker,"Has shown most of his Flat form on AW, winning once; never landed a blow over C&D switched to hurdles last time but this looks a weaker race.",
Hereford,18:12,Machete Beach,1824.28,3,19.3,4/1,Two Flat wins; absent since finishing third in Plumpton maiden hurdle a year ago,"Lightly raced 5yo who scored twice on Flat in 2024 for previous yard; absent since compromising his chance by taking a good hold in Plumpton maiden hurdle (2m, good; finished third) a year ago, but respected in terms of ability in this weak race and may show progress if he settles better.","2024-04-10 | Machete Beach | 5809876 | Download The Racecourse App Raceday Ready Restricted Maiden Stakes (Bands C And D) (GBB Race) | 863492 | Lingfield (AW) | 393 | 10 | 2200 | Machete Beach is quite a nice horse but he's exceptionally raw. We were going to run him at the end of the month at Windsor but I thought the ground could be a bog. This didn't look the strongest of races and it would be good to get him out on the all-weather. He was tricky to get on, going in the stalls was an issue and he was spooking at puddles and flowers. I don't think they went very quick and he did very well to pick up and battle. He's a good-looking horse and I think he just did it on raw ability so hopefully there's more to come. We'll go for another novice now - Harry Charlton, trainer."
Hereford,18:12,Noble Don,1526.4,4,11.0,8/1,Far from solid on rules form but latest task was difficult,Showed promise in points but looks far from solid on rules form; admittedly faces a more realistic task than at Newbury last time.,
Hereford,18:12,Alex The Great,19.32,5,0.0,50/1,AW Flat winner; beaten long way over C&D switched to hurdles last time,Three-time AW winner at a modest level on Flat; beaten long way over C&D switched to hurdles time; opposed.,"2025-03-31 | Alex The Great | 4597224 | £30 In Free Bets With BetUK Handicap | 889578 | Wolverhampton (AW) | 513 | 14 | 3079 | You never want to be giving too much ground away [at the start] but even so, Alex The Great is a horse who wants to be coming off a pace. We're still learning about him but he's put that [below-par] Newcastle run behind him - Tony Carroll, trainer."
Hereford,18:12,Haderach,1.2,6,0.0,50/1,Combination of wind surgery and fitting of aids needs to make a huge difference,Dismal claims on form; combination of physical tweak (wind surgery) and fitting of tongue-tie/hood needs to make a huge difference.,
Hereford,18:47,Earth King,3269.0,1,19.5,4/1,Back on latest winning mark and recent comeback in a higher class was encouraging.,"Four-time winner over hurdles who had looked to be in the grip of the handicapper since wining at Uttoxeter (2m7f, good) in July; however, he's now back on that winning mark and his latest fourth of four at Taunton (3m, good) in a Class 3 was encouraging; respected.",
Hereford,18:47,The Long Walk,3125.4,2,16.9,9/2,Mixed form this season but enters calculations based on his second over C&D last month.,"Mixed form last season; peak efforts included third at Market Rasen (2m2f) on Boxing Day and most recently when runner-up over C&D last month, beaten 6.5l off this mark; not guaranteed to back that up but in the mix if doing so.",
Hereford,18:47,I Spy A Diva,3084.8,3,16.3,5/1,Largely respectable efforts last season and arguably weighted to win if ready to go.,"Four wins over hurdles (at up to 3m) in 2022 and 2023; missed all of 2024; although yet to match that original level since returning from an absence in October, they have been largely respectable efforts and she's arguably weighted to win, if ready to go after a 124-day break.",
Hereford,18:47,Musique De Fee,3075.4,4,16.1,5/1,Pulled up over fences and well held back in this sphere latest; hard to recommend.,"Hasn't looked straightforward since finishing runner-up at Wetherby in October, pulling up on debut for this stable and well held back in this sphere at Perth last month; hard to recommend on current evidence.","2025-05-26 | Musique De Fee | 4992643 | Molson Coors Handicap Hurdle (GBB Race) | 894132 | Cartmel | 9 | 25.5 | 5583 | Musique De Fee is so tough. I never run horses that quickly again and she looked really green on Saturday and like she was not having it, but she came out of it lively. She doesn't know how to lose, but I thought turning in we'd be second. Josh [Bryan, jockey] was tactically brilliant, and she stuck her neck out and had her head down when it really mattered - Georgina Nicholls, trainer.||2025-03-08 | Musique De Fee | 4992643 | DragonBet: Oncourse And Online Conditional Jockeys' Handicap Hurdle | 887314 | Hereford | 24 | 25.5 | 5619 | I must say a big thank-you to Sean Bowen, who rode Musique De Fee six days ago. I rang him this morning and all he said was to kick on with her and he was right - Finn Lambert, jockey, speaking to Sky Sports Racing."
Hereford,18:47,Queens Venture,3047.48,5,15.6,5/1,Pulled up at Chepstow when last seen but bounce-back not ruled out returning from a break.,"Signed off for Dan Skelton with two wins last summer (about 2m6f); shaped well on stable debut when third at Newcastle in November but pulled up at Chepstow three weeks later, both at about 3m; off 150 days but she's won off similar breaks in the past and not ruled out if back on song.",
Hereford,18:47,Double Click,3040.4,6,15.5,5/1,3m1f Ffos Las winner last time; now 5lb higher but still enters calculations.,Proved well suited by the step back up to 3m1f and good ground when keeping on well to score at Ffos Las last month; faces a different question here off 5lb higher but likely to be thereabouts if reproducing the effort.,"2025-01-11 | Double Click | 4201366 | DragonBet Still Best Odds Guaranteed Handicap Hurdle (Div II) | 885920 | Ffos Las | 1212 | 20 | 4400 | Double Click does need a double click and you have to get him into a nice rhythm jumping well. He's had a couple of runs this season, but he might have needed the runs, and the team has him going very well. He likes the new trip and I couldn't be happier - Will Featherstone, jockey.||2024-03-21 | Double Click | 4201366 | Ashcroft Services Conditional Jockeys' Training Series Handicap Hurdle (Racing Excellence Series) | 861202 | Chepstow | 12 | 16 | 3531 | It's great for young Will [Featherstone, jockey]. It's his fourth winner for us and his third this season, so he's going well and I'm thrilled for him. Double Click likes soft ground, he likes two miles and he likes passing horses, so the combination kind of worked - Jamie Snowden, trainer."
Hereford,18:47,Chavez,53.2,7,0.0,50/1,Formerly useful but soundly beaten on both starts for this stable and best watched.,"Very well handicapped on some of his old form for Willie Mullins but, following a layoff, was soundly beaten on his two starts for Venetia Williams (both 3m); probably best watched at present.","2023-01-25 | Chavez | 3282260 | Fairyhouse For Your Fundraiser Beginners Chase | 831692 | Fairyhouse | 182 | 16 | 3520 | Chavez had a few sticky jumps early but if he can put that together there will be more improvement in him. Hopefully he can sharpen up - Danny Mullins, rider."
Hereford,19:17,Oakley,3036.44,1,20.1,7/2,C&D winner in November but hasn't matched that level since and remains on a stiff mark.,"Ended a losing sequence over C&D in November; below that level in three runs since, although recent return at Stratford was a little more encouraging; more needed off his current mark but he has place claims.",
Hereford,19:17,Cluain Chormaic,2970.6,2,18.8,4/1,Has shaped with promise on all four runs over hurdles and brings potential to handicaps.,"Progressive type who showed promise in two runs over hurdles in Ireland and has shaped well on both starts for this stable, making the frame on both occasions; latest was at Fontwell (2m3f, good to soft) in April; enters handicaps with plenty of potential.",
Hereford,19:17,Donnie Azoff,2940.28,3,18.2,4/1,Needs to bounce back from a poor in November but he's won off a similar break before.,"Five-time hurdle winner, including over 2m5f here in October when ridden by Isabelle Ryder, form which gives him a solid chance; beaten 35l at Fontwell (2m3f, good to soft) in November and needs to bounce back but he's won off a similar break in the past.","2023-09-09 | Donnie Azoff | 3118138 | Gordon Field Star Shines Brightly Novices' Hurdle (GBB Race) | 846904 | Stratford | 67 | 16.5 | 3590 | We ran Donnie Azoff over 2m5f at Newton Abbot last time and they went a strong gallop. I thought that was more his sort of trip than this, but I had the lead today and I took advantage of it in a stop-start sort of race. My lad grabbed it by the horns - I gave him a squeeze and he picked up well. He should skip over fences but doesn't, he's a big horse but maybe doesn't have much scope - Gavin Sheehan, rider, speaking to RacingTV."
Hereford,19:17,Pike Road,2860.8,4,16.7,9/2,Thorough stayer who was unsuited down in trip latest and that could find him out again.,"Thorough stayer, a dual winner over 2m7f last season, latterly on soft ground at Uttoxeter in November; dropped in class at Southwell on latest start but proved unsuited by the drop to 2m4f, and this trip is likely to find him out again.",
Hereford,19:17,Mount Anglesby,2698.48,5,13.9,6/1,"Failed to match the level of March's Warwick win latest, but likely to be in the mix.","The winner of two of his six starts for this stable, most recently at Warwick (2m5f, good to soft) in March off 4lb lower, but didn't quite match that level when fourth (2m4f, good) at Plumpton last month; may need to find more but likely to be in the mix.","2025-11-01 | Mount Anglesby | 4942600 | Grundon Waste Management Conditional Jockeys' Novices' Handicap Hurdle (GBB Race) | 904460 | Ascot | 2 | 19.5 | 4243 | I had planned on going down the paint to be honest, but Byzantium was already there. I thought in hindsight Mount Anglesby wants every bit of this trip as we have run him over two and a half miles and three miles in point-to-points. With the ground being on the lively side, I wanted to make use of him and get first run on everyone so being two off the rail probably wasn't a bad thing as I wasn't going to get trapped in. We were all stacked up turning in and it was lucky that I did turn out wider. He got first run on them and he saw it really well, but he is tough - Toby McCain-Mitchell, rider."
Hereford,19:17,American Sniper,2604.4,6,12.4,7/1,Hard to predict but could play a leading role off a good mark if at his best.,"Has become hard to predict, as his 16l fourth at Taunton (2m3f, good) in January would suggest, having failed to back up a decent effort there the previous month; back on his last winning mark and could play a leading role if at his best.","2024-11-07 | American Sniper | 4144676 | Pertemps Network Handicap Hurdle (Pertemps Hurdle Series Qualifier) (GBB Race) | 878917 | Newbury | 36 | 24 | 5332 | It was a nice opportunity today. It was the first time over this trip, so we were going into the unknown a little bit, but we got a soft enough lead and American Sniper was able to save plenty - Jack Tudor, jockey.||2023-11-17 | American Sniper | 4144676 | Lycetts Insurance Brokers Conditional Jockeys' Handicap Hurdle (Challenger Stayers' Series Qual') | 851932 | Cheltenham | 11 | 21 | 4620 | We fancied both runners and had the first and third [Paricolor]. We'll enjoy this before thinking about anything else. We put the tongue-tie on which probably helped and American Sniper likes the better ground - David Pipe, trainer."
Hereford,19:17,Individualiste,29.24,7,0.0,50/1,Lost his way in Ireland and offered little on March's stable debut; too much to prove.,Lost his way over fences in Ireland and showed no signs of an immediate revival when pulled up reverting to hurdles on stable debut in March; too much to prove at present.,"2024-12-15 | Individualiste | 3593774 | Irish Stallion Farms EBF Handicap Chase | 883958 | Navan | 193 | 20.5 | 4520 | If anything Individualiste probably travelled a little too easily. I thought he got left there [in front] a little bit soon and he probably idled a little bit but when Charlie [O'Dwyer, rider of the runner-up] came to me I always felt like I was holding him. His confidence seems to be getting up and hopefully he can keep improving - Keith Donoghue, jockey, speaking on Racing TV."
Hereford,19:47,Triple Haych,2010.68,1,41.5,11/8,Has achieved little over hurdles and it's difficult to make a case for him.,"Runner-up in a point but has achieved very little over hurdles (2m-2m3f), including on first completed start in handicaps when beaten 39l at Chepstow last month; difficult to make a case for.",
Hereford,19:47,American Empire,1785.24,2,28.5,5/2,Returned from a break following a wind op with a solid third over C&D last month; player.,"Bumper winner who made the frame in his first two runs over hurdles before a disappointing effort at Fakenham (2m, good to soft) in October, after which he underwent wind surgery; returned from a break to finish a solid third over C&D last month and, still unexposed, may have more to offer now switching to handicaps.",
Hereford,19:47,Tao Enki,1430.36,3,14.1,6/1,"Looks on stiff mark, despite 4lb drop, judged on his recent handicap debut; headgear now.","Showed ability on three of his four runs over hurdles but looks on a stiff mark, despite a 4lb drop, judged on his recent handicap debut; now tries headgear.",
Hereford,19:47,Not So Sobers,1330.56,4,11.2,15/2,Beaten a long way on handicap hurdle debut in November; modest on Flat since.,"Displayed ability in four runs over hurdles but was beaten a long way on handicap hurdle debut at Exeter (2m, good) in November; down 3lb but with something to prove on the back of that effort; modest form on Flat since, towards rear ten days ago on latest start.",
Hereford,19:47,Southey,856.8,5,2.8,33/1,Returns to hurdles on a workable mark for new yard after an improved effort over fences.,"Showed promise on five starts over hurdles, making the frame on three occasions, and took a clear step forward from chase debut when finishing a close second at Ayr (2m, soft) in January; has since left Stuart Crawford for 6,500gns and now returns to hurdles on a workable mark.",
Hereford,19:47,Ettore,762.24,6,1.9,50/1,Cheekpieces go on for handicap debut and he's hard to dismiss representing top stable.,"Third over hurdles at Taunton (extended 2m, good) in March but failed to match that level on starts either side; cheekpieces are now applied for handicap debut and, while his jumping has lacked fluency at times, he's hard to dismiss representing top stable.",
Hereford,20:17,Daany,2257.08,1,24.0,3/1,Back to some form when second on chase debut last month; well treated if backing it up.,"Four-time hurdle winner, all at around 2m; made a belated switch to fences last month and shaped with plenty of encouragement when runner-up at Wincanton (2m, good), which also represented a return to some form; needs to back that up but he remains well treated and is one to consider.",
Hereford,20:17,Dannys Friend,2166.72,2,21.1,7/2,C&D winner who failed to see out 2m5f on good to soft last time; respected back in trip.,"C&D winner last month when well supported on just his second chase start off 7lb lower, but failed to build on that next time when seemingly not seeing out 2m5f on good to soft ground; comes back in trip and a return to the level of his win would give him claims.",
Hereford,20:17,Prairie Queen,2152.88,3,20.6,7/2,Best to forgive latest effort; on a fair mark and could figure reverting to fences.,"Still winless after 20 starts but placed over hurdles and fences at up to 2m4f (all on a sound surface); did too much too soon when failing to see it out at Exeter (2m, good) last time but had been running consistently well beforehand from this sort of mark and could have a part to play back over fences.",
Hereford,20:17,OGradys Hill,1937.16,4,14.8,11/2,Overall profile remains disappointing and connections are now reaching for blinkers.,"Best effort for current stable came when a well-held third at Taunton (2m2f, good) in March but her overall profile remains disappointing; the blinkers need to spark significant improvement.",
Hereford,20:17,Kally Des Bruyeres,1678.52,5,9.4,9/1,Produced a good performance from the front last time and the 5lb rise may not stop him.,"Dual hurdle winner who was having only his second run over fences when making all for a narrow success at Market Rasen (2m1f, good) one month ago ridden by Charlie Maggs; 5lb higher but that was a good performance and he remains open to improvement in this sphere; leading contender.","2024-11-03 | Kally Des Bruyeres | 5299442 | Follow Us On X @betrhino Maiden Hurdle (GBB Race) | 877827 | Huntingdon | 26 | 16 | 3471 | We rated Kally Des Bruyeres very highly last year as one of our nicest young horses. He's clearly benefited from a wind op, and the better ground probably helped him - David Dennis, trainer."
Hereford,20:17,Away For The Night,1667.72,6,9.2,9/1,Has taken well to fences and the 4lb rise for his recent win looks manageable.,"Six-race maiden over hurdles but already shaping as a better proposition over fences, building on an encouraging second on debut to get off the mark at Plumpton (2m1f, good) last month; 4lb rise looks fair given the likelihood of further progress and he can make his presence felt.",
Hereford,20:17,Fox Wallace,764.8,7,0.8,50/1,Continues to struggle for form and the cheekpieces need to turn things around.,"2m1f chase winner at Stratford a year ago but has largely struggled to reproduce that level, including after wind surgery; continues to ease in the weights and cheekpieces are enlisted, but others arrive with much more persuasive credentials.",
Hereford,20:17,Kill The Groove,474.6,8,0.2,50/1,"0-7 over hurdles, though placed, but her recent chase debut was underwhelming.","0-7 over hurdles though reaching the frame on three starts at Plumpton this year, all over 2m; made an underwhelming switch to fences last month at Fontwell (2m3f, good to soft) trailing in last of the five finishers; needs to raise her game.",
Hereford,20:17,Mi Sueno,38.04,9,0.0,50/1,Well treated but needs to build on a return to form last time; now switched to fences.,"Dual soft-ground hurdle winner (handles good) in early 2024 but had been badly out of sorts prior to his second at Taunton (2m, good) last month; now switches to fences and needs to build on that revival, though he remains attractively treated on old form.",
Wolverhampton (AW),18:30,Bossy Parker,722.24,1,27.1,5/2,C&D winner in March and then stretched by 9.4f last month; one to consider,"Winning for the third time at Wolverhampton, and his first over further than 7f, when landing a C&D handicap in March; his stamina looked stretched by 9.4f when fourth 18 days ago; not ruled out back down in distance.","2022-09-07 | Bossy Parker | 4303253 | Irish Stallion Farms EBF Premier Nursery Handicap (Premier Handicap) | 820870 | Cork | 596 | 7 | 1540 | Bossy Parker was plenty raw and just started to lug left when he hit the front. I think he was well on top and the right horse won. When he got there he just ran around a bit. He did it the last day and when the horse came to him he went again. He's plenty green but he'll improve - Jamie Powell, rider"
Wolverhampton (AW),18:30,Angels Call,690.12,2,23.4,3/1,His win came over 5f and his stamina is still a major query,Course winner but over 5f; nothing to suggest he wants this far though and easy enough to look elsewhere.,
Wolverhampton (AW),18:30,Prince Ali,676.56,3,22.0,7/2,Conditions to suit and ran a sound race over C&D four weeks ago; each-way shout,"Four course wins, including two over this trip, and he ran his best race for a while when third over C&D four weeks ago; each-way shout.","2025-03-12 | Prince Ali | 2996830 | £30 In Free Bets With BetUK Acca Club Handicap (Div II) | 890131 | Wolverhampton (AW) | 513 | 9.5 | 2084 | Prince Ali looks keen sometimes but he's just got a big stride and when they go steady you have to keep breaking his stride then he becomes keen. He doesn't do a lot when he gets there and I think this is his trip - Rab Havlin, jockey, speaking to Sky Sports Racing."
Wolverhampton (AW),18:30,Devious Devan,578.8,4,13.4,6/1,Regressive 5yo; hopes are pinned on the drop to 0-55 company turning things around,Thrown in on his 3yo form but he has gone the wrong way in a hurry and a wind operation last November hasn't arrested the slide; drops into his first 0-55 and has a good apprentice booked so a revival isn't completely out of the question.,
Wolverhampton (AW),18:30,Street Dancer,462.76,5,6.6,12/1,Some promise on handicap debut here two weeks ago (7f); new trip could spark extra,"Offered a bit more when a close fifth of eight over 7f here two weeks ago, her first handicap run; speed on bottom line of her pedigree but she is by Cracksman so this step up in trip could help.",
Wolverhampton (AW),18:30,Shielas Well,420.72,6,4.9,16/1,On a lowly mark and her last two runs have been okay; respected in new headgear,She should be well handicapped now and her last two runs have both been respectable; cheekpieces tried last time are now replaced by first-time blinkers; one to consider.,
Wolverhampton (AW),18:30,Al Baahy,339.48,7,2.5,33/1,2 wins over further in January; on winning mark but as a result of some modest recent runs,"Won twice in January, including over 9.4f here, and he is back to a winning mark after three disappointing runs this spring; not a solid option.",
Wolverhampton (AW),18:30,Fumbleinthejungle,36.8,8,0.0,50/1,Exposed 13-race maiden who has offered little for this yard after a mammoth absence,Exposed 13-race maiden who has offered little for this yard after a mammoth absence.,
Wolverhampton (AW),19:00,Bintaziza,1574.52,1,65.5,4/5,Justified favouritism at Newcastle in good style last month; big player despite penalty,Sent off favourite for an ordinary Newcastle maiden (1m) two weeks ago and she ran out a wide-margin winner; she has more on her plate under a penalty but she still commands plenty of respect.,
Wolverhampton (AW),19:00,Romance Spirit,1211.16,2,28.6,9/4,"Debut was promising (1m, AW); failed to fire at Ripon ten days ago but could bounce back",Promising second at Southwell on last month's debut (1m; form franked); disappointed as odds-on favourite at Ripon ten days ago (1m2f) when that tricky course didn't appear to suit; could fare better back at a more conventional track.,
Wolverhampton (AW),19:00,Guesstimate,665.96,3,4.3,20/1,Promise as a 2yo; too free on last month's reappearance; capable of better,Promise in two runs last year (7f and 1m); raced too freely and dropped right away when the 2-1 favourite for a Kempton maiden (1m) on last month's return to action; not much to find to play a leading role but she will need to settle better over today's extra yardage.,
Wolverhampton (AW),19:00,Midnight Media,490.28,4,1.6,50/1,Second run was promising; she would be of more interest in a minor handicap though,"Shaped with promise on her second run (1m, Polytrack); failed to back it up returned to Kempton last month; allotted a BHA mark of 62 and she would make more appeal in a minor handicap.",
Wolverhampton (AW),19:00,Symphonys Song,66.72,5,0.0,50/1,Modest form in one run for George Boughey 425 days ago; non-runner 2.58 Windsor Monday,Modest form in a 7f maiden at Newcastle in one run for George Boughey last March; non-runner 2.58 Windsor Monday.,
Wolverhampton (AW),19:00,Golden Mabel,18.4,6,0.0,50/1,Huge prices and well beaten in two fillies' novices this spring; no appeal,Huge prices and well beaten in two fillies' novices this spring; no appeal.,
Wolverhampton (AW),19:30,Tinsel,1161.4,1,40.7,11/8,Easily saw off Ziipwire over C&D in December and 3lb better off today; non-runner Monday,Off the mark at the sixth attempt when readily seeing off Zipwire over C&D in December; that rival has improved since but these weights offer him a good chance of confirming the placings; non-runner 3.33 Windsor Monday.,
Wolverhampton (AW),19:30,Lexington Express,1134.92,2,37.9,13/8,"On the up this spring, winning two of her last three; easy lead a possibility; contender","0-9 for Alice Haynes but she has won two of her five starts for Marco Botti, both front-running wins on AW; 3lb rise for narrow win 12 days ago asks a stiffer question but she should enjoy the run of the race.",
Wolverhampton (AW),19:30,Zipwire,927.32,3,20.0,4/1,"Two wins, including C&D, and a second since cheekpieces went on; should go well again","He had looked exposed prior to headgear going on in December but it sparked improvement, winning over 8.6f in December and following up over C&D in March; came up short in his hat-trick bid at Chelmsford (1m2f) 16 days ago but still ran well; respected.",
Wolverhampton (AW),19:30,Mimis Magic,401.2,4,1.4,50/1,Placed twice from four starts; improvement needed now handicapping but it's not impossible,"Placed in two of her four starts, the latest when third to Bintaziza (runs in the 7.00) at Newcastle two weeks ago (1m); needs more now handicapping but it is not out of the question.",
Wolverhampton (AW),20:00,Poetic Grace,600.2,1,29.4,9/4,Last month's handicap debut was encouraging; open to further progress,Down the field in three runs in the second half of 2025; better form when fourth of nine in a 1m handicap at Yarmouth (blinkered first time) two weeks ago; capable of better.,
Wolverhampton (AW),20:00,Musical Soldier,517.6,2,18.4,4/1,Unplaced all six starts; drops back to 7f with improvement required,"Has failed to make the frame in his six outings to date, only seventh of nine in an 8.6f Wolverhampton handicap six weeks ago; drops back to 7f with improvement.",
Wolverhampton (AW),20:00,Amazing Anita,513.28,3,17.9,9/2,Promising reappearance in March but no progress in two runs since; tricky draw; opposable,Ran a solid race at Southwell on her reappearance in March (1m; cheekpieces first time) but she hasn't built on it in two runs since; drawn wide and could prove vulnerable again.,
Wolverhampton (AW),20:00,Amber Hamur,487.12,4,15.2,11/2,"Weakened into 4th on handicap debut in March (7f, Polytrack); still has time to do better",Yet to progress from her debut effort and she weakened into a 6l fourth at Kempton on March's handicap debut (7f; sent off 7-2); can do better and it will be interesting to see if her backers return.,
Wolverhampton (AW),20:00,Apex Star,434.04,5,10.5,17/2,Third of five over C&D on handicap debut last month; low mileage but needs more to win,"Third of five, beaten 5.25l, behind the red-hot favourite over C&D last month; needs to raise his game a level to win but he does at least bring low mileage.",
Wolverhampton (AW),20:00,Power Of Chora,289.16,6,2.9,33/1,Late progress over 6f on recent handicap debut; unexposed but improvement essential,"Never going the pace on her handicap debut nine days ago (6f, good) but she did plug on well, beaten 3.5l at the finish; stepping back up in trip should suit but she will need to pull out more to defy this mark.",
Wolverhampton (AW),20:00,East India Breeze,249.2,7,1.8,50/1,Flopped when one of the market leaders on handicap debut in January; now tried in blinkers,Sent off the 4-1 second favourite for his handicap debut at Lingfield in January but he ended up last of the nine runners (7f); now tried in blinkers.,
Wolverhampton (AW),20:00,Evolve,246.0,8,1.7,50/1,Yet to shine in handicaps; drops in grade with cheekpieces added; risky,Promise in maiden/novice runs but he has been well beaten in two handicap runs (gelded after the first of them); down in grade and cheekpieces are added but he is not a solid option.,
Wolverhampton (AW),20:00,Amakhala,231.24,9,1.4,50/1,Poor form in four handicap runs this year; hard to fancy back up to 7f,Poor form in four handicap runs this year; hard to fancy back up to 7f.,
Wolverhampton (AW),20:00,Pink Diamond Girl,152.8,10,0.4,50/1,Weakened into 7th over C&D on March's handicap debut; low mileage but improvement required,"Similar form in four starts, weakening into seventh on her handicap debut over C&D seven weeks ago; well drawn to attack but she will need to raise her game.",
Wolverhampton (AW),20:00,Castlekeely,139.12,11,0.3,50/1,Best RPR came on his only AW run; risky but not impossible for his in-form stable,"Unplaced in three 6f novice runs for Eve Johnson Houghton last year; sent off the 4-1 favourite for his stable/handicap debut at Leicester three weeks ago (7f, good) but never featured; no better back at Leicester ten days ago but that was in a Class 5; down in the weights and his best RPR came in his only AW start so it's too soon to discount him completely.",
Wolverhampton (AW),20:00,Bear Steps,71.32,12,0.0,50/1,Potential improver now handicapping but stall 12 dents confidence today,Down the field in three 7f runs in novice/maiden company; there was money for her on debut and she could take a step forward in handicaps but the widest stall dents confidence today.,
Wolverhampton (AW),20:30,Colors Of Freedom,867.36,1,30.2,9/4,Consistent mare who goes well over C&D; losing run has crept up to 22 though,Hard to knock her consistency since winning over C&D last June but her losing run is up to 22; should run her race again but more minor money could be here best hope.,"2022-12-28 | Colors Of Freedom | 4624486 | talkSPORT Download The App Nursery Handicap | 827524 | Newcastle (AW) | 1353 | 6 | 1320 | Colours of Freedom has taken a little while to come to hand and I think that stiffer 6f has really played to her strengths. She's off a basement mark, so hopefully she can have a productive winter - Luke Morris, jockey, speaking to Sky Sports Racing."
Wolverhampton (AW),20:30,Isla Bella,721.0,2,16.8,9/2,Poor strike-rate but conditions suit and she ran well here eight days ago; each-way claims,Infrequent winner but conditions suit and she ran well for third over C&D eight days ago; each-way shout once again.,
Wolverhampton (AW),20:30,Tomarlo,714.0,3,16.3,5/1,Thrown in on Irish AW form; starts out for new yard off a reduced mark; interesting,"Fair AW form when trained in Ireland, recording an RPR of 69 as recently as November; ran poorly in his three starts for Barry Brennan this year but he has dropped 9lb for his troubles and starts out for a new yard at a low level; tongue-tie added; interesting.","2024-11-06 | Tomarlo | 5915791 | Book Online At dundalkstadium.com Nursery Handicap | 880946 | Dundalk (AW) | 1138 | 6 | 1320 | Tomarlo will actually end up being a nice horse. I think there is a nursery for him here in two weeks' time over five, so we'll see - David Marnane, trainer"
Wolverhampton (AW),20:30,Vault Of Heaven,645.84,4,11.9,7/1,0-13 but often backed and could still have a bigger run in him; now tried in blinkers,"13-race maiden; has attracted support on a few occasions, including at Doncaster on her seasonal return, and could yet have a bigger run in him; blinkers replace the hood or cheekpieces worn on his last three starts.",
Wolverhampton (AW),20:30,Kento,610.28,5,9.9,9/1,Two wins and four placed efforts from six runs this year; goes well for Rossa Ryan; solid,"In fine form on AW this year, winning twice over C&D and placed in his other four starts; record when ridden by Rossa Ryan is 333113; leading contender.",
Wolverhampton (AW),20:30,Black Cab,592.4,6,9.0,10/1,Placed in two classified events here (6f) in March; can't get the start wrong back at 5f,"Placed in two 6f 0-50 classified events here in March; slowly away last time, however, and won't be able to get away with that back at 5f.",
Wolverhampton (AW),20:30,Lismacbryan Hill,439.44,7,3.5,25/1,Not on a bad mark now starting out for a new stable; both wins have come at 6f; drawn wide,Her wins in Ireland came on the beach at Laytown (6f) and in a Dundalk handicap (6f); makes her stable debut after 139 days off; drawn widest but worth a market check.,
Wolverhampton (AW),20:30,Trust Sergei,383.2,8,2.3,33/1,Well-handicapped C&D winner; bolted to post and withdrawn at Doncaster last month; chance,Disappointed as favourite in a 6f handicap here six weeks ago but he is well handicapped on his 3yo best and he was notably short in the betting prior to being withdrawn at Doncaster last month (bolted to post); headstrong sort but more than capable of playing a role if not overdoing it in the preliminaries.,
Wolverhampton (AW),21:00,Daytona Lady,1540.12,1,28.3,5/2,Conditions to suit and she won well over C&D two weeks ago; strong early pace would help,Back to winning ways when seeing off five rivals over C&D (her third C&D success) two weeks ago; a 2lb rise doesn't handicap her out of things but she will need a good pace to aim at.,"2023-02-17 | Daytona Lady | 4277869 | It's Time To Turn To talkSPORT Handicap | 831524 | Southwell (AW) | 394 | 6 | 1336 | I don't think Daytona Lady liked Kempton the last day. She's been working very well at home - Darragh Keenan, rider, speaking to Sky Sports Racing."
Wolverhampton (AW),21:00,Court Drive,1324.4,2,17.6,9/2,Has claims on this winter's best but others look more persuasive for win purposes,Has claims on this winter's best and she didn't get a clear shot at it over C&D when last seen nine weeks ago; others still appeal more for win purposes.,
Wolverhampton (AW),21:00,Moostar,1266.48,3,15.2,11/2,Four good runs since a tongue tie was added; now tried in a visor; respected,Four runs in a tongue tie have seen her record formfigures of 2323; now has a visor added but she has been well beaten when tried in cheekpieces in the past.,"2024-09-16 | Moostar | 5900723 | Up To £25 Back With Bresbet Nursery Handicap (Div II) | 877147 | Thirsk | 80 | 6 | 1320 | Moostar was pretty good today. Speaking to Daryll [Holland, trainer] beforehand, he just said she is more of a galloper than a filly who quickens so I made use of that stride. She's still learning. I felt she wasn't doing a tap in front once I asked her a question and hopefully there's plenty more to come - Jason Watson, jockey, speaking to Racing TV."
Wolverhampton (AW),21:00,Magna,1250.72,4,14.7,11/2,"Won four of her last seven starts, including C&D; up in the weights but still improving","Prominent racer who has won four of her seven starts since dropped back to sprint trips, including C&D; 6lb higher mark to contend with but she is 2-2 for Rossa Ryan and looks booked for another big run.",
Wolverhampton (AW),21:00,Skellig Isle,1197.48,5,12.8,13/2,Not at best at Yarmouth last month but still has handicapping scope and this is easier,Came from well back to win a 5f handicap at Chelmsford on her stable debut in March; unable to reproduce that form at Yarmouth last month; still has handicapping scope and returning to 6f/Class 5 can help.,
Wolverhampton (AW),21:00,So Sassy,1156.72,6,11.4,15/2,On a winning mark and today's drop in grade will help; good chance if they go quick early,"Looked one to keep on the right side of when sweeping through late to win at Lingfield last summer (6f, AW); generally held her form since and she is now back to her winning mark; drops in grade today and she's a key player, albeit she could do with them going hard early.","2025-08-21 | So Sassy | 6363104 | Get Raceday Ready Fillies' Handicap | 900110 | Lingfield (AW) | 393 | 6 | 1321 | So Sassy has been a bit frustrating, I thought she would have won before now. This was the first time she's started to look really well ? earlier in the season she was just missing something. That will hopefully give her confidence and she'll go on from here. She won't mind a bit of cut in the ground either, so she should finish the season well - James Fanshawe, trainer."
Gowran Park,17:07,The Publicans Son,2568.36,1,38.5,6/4,"0-4 but smart stakes form in the book, beaten fav' over 1m latest, drop to 7f a plus",0-4 but rated 100 and has some smart stakes form in the book; disappointing that he couldn't justify favouritism in a 1m Cork median auction race last time but looks well worth giving another chance to dropped back to 7f.,
Gowran Park,17:07,Sancerre Rock,1979.72,2,16.9,9/2,"Eyecatcher after slow start at Limerick on debut, more streetwise now, could go well",Caught the eye making late gains after a tardy start on debut at Limerick 10 days ago when a 5.25l sixth of 10 at 22-1; should be more streetwise now and he could go well.,
Gowran Park,17:07,Starred,1799.28,3,12.5,7/1,"Solid 6f maiden efforts at the Curragh last year, 7f should suit, big chance if fit","All three starts over 6f at the Curragh; Ran poorly when 50-1 on debut last June; stronger in the betting the next twice and ran much better, beaten just 1l when third of 16 behind Mumhan (yld-sft) and beaten 2.25l when runner up behind Silk Braid (yielding); should appreciate the step up to 7f and big chance if ready after break.",
Gowran Park,17:07,Bamako Beach,1600.4,4,8.6,10/1,"Fine second on debut at Naas last September, now hooded, leading claims if fit","Excellent neck second of 16 on debut at Naas (7f, yld-sft) last September, headed close to home; off since and is hooded for return; leading claims if ready to rock after 229-day absence.",
Gowran Park,17:07,Absoluteassignment,1581.6,5,8.3,11/1,Improved effort at Limerick last time but probably one for handicaps,Showed a bit more when a 7.5l seventh of 10 at Limerick last time but will probably be seen to better effect when tackling handicaps.,
Gowran Park,17:07,Caslas Eagle,1486.96,6,6.8,12/1,"100-1 and midfield on debut over 1m here, same outcome at Cork on Sunday, much more needed",100-1 and midfield on debut over 1m here on soft ground; same story at Cork on Sunday; much more needed.,
Gowran Park,17:07,Shaws Bay,1285.64,7,4.3,20/1,"17-2 for debut over C&D (soft) and ran respectably, should improve",Sent off at 17-2 on debut over C&D (soft) last month and shaped nicely enough before fading late into an 8.5l fourth of 13; should improve for that initial experience.,
Gowran Park,17:07,Cosmic Funk,1212.48,8,3.6,25/1,"20-1 and never involved here on debut 13 days ago, much more needed",20-1 and never landed a blow here on debut 13 days ago; will need to improve plenty on that to get involved.,
Gowran Park,17:07,Spiritofthedawn,481.4,9,0.2,50/1,"Soundly beaten in both starts at Leopardstown and the Curragh, unlikely",Soundly beaten on debut at Leopardstown last June and similar outcome on seasonal return at the Curragh last month; unlikely.,
Gowran Park,17:07,Rodeo Blues,456.0,10,0.2,50/1,"28-1 and last on debut at Leopardstown, others make more appeal",28-1 and failed to beat a rival home on debut at Leopardstown last month; others make more appeal.,
Gowran Park,17:07,Starflow,223.04,11,0.0,50/1,"Poor form in both starts, tongue tie needs to transform",No impact on debut at Dundalk in December and same story on seasonal return here last month; tongue tie needs to have a dramatic effect.,
Gowran Park,17:07,Ragaire,95.68,12,0.0,50/1,"15-2 but only beat one of 24 rivals home on debut at the Curragh, can only watch now",Sent off at just 15-2 on debut at the Curragh 16 days ago but was always behind and beat just one of his 24 rivals home; can only be watched after that tame effort.,
Gowran Park,17:37,Western Bandit,1125.6,1,26.1,11/4,"Left debut run behind when fifth at Limerick latest, chance with repeat, tongue tied","Poor run over 9.5f here on debut early last month; much more like it when running on for a 3.5l fifth of 15 in a Limerick maiden 10 days ago (1m, yielding); chance if repeating that in first-time tongue tie, though is giving weight away to younger rivals.",
Gowran Park,17:37,Hippology,919.76,2,13.8,6/1,"Promise on debut, soundly beaten fav' on latest, capable of better but risky for now","Kept on for a 5.25l fifth of 15 on debut at Navan (1m, yielding) last October; sent off the 13-8 favourite on sole start since back at Navan (1m2f, heavy) in March (lost a shoe); surely capable of better than that but risky for now.",
Gowran Park,17:37,Casamorati,904.88,3,13.1,13/2,"Modest form in both maidens, qualifies for handicaps after this","Has run to a modest level in maidens here (9.5f, soft) and when dropped to 7f at Limerick last time; will qualify for handicaps after this.",
Gowran Park,17:37,Loch Gamhna,870.8,4,11.6,15/2,"Standout effort in hot Curragh maiden last year, not as good this season, a bit to prove","Standout effort on second start last season in a Curragh maiden (7f, sft-hvy) when a 2.25l third behind Causeway and Iron Lily when 100-1; soundly beaten on seasonal return at the Curragh (7f, sft-hvy) and well held in auction race at Cork last time; a bit to prove for now.",
Gowran Park,17:37,Satoyama,839.88,5,10.3,17/2,"Ran ok after blowing the start here on debut, could go well if gets away on level terms","Blew the start so did well in the circumstances to finish a 9l fifth of 13 on debut here last month (7f, soft) when a 7-2 shot; step up to 1m should suit on breeding and could go well if he gets away on level terms.",
Gowran Park,17:37,Captain Con,802.84,6,9.0,10/1,"Tailed off on return at Navan, hard to fancy on the back of that effort","Not disgraced on debut at the Curragh last July (7f, good); tailed off on first run since at Navan (1m2f, heavy) in March; hard to fancy on the back of that effort.",
Gowran Park,17:37,Leeward,726.88,7,6.5,12/1,"Moderate efforts in maidens at the Curragh and Cork, hard to fancy on form","Moderate efforts in maidens at the Curragh (1m2f, sft-hvy) and Cork (10.5f, gd-yld); drop in trip should suit but hard to make a case for on form.",
Gowran Park,17:37,Kalir,719.72,8,6.3,12/1,"Rated 78, improved effort at Dundalk latest, cheekpieces go on, big player",Rated 78 after three runs; just mild promise both starts last year but improved effort on seasonal return at Dundalk when a 1.5l third; rolled to the right that day so cheekpieces look a prudent addition; big player.,
Gowran Park,17:37,Stellar View,575.04,9,3.1,25/1,"Beaten similar distances both starts, sharper for C&D run latest, could run into the money",Has run to a similar level on both starts; 5.5l fifth of 14 on debut at Dundalk in November (7f); similar result on second start over this C&D (soft) last month; sharper for that and could run into the money.,
Gowran Park,17:37,Matada,255.12,10,0.2,50/1,"50-1 and no show on debut at Navan, may need more time",50-1 and beaten 22l on debut at Navan in March; may need more time.,
Gowran Park,17:37,Rolltight,102.24,11,0.0,50/1,"Soundly beaten sole start last year, best watched on seasonal return and stable debut",Soundly beaten when 16-1 on sole start for Jessica Harrington at Bellewstown last year; best watched on seasonal reappearance and stable debut.,
Gowran Park,17:37,Chico Chico,41.2,12,0.0,50/1,Impossible to fancy on what he showed in three starts last year,Impossible to fancy on the evidence of three runs last season.,
Gowran Park,17:37,Dun Aonghasa,35.24,13,0.0,50/1,"Modest fifth over 6f on debut at Dundalk, watch upped in trip on turf debut",16-1 and beaten 8.25l on debut in a 6f Dundalk maiden last month; likely best watched now stepping up in trip and switched to turf.,
Gowran Park,17:37,Faithful Follower,15.2,14,0.0,50/1,"Winning hurdler, hasn't looked like adding to tally on Flat, look elsewhere",Winning hurdler hasn't looked like adding to his tally in three starts on the Flat; look elsewhere.,
Gowran Park,18:07,Floresta,3421.44,1,23.0,10/3,"Progressive, Listed win last year, fine effort in Gr'2 Park Hill, 3lb penalty, big chance","Progressive last season; two wins from five starts including a Listed contest at Leopardstown (1m6f, good) by 4.25l; signed off with a very respectable 3.75l fifth in the Group 2 Park Hill at Doncaster (14.5f, gd-sft); carries a penalty but big chance if ready after 236 days off.",
Gowran Park,18:07,Snapretend,3055.4,2,16.1,5/1,"3lb better off for 0.5l defeat by Moody latest, stamina to prove, preferred by McMonagle","Won twice last season, a Punchestown maiden (9.5f, gd-yld) and a conditions race at Bellewstown (12.5f, soft); reeled in late on by Moody in Cork Listed race on return (1m4f, sft-hvy); 3lb better off for that 0.5l defeat so could turn that form around but not guaranteed to stay 1m6f on breeding; the choice of McMonagle.",
Gowran Park,18:07,Nuit,2870.4,3,13.2,13/2,"Maiden, Listed placed behind Floresta last season, ground a query here, tongue tied","Maiden has been highly tried at times to no avail but did pick up some black type when a 5.25l third behind Floresta in a Listed heat at Leopardstown (1m6f, good) last season; beaten in a Dundalk maiden when last seen in December; ground a concern on return; tongue tie goes on.",
Gowran Park,18:07,Contorsion,2775.28,4,11.8,7/1,"French maiden winner, bought for E100,000, new trip, overlooked by McMonagle, watch","French recruit one of four for yard; won maiden by 10l on debut for Andre Fabre at Saint-Cloud (1m4f, soft); suffered odds on defeat stepped into Listed company at Longchamp (1m4f, gd-sft); bought for E100,000 at Arqana in December; new trip here and overlooked by McMonagle so likely best watched after 320-day absence.",
Gowran Park,18:07,Denim And Diamonds,2751.52,5,11.5,15/2,"Limerick maiden winner, struggled both previous starts in Listed company, up against it","Sole success in Limerick maiden last June (1m4f, good); didn't really progress from that and finished well beaten both tries in Listed company last year; below best on seasonal return in a handicap here (1m4f, soft); this looks too demanding.","2025-06-21 | Denim And Diamonds | 6754617 | Follow Limerick On Instagram Maiden | 898053 | Limerick | 188 | 12.5 | 2710 | Denim And Diamonds had a few nice runs in Dundalk and progressed well since January. She relished getting her toe in the ground today and while it didn't look the strongest of races on paper, you'd love the way she quickened in the last furlong. Her work had also been nice coming into today and Ronan [Whelan] was very happy. Hopefully she can progress through the year - Shane Crosse, stable representative."
Gowran Park,18:07,Moody,2422.12,6,7.7,11/1,"Won 1m4f Cork Listed on stable debut, should stay this far, carries 3lb penalty, chance","French recruit got off to a perfect start for Paddy Twomey, landing a Listed heat at Cork (1m4f, sft-hvy), beating Snapretend by 0.5l; 3lb worse off with that rival now and is moving up in trip but her dam won over 1m6f so there's every chance she'll stay; headgear worn last time is retained.","2026-04-04 | Moody | 7722777 | Irish Stallion Farms EBF Noblesse Stakes (Listed Race) (Fillies & Mares) | 916952 | Cork | 596 | 12 | 2665 | I'm delighted for connections, Moody is the first horse I've had for them [owners]. She had two runs in France and looked to have a positive profile. She looks like a nice filly. We like these races in Cork. There's the Give Thanks and the Munster Oaks and I'd like to keep winning as many of those as I can, so we'll aim her at one of those - Paddy Twomey, trainer."
Gowran Park,18:07,Bay Colony,2284.88,7,6.4,12/1,"Maiden winner, decent handicap run on latest, much more needed, stamina to prove","1-8 on the turf, the win coming in a 1m4f Limerick maiden last season (1m4f, sft-hvy); decent run in premier handicap at the Curragh last time (1m2f, sft-hvy) but much more needed in this company; well beaten four previous starts in stakes races and stamina to prove.",
Gowran Park,18:07,Jannah Star,2119.56,8,5.1,16/1,"0-6 and rated 76, beaten in Bellewstown maiden latest, hard to make a case for",0-6 and rated 76; placed in all four maidens last year at 1m4f on varying ground; fourth in Bellewstown maiden latest; steps up in trip and class now; hard to make a case for on form.,
Gowran Park,18:07,Dippedinmoonlight,1727.84,9,2.6,33/1,"Dual-purpose, beaten off 86 in handicap on latest, lots more needed in new cheekpieces",Dual-purpose; point-to-point and bumper winner; 1-3 on the Flat; beaten off 86 in a 1m6f handicap at Navan (heavy) latest; major improvement needed in first-time cheekpieces.,
Gowran Park,18:07,Tamam Desert,1716.48,10,2.6,33/1,"No win since 2024, well beaten in Curragh handicaps last twice, hard to fancy",No win since landing a Galway maiden in 2024; well beaten on first two starts for this yard in Curragh handicaps at 1m and 1m2f on testing ground; hood worn for those runs discarded and upped in trip; hard to fancy.,
Gowran Park,18:38,Faiyum,3431.76,1,26.1,11/4,"C&D Group 3 winner last year, pleasing run on return last month, the one to beat","Won three of four starts last season, including a C&D Group 3 by 7l on heavy ground; also placed in a Naas Group 3 on good ground; solid return when a 2.5l third in the 1m Park Express at the Curragh last month; step back up to this trip a plus and should be too good for these, even giving weight away.","2025-09-20 | Faiyum | 7298737 | Denny Cordell Lavarack & Lanwades Stud Fillies Stakes (Group 3) | 902777 | Gowran Park | 184 | 9.5 | 2080 | We said Faiyum would grow a leg on this ground, that's why we've been so patient with her. She's twice the filly now than she was earlier on in the year and when second to Barnavara. I'm not in any rush with her and I'm not sure there's anything for her over ten furlongs. We'll talk to Barry [Mahon, Juddmonte racing manager] about whether we'll wait and have a proper campaign on soft ground next year - Ger Lyons, trainer.||2025-03-23 | Faiyum | 7298737 | Aesop's Fables At Compas Stallions Irish EBF Fillies Maiden | 891004 | Naas | 192 | 8 | 1760 | We knew Faiyum was nice but she's green as grass so there should be buckets of improvement in her. Her sister handled that ground so we didn't think it'd be a problem. The Park Express closed the other day and I put her in because I said it'd look silly if we didn't as we like her. No more than you'd expect for a Juddmonte filly so fingers crossed she can continue to progress - Ger Lyons, trainer."
Gowran Park,18:38,Lemsairbat,3199.44,2,20.9,7/2,"1-18 but lots of solid efforts in defeat including in Listed company, place chance","Poor strike-rate of 1-18 but has run plenty of solid races in defeat, including in Listed company; fine effort on seasonal return when 3l behind Beset in Listed heat at Naas (10.5f, soft); not beaten far when fifth of 12 in Longchamp Listed race latest (10.5f, gd-sft); place chance but overlooked by McMonagle.",
Gowran Park,18:38,Sindria,2635.48,3,11.3,15/2,"Impressive 1m winner here latest, up in trip and grade, preferred by McMonagle",Leopardstown maiden winner for Dermot Weld; no joy first two starts for this stable but off the mark on seasonal return in a 1m handicap here (soft) off 82; moves up in trip and steps into pattern company for the first time; interesting that McMonagle prefers her to Lemsairbat; place claims.,
Gowran Park,18:38,Apercu,2629.44,4,11.2,15/2,"Four-time handicap winner, soundly beaten in this last year, needs more","Four turf wins have come in handicaps, the latest in May last year at the Curragh off 92 (1m2f, good); beaten 3l off 92 on return at the Curragh 11 days ago; has come up short when tried in stakes company, including when down the field in this race last season; needs more.","2025-05-24 | Apercu | 5396360 | Tulfarris Hotel And Golf Resort Handicap (Premier Handicap) | 896062 | Curragh | 178 | 10 | 2200 | Apercu is a tough mare, she's improving and Billy knows her well. He gave her a great ride. She seems to go everywhere he wants her. She got it handy up front and he said himself that he probably got there a bit earlier than he thought. She was enjoying herself and was going sweetly. She battles and when the horse came back at her she just kept finding. She was tough out, she's a great filly to watch because she wears her heart on his sleeve. Barry Irwin, CEO of Team Valor, has been a great supporter of mine over the years. We have a few together as well at the moment. It's an exciting venture. This filly has done nothing but improve. She's been very easy to train and has given everybody a lot of fun - Andy Oliver, trainer."
Gowran Park,18:38,Shes A Nation,2372.48,5,8.1,11/1,"10l third in C&D Gr' 3 last year, poor seasonal return, return to better ground could help","Impressive 5l Curragh maiden winner over 1m (good) on debut last June; 10l third in heavy-ground C&D Group 3 next time out; trailed in last of 10 on seasonal return in Group 3 at the Curragh (1m, sft-hvy) but was reportedly showing signs of being in season; tongue tie now goes on; could improve for return to a sounder surface.","2025-06-27 | Shes A Nation | 7739779 | Silken Thomas Kildare Town Irish EBF Median Auction Maiden | 898615 | Curragh | 178 | 8 | 1760 | When you are looking for something to bring you along three out and they are running away with you it is great. I knew She's A Nation quickened up and there was nothing coming - Luke McAteer, jockey, speaking to RacingTV."
Gowran Park,18:38,Subsonic,2269.44,6,7.0,12/1,"Won Curragh maiden on final start last year, rated 88, this looks too big an ask","Got to within 0.5l of the top class Minnie Hauk on debut at Leopardstown in 2024 (1m, soft); off the mark on her fourth and final start of 2025 in a 1m2f Curragh maiden (yld-sft); rated 88 and this looks too big an ask on her seasonal return.",
Gowran Park,18:38,Lady Lilac,2243.6,7,6.8,12/1,"Maiden winner, rated 84, this looks too ambitious, cheekpieces worn latest discarded","Killarney maiden winner touched off on seasonal return in handicap at the Curragh (1m, sft-hvy) off 80; beaten 3l off 4lb higher at Limerick in first-time cheekpieces (discarded) 10 days ago; this looks too ambitious.","2025-05-25 | Lady Lilac | 7073234 | QuinnBet Spring Fillies Handicap (Premier Handicap) | 896068 | Curragh | 178 | 8 | 1760 | Lady Lilac is improving and with another year under her belt she will be a nice filly - Joseph Murphy, trainer."
Gowran Park,18:38,Abbey Actress,2029.84,8,5.0,16/1,"Solid form in handicaps, up against it on the figures here, best on very testing ground","Solid form in handicaps for John O'Donoghue; solid efforts in handicaps at the Curragh (1m, sft-hvy) and Leopardstown (1m2f, yld-sft) on first two runs for this stable; up against it on the figures here but if there's heavy rain she could sneak into the money.",
Gowran Park,18:38,Um Wadi,1832.48,9,3.6,25/1,"0-8 on turf, beaten in Limerick handicap latest, rated 77, out of her depth here",AW winner is 0-8 on turf and yet to trouble the judge; rated just 77 and beaten in a Limerick handicap on latest; surely out of her depth in this company.,
Gowran Park,19:08,Almeiyda,975.88,1,99.4,4/5,Irish Oaks entry has been beaten over 10 lengths on both outings over 1m; trip should help,Beaten over 10 lengths on both outings at 1m; Irish Oaks entry looks lofty but trip should help.,
Gowran Park,19:08,Venerini,189.6,2,0.6,50/1,Out the back when sent off 300-1 for Leopardstown debut,Out the back when sent off 300-1 for Leopardstown debut.,
Gowran Park,19:08,Grennanstown Lady,61.48,3,0.0,50/1,Well beaten in three hurdle outings and same story on Flat debut at Bellewstown.,Well beaten in three hurdle outings and same story on Flat debut at Bellewstown.,
Gowran Park,19:08,Pure Valour,1.2,4,0.0,50/1,Big prices and well held on first two outings.,Big prices and well held on first two outings.,
Gowran Park,19:38,Irynas Star,610.36,1,35.9,7/4,"Already looks pretty exposed after 11 starts, best effort when third over 7f on AW","Already looks pretty exposed after 11 starts, best effort when third to Beau Army over 7f on AW in January.",
Gowran Park,19:38,Hes Holding Court,507.56,2,20.0,4/1,Ridden prominently when beaten 4.5l against older rivals at Cork; dropped a handy 4lb,"Second Slattery-trained runner; keen and made a lot of the running when beaten 4.5l against older rivals over 1m at Cork, only giving best 1f out; not a bad run at all in the context of this race, and marksman dropped her 4lb; chance if settling better.",
Gowran Park,19:38,Aurora Mist,491.12,3,18.0,9/2,"Ran okay in back-end nurseries; 4-1 fav for course handicap over 7f last month, weakened","Yet to place but ran okay in back-end nurseries; 4-1 fav for course handicap over 7f last month, weakened out of contention; first try at 1m.",
Gowran Park,19:38,Cause I Like You,386.36,4,8.4,10/1,"Modest form at Dundalk, led when beaten little over 4l (1m) last time.","Just one moderate run on turf; other than that, modest form at Dundalk, led when beaten little over 4l (1m) last time.",
Gowran Park,19:38,Believe Believe,360.8,5,6.8,12/1,"Ran okay in 7f nursery here; 4-1 fav at Galway next start, but met trouble in running","Ran okay in 7f nursery here and well backed 4-1 fav at Galway next start, would have been a few places closer but for meeting trouble in running; cheekpieces tried there are left off for this return; hasn't fully shown his hand yet, and has been found a winnable contest if he's ready; draw has been kind too.",
Gowran Park,19:38,Ochtar Againn,301.4,6,3.9,20/1,Three maiden outings over 6f and middle run at the Curragh wasn't terrible; handicap debut,Three maiden outings over 6f and middle run at the Curragh wasn't terrible; handicap debut.,
Gowran Park,19:38,Femme Beauty,264.0,7,2.5,33/1,Fairly exposed after 11 starts; mark went back up 7lb after third in C&D claimer,"Fairly exposed after 11 starts; mark had been in decline until C&D third in claimer, under this inexperienced rider, saw it bumped back up by 7lb.",
Gowran Park,19:38,Beau Army,252.36,8,2.2,33/1,Solid record on AW; soft ground unhelpful when beaten 9l here on second-last outing,Has won over 6f/7f at Dundalk and runner-up over 1m there last time; probably didn't like soft ground when beaten 9l here on second-last outing.,
Gowran Park,19:38,Honey Dale,233.64,9,1.7,50/1,"Not a bad run at all when fifth over 7f here on soft, as  winner was thrown in","Not a bad run at all when fifth over 7f here on soft, as the winner was thrown in; first start at 1m, and hasn't been shaping as if she wants the extra distance.",
Gowran Park,19:38,Neon Eyes,143.08,10,0.4,50/1,"Three 7f runs at Dundalk over the winter, best of them when placed on debut; first h'cap","Three 7f runs at Dundalk over the winter, best of them when placed on debut; hood goes on for first handicap.",
Gowran Park,19:38,Tenacious,96.24,11,0.1,50/1,Not a bad run at Thurles on final start at two; well beaten in pair of AW handicaps,Not a bad run at Thurles on final maiden start at two; well beaten in pair of AW handicaps this term.,
Gowran Park,19:38,Ramair,49.04,12,0.0,50/1,Good run at 50-1 when third over this trip on h'cap bow at Dundalk; hasn't built on that,"Good run at 50-1 when third over this trip on handicap debut at Dundalk; hasn't built on that, latterly when tried over 10.5f.",
Gowran Park,19:38,No Bother Aoife,47.48,13,0.0,50/1,Unfancied for three AW maidens and didn't show loads;  better to come now given a mark,Second Cromwell-trained runner; unfancied for three AW maidens around the turn of the year; didn't show loads but there should be better to come now that she has a mark; tongue-tie.,
Gowran Park,19:38,Millhone,1.2,14,0.0,50/1,Half-sister to yard's 1m handicap winner Morse (RPR 85); may improve for handicap company,Half-sister to yard's 1m handicap winners Morse (RPR 85); may improve for entering handicap company.,
Gowran Park,20:08,Hale Bopp,774.8,1,21.3,7/2,"No win since 2023 and best on AW, but ran okay over 1m at Cork last time","No win since 2023 and best on AW, but ran okay over 1m at Cork last time when beaten a little over 3l in 18-runner contest.","2022-05-15 | Hale Bopp | 3102127 | Tote Always SP Or Better Handicap | 812290 | Naas | 192 | 8 | 1760 | Hale Bopp, like Bucky Larson is a nice horse to have around the place. Colin said there's a big one in him and he could hit it or miss it depending on the luck of the day - he's that type of horse. I think he's rock solid and could get a mile and two furlongs. He's learning after being immature - Ger Lyons, trainer."
Gowran Park,20:08,Carvalhal,748.4,2,19.1,4/1,Placed three times in a row (including over C&D) last June when headgear went on,Winner over 1m1f on quick ground in Britain; placed three times in a row (including over C&D) last June when headgear went on; form tailed off in the autumn.,
Gowran Park,20:08,Can I Kiss You,712.4,3,16.4,5/1,Unplaced in eight starts; one of her better efforts when beaten 4l at Thurles in October,Unplaced in eight starts; one of her better efforts when beaten 4l at Thurles in October; off since.,
Gowran Park,20:08,Thegooseiscooked,584.8,4,8.8,10/1,Belatedly came good last year with a string of placed efforts and a win over 9.5f here,Belatedly came good last year with a string of placed efforts and a win over 9.5f here (beating Skib Gold); not as effective over longer trips after and has been off since falling over hurdles in October.,
Gowran Park,20:08,Skib Gold,561.0,5,7.7,11/1,Won at a monster price over 9.5f here last summer;  shaped like he needed his comeback,Won at a monster price over 9.5f here in July and second back here next time; shaped like he needed comeback last month; likes good ground.,
Gowran Park,20:08,Half Nutz,485.24,6,4.9,16/1,Ages since his last win; comes out of the stalls in his own time before plugging on,Ages since his last win and comes out of the stalls in his own time before plugging on without threatening; something similar likely here.,"2022-09-24 | Half Nutz | 2654454 | William Hill Pick Your Winners Handicap | 822148 | Curragh | 178 | 7 | 1540 | Half Nutz is very straightforward but it just didn't fall right for him a few times. I was very happy with the way he ran in Listowel, he didn't get much of a run there. He's a horse that has to be ridden for luck, it didn't happen in Listowel but it happened today - Johnny Murtagh, trainer.||2020-08-23 | Half Nutz | 2654454 | Weatherbys GSB Handicap (Premier Handicap) | 765341 | Naas | 192 | 6 | 1320 | We tried him over five and Wayne got off him the last day and said this was his trip. He's improving. Last year he was running a bit free and just a bit hard on himself but now he's as sweet as a nut. We could try him over seven now if something comes up as he's much easier to ride - trainer Sheila Lavery."
Gowran Park,20:08,Young Churchill,458.84,7,4.1,20/1,"Maiden hurdle winner last summer; best Flat form is over farther, but poor last twice","Maiden hurdle winner last summer; best Flat form is over farther, but poor last twice and doubtful that dropping back to 1m is the answer.",
Gowran Park,20:08,Hell Left Loose,447.36,8,3.8,25/1,Close third over C&D (soft) on second-last start; well held over 7f back here since,Old boy won easily over C&D on heavy ground in the autumn and close third on soft here on second-last start; well held over 7f back here since.,"2020-09-11 | Hell Left Loose | 2364821 | King John's Castle Handicap (Div I) | 766603 | Limerick | 188 | 6.5 | 1470 | He's after winning three now and the only day he was beaten was over five (furlongs) at the Curragh. Between six and seven furlongs is ideal and today's ground was fine - Denis Hogan, trainer of Hell Left Loose||2020-09-05 | Hell Left Loose | 2364821 | Navanracecourse.ie Handicap (Div I) | 765921 | Navan | 193 | 6 | 1264 | He travelled really well. The shorter trip the last day didn't suit him and the bit extra trip today was more up his street. He likes him and hopefully there is another day or two in him - Joe Doyle, rider of Hell Left Loose"
Gowran Park,20:08,Staywitherjohnny,429.2,9,3.3,25/1,Promise in maidens but has disappointed in three handicaps on soft ground,"Promise in maidens but has disappointed in three handicaps on soft ground; better for last month's return, at least.",
Gowran Park,20:08,Kitty Bear,415.76,10,3.0,25/1,"Has won twice for Orla Tynan, including 3l defeat of Majestic King over 7f here last time","Has won twice for Orla Tynan, including 3l defeat of Majestic King over 7f here last month when ridden more patiently; up 8lb for that.",
Gowran Park,20:08,Bang Po,409.32,11,2.8,33/1,Sole win in 2023 and no worthwhile form last year or this.,Sole win in 2023 and no worthwhile form last year or this.,
Gowran Park,20:08,Majestic King,387.36,12,2.4,33/1,"Kept on takingly, after a slow start, to be second to Kitty Bear over 7f on h'cap debut","Well-bred Godolphin cast-off kept on takingly, after a slow start, to be second to Kitty Bear over 7f on handicap debut here; far from hard-ridden on that occasion and 1m should suit; must be a big player.",
Gowran Park,20:08,Shahada Ace,379.96,13,2.2,33/1,Bolted up in 7.5f handicap at Tipperary last summer but has been disappointing since,Bolted up in 7.5f handicap at Tipperary last summer but has been disappointing since; prefers good ground; handicapper starting to relent.,
Gowran Park,20:08,Ballymagreehan,211.48,14,0.4,50/1,"Best form on AW at Dundalk, a winner and twice placed over this trip; off three months","Best form on AW at Dundalk, a winner and twice placed over this trip; off three months and there's a race for him at Dundalk later this month.",
Gowran Park,20:08,Famous Enough,35.28,15,0.0,50/1,"Can start slowly but often comes home well, two wins over 1m and near-miss on AW latest","Can start slowly but often comes home well; two wins over this trip and would have been up in another stride or two at Dundalk last time; goes well at this, his local track, too.",
Gowran Park,20:08,Verhoyen,27.72,16,0.0,50/1,Grand veteran probably best at 6f/7f and quiet so far this term,Grand veteran probably best at 6f/7f and quiet so far this term.,"2022-05-20 | Verhoyen | 1398089 | William Hill Pick Your Places Handicap | 813071 | Curragh | 178 | 7 | 1540 | Verhoyen is competitive off this sort of mark and he wears his heart on his sleeve. We put the blinkers back on him today, the conditions suited him and I told Billy to ride him like it was a 6f race - Michael Grassick, trainer.||2021-05-22 | Verhoyen | 1398089 | Betway Handicap (Premier Handicap) | 785498 | Curragh | 178 | 5.5 | 1210 | Verhoyen broke very quick today and he was gone. He's not that well-handicapped, so the fresh ground and the draw really came good for him - Michael Grassick, trainer.||2019-07-20 | Verhoyen | 1398089 | Tote Scurry Handicap (Premier Handicap) | 735443 | Curragh | 178 | 6.5 | 1383 | I'm surprised how well Verhoyen stuck at it but he's well handicapped from what he's doing at home and on his two-year-old form in the Listed race. He's shown a level of ability but just hasn't been consistent. He just lost his way a bit last year but sometimes you see that with sprinters as three-year-olds. The Bold Lad could be a target for him. He only ran on Wednesday night so I'll give him a couple of easy weeks now. He deserves it - Michael Grassick, trainer.||2019-05-06 | Verhoyen | 1398089 | Curragh Where Champions Are Made Handicap | 729633 | Curragh | 178 | 6 | 1320 | He hit the stalls right today. He has that level of ability that he's able to carry weight in these sort of handicaps and when nothing got to me at around half way I was still almost coasting away. I thought a little bit that the game might have been up when I was joined by the runner-up after being out on my own that long, but he's a clever old boy and was saving a little bit for himself and he dug deep when I needed him - Billy Lee, rider of Verhoyen"
Saint-Cloud,14:05,Hello Jo,2573.2,1,31.0,2/1,Won an AW Listed event last time that has worked out well; needs to act on grass,"Progressing with racing on the AW and produced by far his best effort last time when winning a 1m1f Listed event on Polytrack at Chantilly, beating a rival who won a Group 3 next time; has the potential for better with the only issue to address is whether he can run to the same level on turf; doesn't hold any Group 1 entries.",
Saint-Cloud,14:05,Regal Resolve,2517.36,2,28.9,9/4,Ran well despite being fifth last time; sound claims on the figures,"Behind Waybreaker on debut last August but won next two, both on the AW, the last at Listed level, before finishing fifth in last month's Group 3 Prix de Fontainebleau (1m, good), shaping better than his position; sound claims if running to similar level.",
Saint-Cloud,14:05,Waybreaker,2289.36,3,21.4,7/2,Has a good level of form but bit more exposed than his rivals,"Had Regal Resolve behind when winning on debut and went on to land a Group 3 here over a bit shorter last October on soft ground when in the care of Christopher Head; hasn't stepped up massively from that since on the figures and, while not dismissed given the field size, a bit more exposed than his rivals.",
Saint-Cloud,14:05,Alam,2189.68,4,18.6,4/1,Only one of these that hasn't won but retains potential for better,Nicely bred colt who has shown plenty of promise but hasn't yet won a race; only beaten a head on his turf debut 32 days ago over C&D on soft but the figures leave him with a little bit to find.,
